1xxxx
cuda_name: cuda
Learning rate:  0.0005
Epochs:  2000
data1/processed/B3DB_classification_dict_comb_pos.ptxxxxxxxxxxx
Pre-processed data found: data1/processed/B3DB_classification_dict_comb_pos.pt, loading ...
Pos_data len: 4949
data1/processed/B3DB_classification_dict_comb_neg.ptxxxxxxxxxxx
Pre-processed data found: data1/processed/B3DB_classification_dict_comb_neg.pt, loading ...
neg_data len: 12921
NVIDIA GeForce RTX 3080 Ti
True
Training on 26000 samples...
78xxxxxx
0
Training on 26000 samples...
Train epoch: 1 [0/26000 (0%)]	Loss: 0.691760
Train epoch: 1 [267780/26000 (38%)]	Loss: 0.682148
Train epoch: 1 [509680/26000 (77%)]	Loss: 0.560572
Make prediction for 870 samples...
epoch: 1
AUC: 0.8225669077231536
TPR:  0.8841870824053452
precision:  0.7076648841354723
accuracy:  0.7517241379310344
MCC:  0.5165250244664871
1
Training on 26000 samples...
Train epoch: 2 [0/26000 (0%)]	Loss: 0.528934
Train epoch: 2 [262040/26000 (38%)]	Loss: 0.518054
Train epoch: 2 [498160/26000 (77%)]	Loss: 0.504622
Make prediction for 870 samples...
epoch: 2
AUC: 0.8424315845716797
TPR:  0.7683741648106904
precision:  0.7949308755760369
accuracy:  0.7781609195402299
MCC:  0.5566856785834822
2
Training on 26000 samples...
Train epoch: 3 [0/26000 (0%)]	Loss: 0.462054
Train epoch: 3 [257500/26000 (38%)]	Loss: 0.455403
Train epoch: 3 [510840/26000 (77%)]	Loss: 0.515331
Make prediction for 870 samples...
epoch: 3
AUC: 0.8581408143723978
TPR:  0.7394209354120267
precision:  0.8258706467661692
accuracy:  0.7850574712643679
MCC:  0.5745087888581992
3
Training on 26000 samples...
Train epoch: 4 [0/26000 (0%)]	Loss: 0.466635
Train epoch: 4 [261120/26000 (38%)]	Loss: 0.425978
Train epoch: 4 [516040/26000 (77%)]	Loss: 0.442587
Make prediction for 870 samples...
epoch: 4
AUC: 0.8692951875109112
TPR:  0.7126948775055679
precision:  0.851063829787234
accuracy:  0.7873563218390804
MCC:  0.5847817726294738
4
Training on 26000 samples...
Train epoch: 5 [0/26000 (0%)]	Loss: 0.435096
Train epoch: 5 [263660/26000 (38%)]	Loss: 0.416312
Train epoch: 5 [503240/26000 (77%)]	Loss: 0.494241
Make prediction for 870 samples...
epoch: 5
AUC: 0.8807484565860264
TPR:  0.888641425389755
precision:  0.7430167597765364
accuracy:  0.7839080459770115
MCC:  0.5766363721609286
5
Training on 26000 samples...
Train epoch: 6 [0/26000 (0%)]	Loss: 0.437290
Train epoch: 6 [253340/26000 (38%)]	Loss: 0.397499
Train epoch: 6 [511560/26000 (77%)]	Loss: 0.411119
Make prediction for 870 samples...
epoch: 6
AUC: 0.8904083500415279
TPR:  0.8507795100222717
precision:  0.7941787941787942
accuracy:  0.8091954022988506
MCC:  0.6187756414508919
6
Training on 26000 samples...
Train epoch: 7 [0/26000 (0%)]	Loss: 0.352554
Train epoch: 7 [256300/26000 (38%)]	Loss: 0.359744
Train epoch: 7 [536680/26000 (77%)]	Loss: 0.409319
Make prediction for 870 samples...
epoch: 7
AUC: 0.892492686307392
TPR:  0.7861915367483296
precision:  0.8588807785888077
accuracy:  0.8229885057471265
MCC:  0.6490770552769382
7
Training on 26000 samples...
Train epoch: 8 [0/26000 (0%)]	Loss: 0.333242
Train epoch: 8 [251480/26000 (38%)]	Loss: 0.428932
Train epoch: 8 [526320/26000 (77%)]	Loss: 0.388288
Make prediction for 870 samples...
epoch: 8
AUC: 0.9036391241555528
TPR:  0.8864142538975501
precision:  0.7850098619329389
accuracy:  0.8160919540229885
MCC:  0.6359535929193716
8
Training on 26000 samples...
Train epoch: 9 [0/26000 (0%)]	Loss: 0.381099
Train epoch: 9 [266760/26000 (38%)]	Loss: 0.371242
Train epoch: 9 [501080/26000 (77%)]	Loss: 0.386533
Make prediction for 870 samples...
epoch: 9
AUC: 0.9072152950076444
TPR:  0.8463251670378619
precision:  0.8444444444444444
accuracy:  0.8402298850574713
MCC:  0.6801065546730952
9
Training on 26000 samples...
Train epoch: 10 [0/26000 (0%)]	Loss: 0.317709
Train epoch: 10 [249700/26000 (38%)]	Loss: 0.369637
Train epoch: 10 [508520/26000 (77%)]	Loss: 0.372963
Make prediction for 870 samples...
epoch: 10
AUC: 0.9114262890879177
TPR:  0.799554565701559
precision:  0.9020100502512562
accuracy:  0.8517241379310345
MCC:  0.709121600570757
10
Training on 26000 samples...
Train epoch: 11 [0/26000 (0%)]	Loss: 0.352472
Train epoch: 11 [267420/26000 (38%)]	Loss: 0.368345
Train epoch: 11 [523920/26000 (77%)]	Loss: 0.383229
Make prediction for 870 samples...
epoch: 11
AUC: 0.9135264959344864
TPR:  0.8285077951002228
precision:  0.8963855421686747
accuracy:  0.8620689655172413
MCC:  0.7267622944893929
11
Training on 26000 samples...
Train epoch: 12 [0/26000 (0%)]	Loss: 0.326404
Train epoch: 12 [247420/26000 (38%)]	Loss: 0.317780
Train epoch: 12 [523080/26000 (77%)]	Loss: 0.371602
Make prediction for 870 samples...
epoch: 12
AUC: 0.916039337879373
TPR:  0.8106904231625836
precision:  0.896551724137931
accuracy:  0.8540229885057471
MCC:  0.7121439709308806
12
Training on 26000 samples...
Train epoch: 13 [0/26000 (0%)]	Loss: 0.332275
Train epoch: 13 [256120/26000 (38%)]	Loss: 0.383108
Train epoch: 13 [516240/26000 (77%)]	Loss: 0.330142
Make prediction for 870 samples...
epoch: 13
AUC: 0.9171344079479868
TPR:  0.8040089086859689
precision:  0.8957816377171216
accuracy:  0.8505747126436781
MCC:  0.7057939224385865
13
Training on 26000 samples...
Train epoch: 14 [0/26000 (0%)]	Loss: 0.359318
Train epoch: 14 [257720/26000 (38%)]	Loss: 0.358299
Train epoch: 14 [514600/26000 (77%)]	Loss: 0.285204
Make prediction for 870 samples...
epoch: 14
AUC: 0.9260642546910792
TPR:  0.8819599109131403
precision:  0.8497854077253219
accuracy:  0.8586206896551725
MCC:  0.7171417338391697
14
Training on 26000 samples...
Train epoch: 15 [0/26000 (0%)]	Loss: 0.329165
Train epoch: 15 [251080/26000 (38%)]	Loss: 0.371982
Train epoch: 15 [512920/26000 (77%)]	Loss: 0.302830
Make prediction for 870 samples...
epoch: 15
AUC: 0.9214300451253511
TPR:  0.8619153674832962
precision:  0.8580931263858093
accuracy:  0.8551724137931035
MCC:  0.7100090566114461
15
Training on 26000 samples...
Train epoch: 16 [0/26000 (0%)]	Loss: 0.322425
Train epoch: 16 [263840/26000 (38%)]	Loss: 0.313583
Train epoch: 16 [520840/26000 (77%)]	Loss: 0.337422
Make prediction for 870 samples...
epoch: 16
AUC: 0.9258420665612155
TPR:  0.8685968819599109
precision:  0.8666666666666667
accuracy:  0.8632183908045977
MCC:  0.726134769575125
16
Training on 26000 samples...
Train epoch: 17 [0/26000 (0%)]	Loss: 0.294226
Train epoch: 17 [250040/26000 (38%)]	Loss: 0.337083
Train epoch: 17 [512920/26000 (77%)]	Loss: 0.280422
Make prediction for 870 samples...
epoch: 17
AUC: 0.9267466896613747
TPR:  0.8975501113585747
precision:  0.8309278350515464
accuracy:  0.8528735632183908
MCC:  0.7070982471681752
17
Training on 26000 samples...
Train epoch: 18 [0/26000 (0%)]	Loss: 0.307281
Train epoch: 18 [255260/26000 (38%)]	Loss: 0.324373
Train epoch: 18 [526360/26000 (77%)]	Loss: 0.302635
Make prediction for 870 samples...
epoch: 18
AUC: 0.9300689312221935
TPR:  0.8262806236080178
precision:  0.9137931034482759
accuracy:  0.8701149425287357
MCC:  0.7444163563204975
18
Training on 26000 samples...
Train epoch: 19 [0/26000 (0%)]	Loss: 0.274573
Train epoch: 19 [257840/26000 (38%)]	Loss: 0.347105
Train epoch: 19 [509240/26000 (77%)]	Loss: 0.322206
Make prediction for 870 samples...
epoch: 19
AUC: 0.9335551687836259
TPR:  0.9198218262806236
precision:  0.8050682261208577
accuracy:  0.8436781609195402
MCC:  0.6931732472002341
19
Training on 26000 samples...
Train epoch: 20 [0/26000 (0%)]	Loss: 0.258685
Train epoch: 20 [258880/26000 (38%)]	Loss: 0.276726
Train epoch: 20 [523160/26000 (77%)]	Loss: 0.272375
Make prediction for 870 samples...
epoch: 20
AUC: 0.9312169032264889
TPR:  0.7572383073496659
precision:  0.9340659340659341
accuracy:  0.8471264367816091
MCC:  0.7093812647504806
20
Training on 26000 samples...
Train epoch: 21 [0/26000 (0%)]	Loss: 0.317111
Train epoch: 21 [263080/26000 (38%)]	Loss: 0.282843
Train epoch: 21 [512080/26000 (77%)]	Loss: 0.343021
Make prediction for 870 samples...
epoch: 21
AUC: 0.9321532674880575
TPR:  0.8708240534521158
precision:  0.8631346578366446
accuracy:  0.8620689655172413
MCC:  0.7238007453472468
21
Training on 26000 samples...
Train epoch: 22 [0/26000 (0%)]	Loss: 0.258670
Train epoch: 22 [257680/26000 (38%)]	Loss: 0.240062
Train epoch: 22 [508440/26000 (77%)]	Loss: 0.330782
Make prediction for 870 samples...
epoch: 22
AUC: 0.935009972014876
TPR:  0.8195991091314031
precision:  0.9177057356608479
accuracy:  0.8689655172413793
MCC:  0.7431036707886267
22
Training on 26000 samples...
Train epoch: 23 [0/26000 (0%)]	Loss: 0.302207
Train epoch: 23 [271220/26000 (38%)]	Loss: 0.257016
Train epoch: 23 [511400/26000 (77%)]	Loss: 0.288180
Make prediction for 870 samples...
epoch: 23
AUC: 0.9384485978341948
TPR:  0.8663697104677061
precision:  0.9025522041763341
accuracy:  0.8827586206896552
MCC:  0.7662425055607923
23
Training on 26000 samples...
Train epoch: 24 [0/26000 (0%)]	Loss: 0.233780
Train epoch: 24 [254380/26000 (38%)]	Loss: 0.377496
Train epoch: 24 [535800/26000 (77%)]	Loss: 0.259210
Make prediction for 870 samples...
epoch: 24
AUC: 0.9349941014341715
TPR:  0.821826280623608
precision:  0.9066339066339066
accuracy:  0.864367816091954
MCC:  0.7327054747697471
24
Training on 26000 samples...
Train epoch: 25 [0/26000 (0%)]	Loss: 0.226976
Train epoch: 25 [266420/26000 (38%)]	Loss: 0.212358
Train epoch: 25 [498240/26000 (77%)]	Loss: 0.306490
Make prediction for 870 samples...
epoch: 25
AUC: 0.9381258960265355
TPR:  0.8975501113585747
precision:  0.8611111111111112
accuracy:  0.8724137931034482
MCC:  0.7449174432927407
25
Training on 26000 samples...
Train epoch: 26 [0/26000 (0%)]	Loss: 0.293097
Train epoch: 26 [260800/26000 (38%)]	Loss: 0.274271
Train epoch: 26 [529560/26000 (77%)]	Loss: 0.241621
Make prediction for 870 samples...
epoch: 26
AUC: 0.9318570166482391
TPR:  0.8463251670378619
precision:  0.8983451536643026
accuracy:  0.871264367816092
MCC:  0.7440850616503382
26
Training on 26000 samples...
Train epoch: 27 [0/26000 (0%)]	Loss: 0.224348
Train epoch: 27 [259980/26000 (38%)]	Loss: 0.240476
Train epoch: 27 [500480/26000 (77%)]	Loss: 0.275345
Make prediction for 870 samples...
epoch: 27
AUC: 0.9390146485459904
TPR:  0.8819599109131403
precision:  0.8898876404494382
accuracy:  0.8827586206896552
MCC:  0.7653760354947953
27
Training on 26000 samples...
Train epoch: 28 [0/26000 (0%)]	Loss: 0.224191
Train epoch: 28 [262760/26000 (38%)]	Loss: 0.278106
Train epoch: 28 [517240/26000 (77%)]	Loss: 0.243173
Make prediction for 870 samples...
epoch: 28
AUC: 0.9396917933227176
TPR:  0.9042316258351893
precision:  0.8475991649269311
accuracy:  0.8666666666666667
MCC:  0.7342219972004596
28
Training on 26000 samples...
Train epoch: 29 [0/26000 (0%)]	Loss: 0.234263
Train epoch: 29 [254360/26000 (38%)]	Loss: 0.218043
Train epoch: 29 [533360/26000 (77%)]	Loss: 0.166672
Make prediction for 870 samples...
epoch: 29
AUC: 0.9410672436504451
TPR:  0.9086859688195991
precision:  0.864406779661017
accuracy:  0.8793103448275862
MCC:  0.7590256590896857
29
Training on 26000 samples...
Train epoch: 30 [0/26000 (0%)]	Loss: 0.256942
Train epoch: 30 [256120/26000 (38%)]	Loss: 0.234789
Train epoch: 30 [518400/26000 (77%)]	Loss: 0.269594
Make prediction for 870 samples...
epoch: 30
AUC: 0.9412259494574906
TPR:  0.8775055679287305
precision:  0.9016018306636155
accuracy:  0.8873563218390804
MCC:  0.7749743232366165
30
Training on 26000 samples...
Train epoch: 31 [0/26000 (0%)]	Loss: 0.181060
Train epoch: 31 [262480/26000 (38%)]	Loss: 0.172788
Train epoch: 31 [524280/26000 (77%)]	Loss: 0.228925
Make prediction for 870 samples...
epoch: 31
AUC: 0.9335498785900577
TPR:  0.8084632516703786
precision:  0.9166666666666666
accuracy:  0.8632183908045977
MCC:  0.7326507291087808
31
Training on 26000 samples...
Train epoch: 32 [0/26000 (0%)]	Loss: 0.214322
Train epoch: 32 [261300/26000 (38%)]	Loss: 0.255770
Train epoch: 32 [537760/26000 (77%)]	Loss: 0.189674
Make prediction for 870 samples...
epoch: 32
AUC: 0.9401044284210359
TPR:  0.8262806236080178
precision:  0.9251870324189526
accuracy:  0.8758620689655172
MCC:  0.756946271160891
32
Training on 26000 samples...
Train epoch: 33 [0/26000 (0%)]	Loss: 0.232378
Train epoch: 33 [256400/26000 (38%)]	Loss: 0.163760
Train epoch: 33 [532280/26000 (77%)]	Loss: 0.197738
Make prediction for 870 samples...
epoch: 33
AUC: 0.9382687312528766
TPR:  0.8953229398663697
precision:  0.8739130434782608
accuracy:  0.8793103448275862
MCC:  0.7584168186521677
33
Training on 26000 samples...
Train epoch: 34 [0/26000 (0%)]	Loss: 0.207509
Train epoch: 34 [259540/26000 (38%)]	Loss: 0.232755
Train epoch: 34 [501440/26000 (77%)]	Loss: 0.242278
Make prediction for 870 samples...
epoch: 34
AUC: 0.9399615931946949
TPR:  0.8819599109131403
precision:  0.8939051918735892
accuracy:  0.8850574712643678
MCC:  0.7700521371240711
34
Training on 26000 samples...
Train epoch: 35 [0/26000 (0%)]	Loss: 0.190856
Train epoch: 35 [268120/26000 (38%)]	Loss: 0.201749
Train epoch: 35 [503160/26000 (77%)]	Loss: 0.182682
Make prediction for 870 samples...
epoch: 35
AUC: 0.940601706616445
TPR:  0.8775055679287305
precision:  0.8995433789954338
accuracy:  0.8862068965517241
MCC:  0.7726104395674095
35
Training on 26000 samples...
Train epoch: 36 [0/26000 (0%)]	Loss: 0.164142
Train epoch: 36 [260280/26000 (38%)]	Loss: 0.232553
Train epoch: 36 [554560/26000 (77%)]	Loss: 0.180396
Make prediction for 870 samples...
epoch: 36
AUC: 0.9400621068724906
TPR:  0.8752783964365256
precision:  0.903448275862069
accuracy:  0.8873563218390804
MCC:  0.775114180843659
36
Training on 26000 samples...
Train epoch: 37 [0/26000 (0%)]	Loss: 0.159080
Train epoch: 37 [252840/26000 (38%)]	Loss: 0.197981
Train epoch: 37 [525160/26000 (77%)]	Loss: 0.165547
Make prediction for 870 samples...
epoch: 37
AUC: 0.9423210195261045
TPR:  0.9309576837416481
precision:  0.831013916500994
accuracy:  0.8666666666666667
MCC:  0.7377495338190577
37
Training on 26000 samples...
Train epoch: 38 [0/26000 (0%)]	Loss: 0.229164
Train epoch: 38 [260280/26000 (38%)]	Loss: 0.196776
Train epoch: 38 [519200/26000 (77%)]	Loss: 0.192021
Make prediction for 870 samples...
epoch: 38
AUC: 0.9337561961392168
TPR:  0.779510022271715
precision:  0.9259259259259259
accuracy:  0.8540229885057471
MCC:  0.718830238178307
38
Training on 26000 samples...
Train epoch: 39 [0/26000 (0%)]	Loss: 0.205789
Train epoch: 39 [262020/26000 (38%)]	Loss: 0.212133
Train epoch: 39 [502800/26000 (77%)]	Loss: 0.190867
Make prediction for 870 samples...
epoch: 39
AUC: 0.9404747419708086
TPR:  0.799554565701559
precision:  0.9522546419098143
accuracy:  0.8758620689655172
MCC:  0.763221788610629
39
Training on 26000 samples...
Train epoch: 40 [0/26000 (0%)]	Loss: 0.208904
Train epoch: 40 [257860/26000 (38%)]	Loss: 0.217478
Train epoch: 40 [521200/26000 (77%)]	Loss: 0.184196
Make prediction for 870 samples...
epoch: 40
AUC: 0.9414375572002179
TPR:  0.8663697104677061
precision:  0.9088785046728972
accuracy:  0.8862068965517241
MCC:  0.7734324561951736
40
Training on 26000 samples...
Train epoch: 41 [0/26000 (0%)]	Loss: 0.180786
Train epoch: 41 [263120/26000 (38%)]	Loss: 0.192137
Train epoch: 41 [517120/26000 (77%)]	Loss: 0.186473
Make prediction for 870 samples...
epoch: 41
AUC: 0.9437652423702184
TPR:  0.89086859688196
precision:  0.9009009009009009
accuracy:  0.8931034482758621
MCC:  0.7861164433884702
41
Training on 26000 samples...
Train epoch: 42 [0/26000 (0%)]	Loss: 0.164091
Train epoch: 42 [258020/26000 (38%)]	Loss: 0.170887
Train epoch: 42 [524360/26000 (77%)]	Loss: 0.168669
Make prediction for 870 samples...
epoch: 42
AUC: 0.9367927672473535
TPR:  0.8017817371937639
precision:  0.9254498714652957
accuracy:  0.864367816091954
MCC:  0.7366488093336407
42
Training on 26000 samples...
Train epoch: 43 [0/26000 (0%)]	Loss: 0.187753
Train epoch: 43 [260140/26000 (38%)]	Loss: 0.277944
Train epoch: 43 [523480/26000 (77%)]	Loss: 0.179989
Make prediction for 870 samples...
epoch: 43
AUC: 0.9437017600474
TPR:  0.8930957683741648
precision:  0.8970917225950783
accuracy:  0.8919540229885058
MCC:  0.7837243204420582
43
Training on 26000 samples...
Train epoch: 44 [0/26000 (0%)]	Loss: 0.140118
Train epoch: 44 [262500/26000 (38%)]	Loss: 0.213524
Train epoch: 44 [499520/26000 (77%)]	Loss: 0.175201
Make prediction for 870 samples...
epoch: 44
AUC: 0.9414587179744908
TPR:  0.7861915367483296
precision:  0.9388297872340425
accuracy:  0.8632183908045977
MCC:  0.7380004034627967
44
Training on 26000 samples...
Train epoch: 45 [0/26000 (0%)]	Loss: 0.217026
Train epoch: 45 [268960/26000 (38%)]	Loss: 0.175338
Train epoch: 45 [491560/26000 (77%)]	Loss: 0.153039
Make prediction for 870 samples...
epoch: 45
AUC: 0.9421887646868999
TPR:  0.8084632516703786
precision:  0.9404145077720207
accuracy:  0.8747126436781609
MCC:  0.7582669408074001
45
Training on 26000 samples...
Train epoch: 46 [0/26000 (0%)]	Loss: 0.169091
Train epoch: 46 [251900/26000 (38%)]	Loss: 0.250877
Train epoch: 46 [504360/26000 (77%)]	Loss: 0.141807
Make prediction for 870 samples...
epoch: 46
AUC: 0.9373535277655809
TPR:  0.7928730512249443
precision:  0.9417989417989417
accuracy:  0.867816091954023
MCC:  0.74667078962803
46
Training on 26000 samples...
Train epoch: 47 [0/26000 (0%)]	Loss: 0.175477
Train epoch: 47 [256780/26000 (38%)]	Loss: 0.166427
Train epoch: 47 [499440/26000 (77%)]	Loss: 0.169570
Make prediction for 870 samples...
epoch: 47
AUC: 0.943521893466082
TPR:  0.8574610244988864
precision:  0.9123222748815166
accuracy:  0.8839080459770114
MCC:  0.769520083425342
47
Training on 26000 samples...
Train epoch: 48 [0/26000 (0%)]	Loss: 0.136641
Train epoch: 48 [251680/26000 (38%)]	Loss: 0.161420
Train epoch: 48 [537960/26000 (77%)]	Loss: 0.209295
Make prediction for 870 samples...
epoch: 48
AUC: 0.941236529844627
TPR:  0.9064587973273942
precision:  0.8461538461538461
accuracy:  0.8666666666666667
MCC:  0.7344261918591285
48
Training on 26000 samples...
Train epoch: 49 [0/26000 (0%)]	Loss: 0.207595
Train epoch: 49 [255240/26000 (38%)]	Loss: 0.206533
Train epoch: 49 [533560/26000 (77%)]	Loss: 0.119699
Make prediction for 870 samples...
epoch: 49
AUC: 0.9428553290764909
TPR:  0.89086859688196
precision:  0.8791208791208791
accuracy:  0.8804597701149425
MCC:  0.7606378174836912
49
Training on 26000 samples...
Train epoch: 50 [0/26000 (0%)]	Loss: 0.158807
Train epoch: 50 [251840/26000 (38%)]	Loss: 0.141735
Train epoch: 50 [519520/26000 (77%)]	Loss: 0.150772
Make prediction for 870 samples...
epoch: 50
AUC: 0.9451724338593549
TPR:  0.8797327394209354
precision:  0.8936651583710408
accuracy:  0.8839080459770114
MCC:  0.7677953013160965
50
Training on 26000 samples...
Train epoch: 51 [0/26000 (0%)]	Loss: 0.120015
Train epoch: 51 [251820/26000 (38%)]	Loss: 0.110802
Train epoch: 51 [522280/26000 (77%)]	Loss: 0.265764
Make prediction for 870 samples...
epoch: 51
AUC: 0.9465584645742189
TPR:  0.9086859688195991
precision:  0.8908296943231441
accuracy:  0.8954022988505748
MCC:  0.7906178199778772
51
Training on 26000 samples...
Train epoch: 52 [0/26000 (0%)]	Loss: 0.160288
Train epoch: 52 [270940/26000 (38%)]	Loss: 0.146451
Train epoch: 52 [536160/26000 (77%)]	Loss: 0.113748
Make prediction for 870 samples...
epoch: 52
AUC: 0.941405816038809
TPR:  0.8552338530066815
precision:  0.9297820823244553
accuracy:  0.8919540229885058
MCC:  0.786949960008026
52
Training on 26000 samples...
Train epoch: 53 [0/26000 (0%)]	Loss: 0.166578
Train epoch: 53 [271280/26000 (38%)]	Loss: 0.112110
Train epoch: 53 [520720/26000 (77%)]	Loss: 0.113892
Make prediction for 870 samples...
epoch: 53
AUC: 0.940919118230536
TPR:  0.8173719376391982
precision:  0.9434447300771208
accuracy:  0.8804597701149425
MCC:  0.769030963447947
53
Training on 26000 samples...
Train epoch: 54 [0/26000 (0%)]	Loss: 0.139409
Train epoch: 54 [269980/26000 (38%)]	Loss: 0.156518
Train epoch: 54 [521080/26000 (77%)]	Loss: 0.154709
Make prediction for 870 samples...
epoch: 54
AUC: 0.9416544551365134
TPR:  0.8574610244988864
precision:  0.918854415274463
accuracy:  0.8873563218390804
MCC:  0.7768242257873919
54
Training on 26000 samples...
Train epoch: 55 [0/26000 (0%)]	Loss: 0.131174
Train epoch: 55 [255800/26000 (38%)]	Loss: 0.166176
Train epoch: 55 [504400/26000 (77%)]	Loss: 0.145345
Make prediction for 870 samples...
epoch: 55
AUC: 0.944045622629332
TPR:  0.8596881959910914
precision:  0.9278846153846154
accuracy:  0.8931034482758621
MCC:  0.7887736169055385
55
Training on 26000 samples...
Train epoch: 56 [0/26000 (0%)]	Loss: 0.092956
Train epoch: 56 [259540/26000 (38%)]	Loss: 0.118894
Train epoch: 56 [523560/26000 (77%)]	Loss: 0.115660
Make prediction for 870 samples...
epoch: 56
AUC: 0.9398399187426267
TPR:  0.9376391982182628
precision:  0.7913533834586466
accuracy:  0.8402298850574713
MCC:  0.6910315259868255
56
Training on 26000 samples...
Train epoch: 57 [0/26000 (0%)]	Loss: 0.222586
Train epoch: 57 [258500/26000 (38%)]	Loss: 0.133288
Train epoch: 57 [539160/26000 (77%)]	Loss: 0.186945
Make prediction for 870 samples...
epoch: 57
AUC: 0.9439292383708319
TPR:  0.8641425389755011
precision:  0.9216152019002375
accuracy:  0.8919540229885058
MCC:  0.7857577408757387
57
Training on 26000 samples...
Train epoch: 58 [0/26000 (0%)]	Loss: 0.142037
Train epoch: 58 [252500/26000 (38%)]	Loss: 0.147062
Train epoch: 58 [524400/26000 (77%)]	Loss: 0.098531
Make prediction for 870 samples...
epoch: 58
AUC: 0.9403054557766268
TPR:  0.8351893095768375
precision:  0.9398496240601504
accuracy:  0.8873563218390804
MCC:  0.7804563176763406
58
Training on 26000 samples...
Train epoch: 59 [0/26000 (0%)]	Loss: 0.119835
Train epoch: 59 [261520/26000 (38%)]	Loss: 0.120899
Train epoch: 59 [509360/26000 (77%)]	Loss: 0.146856
Make prediction for 870 samples...
epoch: 59
AUC: 0.9402631342280814
TPR:  0.8530066815144766
precision:  0.9341463414634147
accuracy:  0.8931034482758621
MCC:  0.7897703631104138
59
Training on 26000 samples...
Train epoch: 60 [0/26000 (0%)]	Loss: 0.099644
Train epoch: 60 [262840/26000 (38%)]	Loss: 0.112977
Train epoch: 60 [501120/26000 (77%)]	Loss: 0.104710
Make prediction for 870 samples...
epoch: 60
AUC: 0.9352321601447398
TPR:  0.8752783964365256
precision:  0.9076212471131639
accuracy:  0.8896551724137931
MCC:  0.7798705565177583
60
Training on 26000 samples...
Train epoch: 61 [0/26000 (0%)]	Loss: 0.135782
Train epoch: 61 [260740/26000 (38%)]	Loss: 0.153578
Train epoch: 61 [513280/26000 (77%)]	Loss: 0.153362
Make prediction for 870 samples...
epoch: 61
AUC: 0.9432626739812411
TPR:  0.8997772828507795
precision:  0.8840262582056893
accuracy:  0.8873563218390804
MCC:  0.7744767584056707
61
Training on 26000 samples...
Train epoch: 62 [0/26000 (0%)]	Loss: 0.151170
Train epoch: 62 [260560/26000 (38%)]	Loss: 0.164786
Train epoch: 62 [512200/26000 (77%)]	Loss: 0.137025
Make prediction for 870 samples...
epoch: 62
AUC: 0.9428526839797069
TPR:  0.8552338530066815
precision:  0.9230769230769231
accuracy:  0.8885057471264368
MCC:  0.7795646600533978
62
Training on 26000 samples...
Train epoch: 63 [0/26000 (0%)]	Loss: 0.106376
Train epoch: 63 [260240/26000 (38%)]	Loss: 0.118922
Train epoch: 63 [534480/26000 (77%)]	Loss: 0.125649
Make prediction for 870 samples...
epoch: 63
AUC: 0.9418713530728089
TPR:  0.8596881959910914
precision:  0.9146919431279621
accuracy:  0.8862068965517241
MCC:  0.7741222231675606
63
Training on 26000 samples...
Train epoch: 64 [0/26000 (0%)]	Loss: 0.112486
Train epoch: 64 [253540/26000 (38%)]	Loss: 0.128166
Train epoch: 64 [517280/26000 (77%)]	Loss: 0.133155
Make prediction for 870 samples...
epoch: 64
AUC: 0.9408926672626952
TPR:  0.8819599109131403
precision:  0.8939051918735892
accuracy:  0.8850574712643678
MCC:  0.7700521371240711
64
Training on 26000 samples...
Train epoch: 65 [0/26000 (0%)]	Loss: 0.108109
Train epoch: 65 [260960/26000 (38%)]	Loss: 0.090281
Train epoch: 65 [524320/26000 (77%)]	Loss: 0.166295
Make prediction for 870 samples...
epoch: 65
AUC: 0.9428077173343772
TPR:  0.8641425389755011
precision:  0.9216152019002375
accuracy:  0.8919540229885058
MCC:  0.7857577408757387
65
Training on 26000 samples...
Train epoch: 66 [0/26000 (0%)]	Loss: 0.144361
Train epoch: 66 [249240/26000 (38%)]	Loss: 0.101880
Train epoch: 66 [535520/26000 (77%)]	Loss: 0.149130
Make prediction for 870 samples...
epoch: 66
AUC: 0.9464156293478779
TPR:  0.8975501113585747
precision:  0.8818380743982495
accuracy:  0.8850574712643678
MCC:  0.7698707798852763
66
Training on 26000 samples...
Train epoch: 67 [0/26000 (0%)]	Loss: 0.125931
Train epoch: 67 [261000/26000 (38%)]	Loss: 0.136406
Train epoch: 67 [522080/26000 (77%)]	Loss: 0.150155
Make prediction for 870 samples...
epoch: 67
AUC: 0.9404271302286951
TPR:  0.8663697104677061
precision:  0.9088785046728972
accuracy:  0.8862068965517241
MCC:  0.7734324561951736
67
Training on 26000 samples...
Train epoch: 68 [0/26000 (0%)]	Loss: 0.107516
Train epoch: 68 [259180/26000 (38%)]	Loss: 0.072810
Train epoch: 68 [509640/26000 (77%)]	Loss: 0.091125
Make prediction for 870 samples...
epoch: 68
AUC: 0.9427865565601045
TPR:  0.8819599109131403
precision:  0.9145496535796767
accuracy:  0.896551724137931
MCC:  0.7936709548587735
68
Training on 26000 samples...
Train epoch: 69 [0/26000 (0%)]	Loss: 0.068470
Train epoch: 69 [254960/26000 (38%)]	Loss: 0.114563
Train epoch: 69 [506040/26000 (77%)]	Loss: 0.196338
Make prediction for 870 samples...
epoch: 69
AUC: 0.9414692983616271
TPR:  0.8463251670378619
precision:  0.9245742092457421
accuracy:  0.8850574712643678
MCC:  0.7734687958065518
69
Training on 26000 samples...
Train epoch: 70 [0/26000 (0%)]	Loss: 0.094992
Train epoch: 70 [256280/26000 (38%)]	Loss: 0.128597
Train epoch: 70 [504760/26000 (77%)]	Loss: 0.110982
Make prediction for 870 samples...
epoch: 70
AUC: 0.9382369900914674
TPR:  0.8329621380846325
precision:  0.9373433583959899
accuracy:  0.8850574712643678
MCC:  0.7758403991699033
70
Training on 26000 samples...
Train epoch: 71 [0/26000 (0%)]	Loss: 0.111791
Train epoch: 71 [260080/26000 (38%)]	Loss: 0.109057
Train epoch: 71 [505920/26000 (77%)]	Loss: 0.091009
Make prediction for 870 samples...
epoch: 71
AUC: 0.9437758227573547
TPR:  0.8819599109131403
precision:  0.9020501138952164
accuracy:  0.8896551724137931
MCC:  0.7794511217382452
71
Training on 26000 samples...
Train epoch: 72 [0/26000 (0%)]	Loss: 0.063265
Train epoch: 72 [260460/26000 (38%)]	Loss: 0.119346
Train epoch: 72 [534640/26000 (77%)]	Loss: 0.100294
Make prediction for 870 samples...
epoch: 72
AUC: 0.9387395584804448
TPR:  0.8797327394209354
precision:  0.9080459770114943
accuracy:  0.8919540229885058
MCC:  0.784314349162278
72
Training on 26000 samples...
Train epoch: 73 [0/26000 (0%)]	Loss: 0.077057
Train epoch: 73 [243900/26000 (38%)]	Loss: 0.118211
Train epoch: 73 [525760/26000 (77%)]	Loss: 0.128130
Make prediction for 870 samples...
epoch: 73
AUC: 0.9409984711340588
TPR:  0.888641425389755
precision:  0.8966292134831461
accuracy:  0.8896551724137931
MCC:  0.779179935938021
73
Training on 26000 samples...
Train epoch: 74 [0/26000 (0%)]	Loss: 0.084783
Train epoch: 74 [249660/26000 (38%)]	Loss: 0.106326
Train epoch: 74 [518280/26000 (77%)]	Loss: 0.075473
Make prediction for 870 samples...
epoch: 74
AUC: 0.945029598633014
TPR:  0.8552338530066815
precision:  0.9365853658536586
accuracy:  0.8954022988505748
MCC:  0.7943780630561358
74
Training on 26000 samples...
Train epoch: 75 [0/26000 (0%)]	Loss: 0.097100
Train epoch: 75 [255580/26000 (38%)]	Loss: 0.090574
Train epoch: 75 [523200/26000 (77%)]	Loss: 0.077760
Make prediction for 870 samples...
epoch: 75
AUC: 0.9407286712620814
TPR:  0.8062360801781737
precision:  0.9402597402597402
accuracy:  0.8735632183908046
MCC:  0.756227057596586
75
Training on 26000 samples...
Train epoch: 76 [0/26000 (0%)]	Loss: 0.110120
Train epoch: 76 [272840/26000 (38%)]	Loss: 0.173973
Train epoch: 76 [533280/26000 (77%)]	Loss: 0.163320
Make prediction for 870 samples...
epoch: 76
AUC: 0.9427072036565818
TPR:  0.8685968819599109
precision:  0.935251798561151
accuracy:  0.9011494252873563
MCC:  0.8047363729882343
76
Training on 26000 samples...
Train epoch: 77 [0/26000 (0%)]	Loss: 0.107854
Train epoch: 77 [256080/26000 (38%)]	Loss: 0.116249
Train epoch: 77 [518240/26000 (77%)]	Loss: 0.104554
Make prediction for 870 samples...
epoch: 77
AUC: 0.941056663263309
TPR:  0.8685968819599109
precision:  0.9176470588235294
accuracy:  0.8919540229885058
MCC:  0.7852621142942317
77
Training on 26000 samples...
Train epoch: 78 [0/26000 (0%)]	Loss: 0.102928
Train epoch: 78 [251000/26000 (38%)]	Loss: 0.098277
Train epoch: 78 [519160/26000 (77%)]	Loss: 0.078083
Make prediction for 870 samples...
epoch: 78
AUC: 0.9407048653910246
TPR:  0.8017817371937639
precision:  0.9448818897637795
accuracy:  0.8735632183908046
MCC:  0.7573692630761112
78
Training on 26000 samples...
Train epoch: 79 [0/26000 (0%)]	Loss: 0.112973
Train epoch: 79 [259080/26000 (38%)]	Loss: 0.084776
Train epoch: 79 [508440/26000 (77%)]	Loss: 0.097422
Make prediction for 870 samples...
epoch: 79
AUC: 0.9450348888265823
TPR:  0.8797327394209354
precision:  0.9143518518518519
accuracy:  0.8954022988505748
MCC:  0.7914553704220493
79
Training on 26000 samples...
Train epoch: 80 [0/26000 (0%)]	Loss: 0.085173
Train epoch: 80 [256800/26000 (38%)]	Loss: 0.079328
Train epoch: 80 [540920/26000 (77%)]	Loss: 0.097310
Make prediction for 870 samples...
epoch: 80
AUC: 0.942797136947241
TPR:  0.8864142538975501
precision:  0.9066059225512528
accuracy:  0.8942528735632184
MCC:  0.7886516790435966
80
Training on 26000 samples...
Train epoch: 81 [0/26000 (0%)]	Loss: 0.062952
Train epoch: 81 [259420/26000 (38%)]	Loss: 0.112255
Train epoch: 81 [517400/26000 (77%)]	Loss: 0.098633
Make prediction for 870 samples...
epoch: 81
AUC: 0.935147517047649
TPR:  0.8752783964365256
precision:  0.9203747072599532
accuracy:  0.896551724137931
MCC:  0.7942410383568285
81
Training on 26000 samples...
Train epoch: 82 [0/26000 (0%)]	Loss: 0.115829
Train epoch: 82 [266520/26000 (38%)]	Loss: 0.093302
Train epoch: 82 [525040/26000 (77%)]	Loss: 0.098083
Make prediction for 870 samples...
epoch: 82
AUC: 0.9425696586238091
TPR:  0.7728285077951003
precision:  0.961218836565097
accuracy:  0.8666666666666667
MCC:  0.7501248749920744
82
Training on 26000 samples...
Train epoch: 83 [0/26000 (0%)]	Loss: 0.154974
Train epoch: 83 [253100/26000 (38%)]	Loss: 0.283304
Train epoch: 83 [493240/26000 (77%)]	Loss: 0.100655
Make prediction for 870 samples...
epoch: 83
AUC: 0.9430431309481613
TPR:  0.8819599109131403
precision:  0.9187935034802784
accuracy:  0.8988505747126436
MCC:  0.7984444561295223
83
Training on 26000 samples...
Train epoch: 84 [0/26000 (0%)]	Loss: 0.073035
Train epoch: 84 [259220/26000 (38%)]	Loss: 0.074151
Train epoch: 84 [515920/26000 (77%)]	Loss: 0.083943
Make prediction for 870 samples...
epoch: 84
AUC: 0.9397076639034223
TPR:  0.8953229398663697
precision:  0.8973214285714286
accuracy:  0.8931034482758621
MCC:  0.786003149444599
84
Training on 26000 samples...
Train epoch: 85 [0/26000 (0%)]	Loss: 0.098150
Train epoch: 85 [250080/26000 (38%)]	Loss: 0.117076
Train epoch: 85 [517640/26000 (77%)]	Loss: 0.098167
Make prediction for 870 samples...
epoch: 85
AUC: 0.9409614397790815
TPR:  0.8641425389755011
precision:  0.9238095238095239
accuracy:  0.8931034482758621
MCC:  0.7881935007016548
85
Training on 26000 samples...
Train epoch: 86 [0/26000 (0%)]	Loss: 0.065436
Train epoch: 86 [255820/26000 (38%)]	Loss: 0.100565
Train epoch: 86 [517160/26000 (77%)]	Loss: 0.101766
Make prediction for 870 samples...
epoch: 86
AUC: 0.943291770045866
TPR:  0.8418708240534521
precision:  0.942643391521197
accuracy:  0.8919540229885058
MCC:  0.7892456720295076
86
Training on 26000 samples...
Train epoch: 87 [0/26000 (0%)]	Loss: 0.074073
Train epoch: 87 [260200/26000 (38%)]	Loss: 0.111136
Train epoch: 87 [497760/26000 (77%)]	Loss: 0.102369
Make prediction for 870 samples...
epoch: 87
AUC: 0.9444344518565935
TPR:  0.8864142538975501
precision:  0.9004524886877828
accuracy:  0.8908045977011494
MCC:  0.7815973409356005
87
Training on 26000 samples...
Train epoch: 88 [0/26000 (0%)]	Loss: 0.075645
Train epoch: 88 [259700/26000 (38%)]	Loss: 0.057000
Train epoch: 88 [514640/26000 (77%)]	Loss: 0.067772
Make prediction for 870 samples...
epoch: 88
AUC: 0.941032857392252
TPR:  0.8864142538975501
precision:  0.9170506912442397
accuracy:  0.9
MCC:  0.80049078324786
88
Training on 26000 samples...
Train epoch: 89 [0/26000 (0%)]	Loss: 0.071043
Train epoch: 89 [260380/26000 (38%)]	Loss: 0.091603
Train epoch: 89 [507640/26000 (77%)]	Loss: 0.169562
Make prediction for 870 samples...
epoch: 89
AUC: 0.9451036613429686
TPR:  0.8930957683741648
precision:  0.9072398190045249
accuracy:  0.8977011494252873
MCC:  0.7953993805551044
89
Training on 26000 samples...
Train epoch: 90 [0/26000 (0%)]	Loss: 0.092694
Train epoch: 90 [259600/26000 (38%)]	Loss: 0.127487
Train epoch: 90 [513880/26000 (77%)]	Loss: 0.036469
Make prediction for 870 samples...
epoch: 90
AUC: 0.9415724571362065
TPR:  0.8864142538975501
precision:  0.9170506912442397
accuracy:  0.9
MCC:  0.80049078324786
90
Training on 26000 samples...
Train epoch: 91 [0/26000 (0%)]	Loss: 0.056216
Train epoch: 91 [266120/26000 (38%)]	Loss: 0.081235
Train epoch: 91 [510640/26000 (77%)]	Loss: 0.067625
Make prediction for 870 samples...
epoch: 91
AUC: 0.9412788513931724
TPR:  0.8106904231625836
precision:  0.9357326478149101
accuracy:  0.8735632183908046
MCC:  0.7551528973989586
91
Training on 26000 samples...
Train epoch: 92 [0/26000 (0%)]	Loss: 0.072505
Train epoch: 92 [255140/26000 (38%)]	Loss: 0.080838
Train epoch: 92 [526880/26000 (77%)]	Loss: 0.044463
Make prediction for 870 samples...
epoch: 92
AUC: 0.9423845018489228
TPR:  0.8864142538975501
precision:  0.9107551487414187
accuracy:  0.896551724137931
MCC:  0.7933748543579701
92
Training on 26000 samples...
Train epoch: 93 [0/26000 (0%)]	Loss: 0.059605
Train epoch: 93 [259400/26000 (38%)]	Loss: 0.114485
Train epoch: 93 [505760/26000 (77%)]	Loss: 0.089193
Make prediction for 870 samples...
epoch: 93
AUC: 0.9445005792761958
TPR:  0.8841870824053452
precision:  0.9211136890951276
accuracy:  0.9011494252873563
MCC:  0.8030447347821981
93
Training on 26000 samples...
Train epoch: 94 [0/26000 (0%)]	Loss: 0.051063
Train epoch: 94 [262380/26000 (38%)]	Loss: 0.065383
Train epoch: 94 [528080/26000 (77%)]	Loss: 0.064081
Make prediction for 870 samples...
epoch: 94
AUC: 0.9403715831962292
TPR:  0.8864142538975501
precision:  0.9066059225512528
accuracy:  0.8942528735632184
MCC:  0.7886516790435966
94
Training on 26000 samples...
Train epoch: 95 [0/26000 (0%)]	Loss: 0.065032
Train epoch: 95 [251520/26000 (38%)]	Loss: 0.069831
Train epoch: 95 [532080/26000 (77%)]	Loss: 0.107149
Make prediction for 870 samples...
epoch: 95
AUC: 0.9420670902348317
TPR:  0.8329621380846325
precision:  0.9540816326530612
accuracy:  0.8931034482758621
MCC:  0.7936846768298772
95
Training on 26000 samples...
Train epoch: 96 [0/26000 (0%)]	Loss: 0.080262
Train epoch: 96 [266480/26000 (38%)]	Loss: 0.065626
Train epoch: 96 [513520/26000 (77%)]	Loss: 0.074902
Make prediction for 870 samples...
epoch: 96
AUC: 0.9419189648149225
TPR:  0.8685968819599109
precision:  0.9375
accuracy:  0.9022988505747126
MCC:  0.8071915306098197
96
Training on 26000 samples...
Train epoch: 97 [0/26000 (0%)]	Loss: 0.057917
Train epoch: 97 [253240/26000 (38%)]	Loss: 0.086971
Train epoch: 97 [542600/26000 (77%)]	Loss: 0.059014
Make prediction for 870 samples...
epoch: 97
AUC: 0.9431648054002296
TPR:  0.8151447661469933
precision:  0.9581151832460733
accuracy:  0.8862068965517241
MCC:  0.7825676620997493
97
Training on 26000 samples...
Train epoch: 98 [0/26000 (0%)]	Loss: 0.079535
Train epoch: 98 [269140/26000 (38%)]	Loss: 0.135106
Train epoch: 98 [542520/26000 (77%)]	Loss: 0.085985
Make prediction for 870 samples...
epoch: 98
AUC: 0.9454554592152528
TPR:  0.8040089086859689
precision:  0.9601063829787234
accuracy:  0.8816091954022989
MCC:  0.7751443139678447
98
Training on 26000 samples...
Train epoch: 99 [0/26000 (0%)]	Loss: 0.100711
Train epoch: 99 [266880/26000 (38%)]	Loss: 0.051570
Train epoch: 99 [510360/26000 (77%)]	Loss: 0.060834
Make prediction for 870 samples...
epoch: 99
AUC: 0.9396917933227176
TPR:  0.8953229398663697
precision:  0.9054054054054054
accuracy:  0.8977011494252873
MCC:  0.7953185814599426
99
Training on 26000 samples...
Train epoch: 100 [0/26000 (0%)]	Loss: 0.083837
Train epoch: 100 [263540/26000 (38%)]	Loss: 0.061785
Train epoch: 100 [507560/26000 (77%)]	Loss: 0.136519
Make prediction for 870 samples...
epoch: 100
AUC: 0.9482301657417646
TPR:  0.8708240534521158
precision:  0.9135514018691588
accuracy:  0.8908045977011494
MCC:  0.7826338159415096
100
Training on 26000 samples...
Train epoch: 101 [0/26000 (0%)]	Loss: 0.080385
Train epoch: 101 [255400/26000 (38%)]	Loss: 0.046849
Train epoch: 101 [511160/26000 (77%)]	Loss: 0.070956
Make prediction for 870 samples...
epoch: 101
AUC: 0.9417047119754113
TPR:  0.8730512249443207
precision:  0.9267139479905437
accuracy:  0.8988505747126436
MCC:  0.7993070875090994
101
Training on 26000 samples...
Train epoch: 102 [0/26000 (0%)]	Loss: 0.109135
Train epoch: 102 [259160/26000 (38%)]	Loss: 0.051988
Train epoch: 102 [510880/26000 (77%)]	Loss: 0.050466
Make prediction for 870 samples...
epoch: 102
AUC: 0.94294526236715
TPR:  0.8507795100222717
precision:  0.9249394673123487
accuracy:  0.8873563218390804
MCC:  0.7777380029672373
102
Training on 26000 samples...
Train epoch: 103 [0/26000 (0%)]	Loss: 0.044905
Train epoch: 103 [265660/26000 (38%)]	Loss: 0.056504
Train epoch: 103 [497840/26000 (77%)]	Loss: 0.071321
Make prediction for 870 samples...
epoch: 103
AUC: 0.9421464431383544
TPR:  0.8574610244988864
precision:  0.9254807692307693
accuracy:  0.8908045977011494
MCC:  0.7841691384794681
103
Training on 26000 samples...
Train epoch: 104 [0/26000 (0%)]	Loss: 0.055607
Train epoch: 104 [257920/26000 (38%)]	Loss: 0.090797
Train epoch: 104 [508520/26000 (77%)]	Loss: 0.087498
Make prediction for 870 samples...
epoch: 104
AUC: 0.9450719201815595
TPR:  0.8708240534521158
precision:  0.930952380952381
accuracy:  0.9
MCC:  0.8020019651722637
104
Training on 26000 samples...
Train epoch: 105 [0/26000 (0%)]	Loss: 0.039384
Train epoch: 105 [264660/26000 (38%)]	Loss: 0.049994
Train epoch: 105 [542920/26000 (77%)]	Loss: 0.058460
Make prediction for 870 samples...
epoch: 105
AUC: 0.9437149855313206
TPR:  0.8930957683741648
precision:  0.9113636363636364
accuracy:  0.9
MCC:  0.8000973773240243
105
Training on 26000 samples...
Train epoch: 106 [0/26000 (0%)]	Loss: 0.069612
Train epoch: 106 [264940/26000 (38%)]	Loss: 0.063732
Train epoch: 106 [497520/26000 (77%)]	Loss: 0.056327
Make prediction for 870 samples...
epoch: 106
AUC: 0.9407842182945475
TPR:  0.8641425389755011
precision:  0.9260143198090692
accuracy:  0.8942528735632184
MCC:  0.7906338228375359
106
Training on 26000 samples...
Train epoch: 107 [0/26000 (0%)]	Loss: 0.065974
Train epoch: 107 [250700/26000 (38%)]	Loss: 0.045858
Train epoch: 107 [515200/26000 (77%)]	Loss: 0.058033
Make prediction for 870 samples...
epoch: 107
AUC: 0.9424955959138545
TPR:  0.8307349665924276
precision:  0.9443037974683545
accuracy:  0.8873563218390804
MCC:  0.7813856873822927
107
Training on 26000 samples...
Train epoch: 108 [0/26000 (0%)]	Loss: 0.063564
Train epoch: 108 [262200/26000 (38%)]	Loss: 0.054783
Train epoch: 108 [557840/26000 (77%)]	Loss: 0.061070
Make prediction for 870 samples...
epoch: 108
AUC: 0.9387977506096947
TPR:  0.8574610244988864
precision:  0.9459459459459459
accuracy:  0.9011494252873563
MCC:  0.8064597698863878
108
Training on 26000 samples...
Train epoch: 109 [0/26000 (0%)]	Loss: 0.033981
Train epoch: 109 [264040/26000 (38%)]	Loss: 0.054410
Train epoch: 109 [515800/26000 (77%)]	Loss: 0.066063
Make prediction for 870 samples...
epoch: 109
AUC: 0.9467938781880029
TPR:  0.8463251670378619
precision:  0.9405940594059405
accuracy:  0.8931034482758621
MCC:  0.7909200897043261
109
Training on 26000 samples...
Train epoch: 110 [0/26000 (0%)]	Loss: 0.059962
Train epoch: 110 [253320/26000 (38%)]	Loss: 0.108789
Train epoch: 110 [484160/26000 (77%)]	Loss: 0.072422
Make prediction for 870 samples...
epoch: 110
AUC: 0.9417576139110929
TPR:  0.8708240534521158
precision:  0.9331742243436754
accuracy:  0.9011494252873563
MCC:  0.8044434198876799
110
Training on 26000 samples...
Train epoch: 111 [0/26000 (0%)]	Loss: 0.043270
Train epoch: 111 [256860/26000 (38%)]	Loss: 0.049281
Train epoch: 111 [516240/26000 (77%)]	Loss: 0.078389
Make prediction for 870 samples...
epoch: 111
AUC: 0.939556893386729
TPR:  0.8329621380846325
precision:  0.9326683291770573
accuracy:  0.8827586206896552
MCC:  0.7707888715331552
111
Training on 26000 samples...
Train epoch: 112 [0/26000 (0%)]	Loss: 0.063218
Train epoch: 112 [251140/26000 (38%)]	Loss: 0.060438
Train epoch: 112 [495560/26000 (77%)]	Loss: 0.072220
Make prediction for 870 samples...
epoch: 112
AUC: 0.9441461363071275
TPR:  0.844097995545657
precision:  0.9358024691358025
accuracy:  0.8896551724137931
MCC:  0.7838011912472583
112
Training on 26000 samples...
Train epoch: 113 [0/26000 (0%)]	Loss: 0.035332
Train epoch: 113 [263340/26000 (38%)]	Loss: 0.045812
Train epoch: 113 [524840/26000 (77%)]	Loss: 0.062469
Make prediction for 870 samples...
epoch: 113
AUC: 0.9414137513291612
TPR:  0.821826280623608
precision:  0.9461538461538461
accuracy:  0.8839080459770114
MCC:  0.7757069460897588
113
Training on 26000 samples...
Train epoch: 114 [0/26000 (0%)]	Loss: 0.080092
Train epoch: 114 [255620/26000 (38%)]	Loss: 0.077986
Train epoch: 114 [515240/26000 (77%)]	Loss: 0.073486
Make prediction for 870 samples...
epoch: 114
AUC: 0.9397923070005132
TPR:  0.8685968819599109
precision:  0.9285714285714286
accuracy:  0.8977011494252873
MCC:  0.7973991436820608
114
Training on 26000 samples...
Train epoch: 115 [0/26000 (0%)]	Loss: 0.044637
Train epoch: 115 [249880/26000 (38%)]	Loss: 0.066200
Train epoch: 115 [543400/26000 (77%)]	Loss: 0.033527
Make prediction for 870 samples...
epoch: 115
AUC: 0.9406387379714223
TPR:  0.8552338530066815
precision:  0.9253012048192771
accuracy:  0.8896551724137931
MCC:  0.7820217413738418
115
Training on 26000 samples...
Train epoch: 116 [0/26000 (0%)]	Loss: 0.061956
Train epoch: 116 [254440/26000 (38%)]	Loss: 0.036942
Train epoch: 116 [509000/26000 (77%)]	Loss: 0.072522
Make prediction for 870 samples...
epoch: 116
AUC: 0.9355125404038533
TPR:  0.8752783964365256
precision:  0.9203747072599532
accuracy:  0.896551724137931
MCC:  0.7942410383568285
116
Training on 26000 samples...
Train epoch: 117 [0/26000 (0%)]	Loss: 0.056219
Train epoch: 117 [251900/26000 (38%)]	Loss: 0.050784
Train epoch: 117 [528880/26000 (77%)]	Loss: 0.061622
Make prediction for 870 samples...
epoch: 117
AUC: 0.9470160663178667
TPR:  0.8240534521158129
precision:  0.9585492227979274
accuracy:  0.8908045977011494
MCC:  0.7906737849961286
117
Training on 26000 samples...
Train epoch: 118 [0/26000 (0%)]	Loss: 0.065387
Train epoch: 118 [264740/26000 (38%)]	Loss: 0.147021
Train epoch: 118 [508000/26000 (77%)]	Loss: 0.051499
Make prediction for 870 samples...
epoch: 118
AUC: 0.9434689915304001
TPR:  0.8463251670378619
precision:  0.9405940594059405
accuracy:  0.8931034482758621
MCC:  0.7909200897043261
118
Training on 26000 samples...
Train epoch: 119 [0/26000 (0%)]	Loss: 0.044114
Train epoch: 119 [261600/26000 (38%)]	Loss: 0.062237
Train epoch: 119 [517440/26000 (77%)]	Loss: 0.065795
Make prediction for 870 samples...
epoch: 119
AUC: 0.9456591316676276
TPR:  0.8641425389755011
precision:  0.9326923076923077
accuracy:  0.8977011494252873
MCC:  0.7979825737576791
119
Training on 26000 samples...
Train epoch: 120 [0/26000 (0%)]	Loss: 0.082204
Train epoch: 120 [255120/26000 (38%)]	Loss: 0.092703
Train epoch: 120 [520080/26000 (77%)]	Loss: 0.051354
Make prediction for 870 samples...
epoch: 120
AUC: 0.9460347354109687
TPR:  0.8530066815144766
precision:  0.9387254901960784
accuracy:  0.8954022988505748
MCC:  0.79474551095864
120
Training on 26000 samples...
Train epoch: 121 [0/26000 (0%)]	Loss: 0.045345
Train epoch: 121 [262700/26000 (38%)]	Loss: 0.074817
Train epoch: 121 [516720/26000 (77%)]	Loss: 0.053363
Make prediction for 870 samples...
epoch: 121
AUC: 0.9478836580630485
TPR:  0.8752783964365256
precision:  0.9203747072599532
accuracy:  0.896551724137931
MCC:  0.7942410383568285
121
Training on 26000 samples...
Train epoch: 122 [0/26000 (0%)]	Loss: 0.060854
Train epoch: 122 [261780/26000 (38%)]	Loss: 0.063791
Train epoch: 122 [518760/26000 (77%)]	Loss: 0.126855
Make prediction for 870 samples...
epoch: 122
AUC: 0.946883811478662
TPR:  0.7928730512249443
precision:  0.956989247311828
accuracy:  0.8747126436781609
MCC:  0.7625165345075301
122
Training on 26000 samples...
Train epoch: 123 [0/26000 (0%)]	Loss: 0.102695
Train epoch: 123 [265280/26000 (38%)]	Loss: 0.061776
Train epoch: 123 [526640/26000 (77%)]	Loss: 0.050477
Make prediction for 870 samples...
epoch: 123
AUC: 0.9460294452174005
TPR:  0.8329621380846325
precision:  0.9639175257731959
accuracy:  0.8977011494252873
MCC:  0.8040004039063013
123
Training on 26000 samples...
Train epoch: 124 [0/26000 (0%)]	Loss: 0.056315
Train epoch: 124 [256060/26000 (38%)]	Loss: 0.054382
Train epoch: 124 [523480/26000 (77%)]	Loss: 0.054326
Make prediction for 870 samples...
epoch: 124
AUC: 0.9419348353956271
TPR:  0.8574610244988864
precision:  0.9299516908212561
accuracy:  0.8931034482758621
MCC:  0.7890889479271961
124
Training on 26000 samples...
Train epoch: 125 [0/26000 (0%)]	Loss: 0.029515
Train epoch: 125 [250100/26000 (38%)]	Loss: 0.040866
Train epoch: 125 [509400/26000 (77%)]	Loss: 0.040169
Make prediction for 870 samples...
epoch: 125
AUC: 0.9432362230134
TPR:  0.8841870824053452
precision:  0.9232558139534883
accuracy:  0.9022988505747126
MCC:  0.8054380577225259
125
Training on 26000 samples...
Train epoch: 126 [0/26000 (0%)]	Loss: 0.036742
Train epoch: 126 [254240/26000 (38%)]	Loss: 0.031165
Train epoch: 126 [524200/26000 (77%)]	Loss: 0.037877
Make prediction for 870 samples...
epoch: 126
AUC: 0.9427918467536727
TPR:  0.89086859688196
precision:  0.9111617312072893
accuracy:  0.8988505747126436
MCC:  0.797852236348948
126
Training on 26000 samples...
Train epoch: 127 [0/26000 (0%)]	Loss: 0.045601
Train epoch: 127 [258800/26000 (38%)]	Loss: 0.092479
Train epoch: 127 [524520/26000 (77%)]	Loss: 0.040838
Make prediction for 870 samples...
epoch: 127
AUC: 0.9383136978982062
TPR:  0.7661469933184856
precision:  0.9608938547486033
accuracy:  0.8632183908045977
MCC:  0.7442660371693194
127
Training on 26000 samples...
Train epoch: 128 [0/26000 (0%)]	Loss: 0.136206
Train epoch: 128 [259540/26000 (38%)]	Loss: 0.043747
Train epoch: 128 [518760/26000 (77%)]	Loss: 0.033878
Make prediction for 870 samples...
epoch: 128
AUC: 0.9453020436017753
TPR:  0.8129175946547884
precision:  0.9630606860158312
accuracy:  0.8873563218390804
MCC:  0.7857982113827721
128
Training on 26000 samples...
Train epoch: 129 [0/26000 (0%)]	Loss: 0.081312
Train epoch: 129 [265600/26000 (38%)]	Loss: 0.046629
Train epoch: 129 [527600/26000 (77%)]	Loss: 0.035484
Make prediction for 870 samples...
epoch: 129
AUC: 0.9458257727650256
TPR:  0.8619153674832962
precision:  0.9393203883495146
accuracy:  0.9
MCC:  0.8032407648527566
129
Training on 26000 samples...
Train epoch: 130 [0/26000 (0%)]	Loss: 0.017741
Train epoch: 130 [264480/26000 (38%)]	Loss: 0.046850
Train epoch: 130 [538680/26000 (77%)]	Loss: 0.081934
Make prediction for 870 samples...
epoch: 130
AUC: 0.9423633410746499
TPR:  0.8730512249443207
precision:  0.9223529411764706
accuracy:  0.896551724137931
MCC:  0.7944647145897155
130
Training on 26000 samples...
Train epoch: 131 [0/26000 (0%)]	Loss: 0.035009
Train epoch: 131 [259100/26000 (38%)]	Loss: 0.043171
Train epoch: 131 [526280/26000 (77%)]	Loss: 0.080562
Make prediction for 870 samples...
epoch: 131
AUC: 0.9426410762369796
TPR:  0.8685968819599109
precision:  0.935251798561151
accuracy:  0.9011494252873563
MCC:  0.8047363729882343
131
Training on 26000 samples...
Train epoch: 132 [0/26000 (0%)]	Loss: 0.030241
Train epoch: 132 [263840/26000 (38%)]	Loss: 0.059239
Train epoch: 132 [510600/26000 (77%)]	Loss: 0.047914
Make prediction for 870 samples...
epoch: 132
AUC: 0.9436700188859909
TPR:  0.8641425389755011
precision:  0.91725768321513
accuracy:  0.8896551724137931
MCC:  0.780899745556179
132
Training on 26000 samples...
Train epoch: 133 [0/26000 (0%)]	Loss: 0.064040
Train epoch: 133 [258760/26000 (38%)]	Loss: 0.031411
Train epoch: 133 [516760/26000 (77%)]	Loss: 0.059767
Make prediction for 870 samples...
epoch: 133
AUC: 0.9402869400991383
TPR:  0.8619153674832962
precision:  0.937046004842615
accuracy:  0.8988505747126436
MCC:  0.8007678955692091
133
Training on 26000 samples...
Train epoch: 134 [0/26000 (0%)]	Loss: 0.045111
Train epoch: 134 [257520/26000 (38%)]	Loss: 0.042574
Train epoch: 134 [544720/26000 (77%)]	Loss: 0.077671
Make prediction for 870 samples...
epoch: 134
AUC: 0.9408873770691271
TPR:  0.8819599109131403
precision:  0.9103448275862069
accuracy:  0.8942528735632184
MCC:  0.7889144333215876
134
Training on 26000 samples...
Train epoch: 135 [0/26000 (0%)]	Loss: 0.087807
Train epoch: 135 [262740/26000 (38%)]	Loss: 0.097893
Train epoch: 135 [538720/26000 (77%)]	Loss: 0.084177
Make prediction for 870 samples...
epoch: 135
AUC: 0.9450534045040708
TPR:  0.8418708240534521
precision:  0.949748743718593
accuracy:  0.8954022988505748
MCC:  0.7968410909278275
135
Training on 26000 samples...
Train epoch: 136 [0/26000 (0%)]	Loss: 0.050877
Train epoch: 136 [275140/26000 (38%)]	Loss: 0.056214
Train epoch: 136 [531400/26000 (77%)]	Loss: 0.045773
Make prediction for 870 samples...
epoch: 136
AUC: 0.9455586179898323
TPR:  0.8619153674832962
precision:  0.9393203883495146
accuracy:  0.9
MCC:  0.8032407648527566
136
Training on 26000 samples...
Train epoch: 137 [0/26000 (0%)]	Loss: 0.042065
Train epoch: 137 [257760/26000 (38%)]	Loss: 0.041067
Train epoch: 137 [513680/26000 (77%)]	Loss: 0.052644
Make prediction for 870 samples...
epoch: 137
AUC: 0.9441382010167751
TPR:  0.8663697104677061
precision:  0.9174528301886793
accuracy:  0.8908045977011494
MCC:  0.783078984972037
137
Training on 26000 samples...
Train epoch: 138 [0/26000 (0%)]	Loss: 0.026533
Train epoch: 138 [265680/26000 (38%)]	Loss: 0.070516
Train epoch: 138 [517640/26000 (77%)]	Loss: 0.045379
Make prediction for 870 samples...
epoch: 138
AUC: 0.9452464965693095
TPR:  0.8285077951002228
precision:  0.9441624365482234
accuracy:  0.8862068965517241
MCC:  0.7793184372412177
138
Training on 26000 samples...
Train epoch: 139 [0/26000 (0%)]	Loss: 0.063976
Train epoch: 139 [255400/26000 (38%)]	Loss: 0.159887
Train epoch: 139 [507080/26000 (77%)]	Loss: 0.071254
Make prediction for 870 samples...
epoch: 139
AUC: 0.9420406392669908
TPR:  0.8285077951002228
precision:  0.9465648854961832
accuracy:  0.8873563218390804
MCC:  0.7818761533813624
139
Training on 26000 samples...
Train epoch: 140 [0/26000 (0%)]	Loss: 0.056973
Train epoch: 140 [258380/26000 (38%)]	Loss: 0.090240
Train epoch: 140 [504040/26000 (77%)]	Loss: 0.053361
Make prediction for 870 samples...
epoch: 140
AUC: 0.9458284178618096
TPR:  0.8374164810690423
precision:  0.9518987341772152
accuracy:  0.8942528735632184
MCC:  0.7952446567959571
140
Training on 26000 samples...
Train epoch: 141 [0/26000 (0%)]	Loss: 0.048551
Train epoch: 141 [264040/26000 (38%)]	Loss: 0.057917
Train epoch: 141 [488400/26000 (77%)]	Loss: 0.073445
Make prediction for 870 samples...
epoch: 141
AUC: 0.9444873537922752
TPR:  0.8819599109131403
precision:  0.9339622641509434
accuracy:  0.906896551724138
MCC:  0.8152898743669855
141
Training on 26000 samples...
Train epoch: 142 [0/26000 (0%)]	Loss: 0.033640
Train epoch: 142 [262700/26000 (38%)]	Loss: 0.041167
Train epoch: 142 [521200/26000 (77%)]	Loss: 0.062196
Make prediction for 870 samples...
epoch: 142
AUC: 0.9440852990810933
TPR:  0.8775055679287305
precision:  0.9120370370370371
accuracy:  0.8931034482758621
MCC:  0.7868551768632567
142
Training on 26000 samples...
Train epoch: 143 [0/26000 (0%)]	Loss: 0.030404
Train epoch: 143 [261800/26000 (38%)]	Loss: 0.051494
Train epoch: 143 [511520/26000 (77%)]	Loss: 0.032653
Make prediction for 870 samples...
epoch: 143
AUC: 0.9427072036565818
TPR:  0.8975501113585747
precision:  0.901565995525727
accuracy:  0.896551724137931
MCC:  0.7929279914185184
143
Training on 26000 samples...
Train epoch: 144 [0/26000 (0%)]	Loss: 0.069069
Train epoch: 144 [262180/26000 (38%)]	Loss: 0.066932
Train epoch: 144 [524280/26000 (77%)]	Loss: 0.059436
Make prediction for 870 samples...
epoch: 144
AUC: 0.9439953657904343
TPR:  0.8485523385300668
precision:  0.9315403422982885
accuracy:  0.8896551724137931
MCC:  0.7830388394112505
144
Training on 26000 samples...
Train epoch: 145 [0/26000 (0%)]	Loss: 0.053546
Train epoch: 145 [256820/26000 (38%)]	Loss: 0.047235
Train epoch: 145 [498200/26000 (77%)]	Loss: 0.060002
Make prediction for 870 samples...
epoch: 145
AUC: 0.9436144718535251
TPR:  0.8730512249443207
precision:  0.9116279069767442
accuracy:  0.8908045977011494
MCC:  0.7824361173923461
145
Training on 26000 samples...
Train epoch: 146 [0/26000 (0%)]	Loss: 0.050202
Train epoch: 146 [262140/26000 (38%)]	Loss: 0.049601
Train epoch: 146 [516960/26000 (77%)]	Loss: 0.049599
Make prediction for 870 samples...
epoch: 146
AUC: 0.9463151156700824
TPR:  0.8151447661469933
precision:  0.9506493506493506
accuracy:  0.8827586206896552
MCC:  0.7747501627201907
146
Training on 26000 samples...
Train epoch: 147 [0/26000 (0%)]	Loss: 0.054463
Train epoch: 147 [259840/26000 (38%)]	Loss: 0.020941
Train epoch: 147 [539800/26000 (77%)]	Loss: 0.042068
Make prediction for 870 samples...
epoch: 147
AUC: 0.9420882510091044
TPR:  0.8819599109131403
precision:  0.9230769230769231
accuracy:  0.9011494252873563
MCC:  0.8032352431238706
147
Training on 26000 samples...
Train epoch: 148 [0/26000 (0%)]	Loss: 0.033411
Train epoch: 148 [258940/26000 (38%)]	Loss: 0.044026
Train epoch: 148 [528840/26000 (77%)]	Loss: 0.026607
Make prediction for 870 samples...
epoch: 148
AUC: 0.9384247919631379
TPR:  0.8752783964365256
precision:  0.9097222222222222
accuracy:  0.8908045977011494
MCC:  0.7822549833044642
148
Training on 26000 samples...
Train epoch: 149 [0/26000 (0%)]	Loss: 0.035454
Train epoch: 149 [255360/26000 (38%)]	Loss: 0.066877
Train epoch: 149 [536640/26000 (77%)]	Loss: 0.107035
Make prediction for 870 samples...
epoch: 149
AUC: 0.9431515799163092
TPR:  0.8797327394209354
precision:  0.9228971962616822
accuracy:  0.9
MCC:  0.8010365354341815
149
Training on 26000 samples...
Train epoch: 150 [0/26000 (0%)]	Loss: 0.058846
Train epoch: 150 [259280/26000 (38%)]	Loss: 0.042698
Train epoch: 150 [521840/26000 (77%)]	Loss: 0.039428
Make prediction for 870 samples...
epoch: 150
AUC: 0.9471668368345597
TPR:  0.8485523385300668
precision:  0.9384236453201971
accuracy:  0.8931034482758621
MCC:  0.7905197640199503
150
Training on 26000 samples...
Train epoch: 151 [0/26000 (0%)]	Loss: 0.027799
Train epoch: 151 [255240/26000 (38%)]	Loss: 0.059163
Train epoch: 151 [535760/26000 (77%)]	Loss: 0.057893
Make prediction for 870 samples...
epoch: 151
AUC: 0.9480688148379349
TPR:  0.8463251670378619
precision:  0.9405940594059405
accuracy:  0.8931034482758621
MCC:  0.7909200897043261
151
Training on 26000 samples...
Train epoch: 152 [0/26000 (0%)]	Loss: 0.035040
Train epoch: 152 [255260/26000 (38%)]	Loss: 0.046110
Train epoch: 152 [506840/26000 (77%)]	Loss: 0.043394
Make prediction for 870 samples...
epoch: 152
AUC: 0.9443286479852299
TPR:  0.8396436525612472
precision:  0.9425
accuracy:  0.8908045977011494
MCC:  0.7871572354399443
152
Training on 26000 samples...
Train epoch: 153 [0/26000 (0%)]	Loss: 0.035976
Train epoch: 153 [265860/26000 (38%)]	Loss: 0.067907
Train epoch: 153 [525040/26000 (77%)]	Loss: 0.042762
Make prediction for 870 samples...
epoch: 153
AUC: 0.945175078956139
TPR:  0.8619153674832962
precision:  0.9416058394160584
accuracy:  0.9011494252873563
MCC:  0.8057185063142294
153
Training on 26000 samples...
Train epoch: 154 [0/26000 (0%)]	Loss: 0.045437
Train epoch: 154 [260740/26000 (38%)]	Loss: 0.034913
Train epoch: 154 [524840/26000 (77%)]	Loss: 0.054571
Make prediction for 870 samples...
epoch: 154
AUC: 0.939355866031138
TPR:  0.844097995545657
precision:  0.9221411192214112
accuracy:  0.8827586206896552
MCC:  0.768861694305455
154
Training on 26000 samples...
Train epoch: 155 [0/26000 (0%)]	Loss: 0.038728
Train epoch: 155 [260680/26000 (38%)]	Loss: 0.040342
Train epoch: 155 [515520/26000 (77%)]	Loss: 0.028173
Make prediction for 870 samples...
epoch: 155
AUC: 0.9375175237661946
TPR:  0.8797327394209354
precision:  0.9101382488479263
accuracy:  0.8931034482758621
MCC:  0.7866904943045934
155
Training on 26000 samples...
Train epoch: 156 [0/26000 (0%)]	Loss: 0.116421
Train epoch: 156 [262440/26000 (38%)]	Loss: 0.078275
Train epoch: 156 [511840/26000 (77%)]	Loss: 0.029147
Make prediction for 870 samples...
epoch: 156
AUC: 0.9418501922985362
TPR:  0.8485523385300668
precision:  0.9361179361179361
accuracy:  0.8919540229885058
MCC:  0.7880211961072277
156
Training on 26000 samples...
Train epoch: 157 [0/26000 (0%)]	Loss: 0.047422
Train epoch: 157 [260980/26000 (38%)]	Loss: 0.031496
Train epoch: 157 [494680/26000 (77%)]	Loss: 0.050038
Make prediction for 870 samples...
epoch: 157
AUC: 0.941963931460252
TPR:  0.8507795100222717
precision:  0.9249394673123487
accuracy:  0.8873563218390804
MCC:  0.7777380029672373
157
Training on 26000 samples...
Train epoch: 158 [0/26000 (0%)]	Loss: 0.031644
Train epoch: 158 [258820/26000 (38%)]	Loss: 0.079446
Train epoch: 158 [518000/26000 (77%)]	Loss: 0.057378
Make prediction for 870 samples...
epoch: 158
AUC: 0.9424506292685249
TPR:  0.8685968819599109
precision:  0.9241706161137441
accuracy:  0.8954022988505748
MCC:  0.7925307821364357
158
Training on 26000 samples...
Train epoch: 159 [0/26000 (0%)]	Loss: 0.052266
Train epoch: 159 [267160/26000 (38%)]	Loss: 0.045784
Train epoch: 159 [518120/26000 (77%)]	Loss: 0.053256
Make prediction for 870 samples...
epoch: 159
AUC: 0.9389829073845811
TPR:  0.8596881959910914
precision:  0.910377358490566
accuracy:  0.8839080459770114
MCC:  0.7692743180884877
159
Training on 26000 samples...
Train epoch: 160 [0/26000 (0%)]	Loss: 0.047064
Train epoch: 160 [258620/26000 (38%)]	Loss: 0.031309
Train epoch: 160 [524960/26000 (77%)]	Loss: 0.040855
Make prediction for 870 samples...
epoch: 160
AUC: 0.9465240783160255
TPR:  0.8351893095768375
precision:  0.9493670886075949
accuracy:  0.8919540229885058
MCC:  0.7906250003247357
160
Training on 26000 samples...
Train epoch: 161 [0/26000 (0%)]	Loss: 0.026996
Train epoch: 161 [263780/26000 (38%)]	Loss: 0.084995
Train epoch: 161 [521920/26000 (77%)]	Loss: 0.052935
Make prediction for 870 samples...
epoch: 161
AUC: 0.9419692216538201
TPR:  0.8619153674832962
precision:  0.9347826086956522
accuracy:  0.8977011494252873
MCC:  0.7982998557882043
161
Training on 26000 samples...
Train epoch: 162 [0/26000 (0%)]	Loss: 0.031594
Train epoch: 162 [256760/26000 (38%)]	Loss: 0.040706
Train epoch: 162 [522640/26000 (77%)]	Loss: 0.051668
Make prediction for 870 samples...
epoch: 162
AUC: 0.9434002190140136
TPR:  0.8641425389755011
precision:  0.9150943396226415
accuracy:  0.8885057471264368
MCC:  0.7784774293441873
162
Training on 26000 samples...
Train epoch: 163 [0/26000 (0%)]	Loss: 0.031536
Train epoch: 163 [264300/26000 (38%)]	Loss: 0.042401
Train epoch: 163 [509000/26000 (77%)]	Loss: 0.041195
Make prediction for 870 samples...
epoch: 163
AUC: 0.9450163731490936
TPR:  0.8752783964365256
precision:  0.9357142857142857
accuracy:  0.9045977011494253
MCC:  0.8112076081526697
163
Training on 26000 samples...
Train epoch: 164 [0/26000 (0%)]	Loss: 0.060484
Train epoch: 164 [267040/26000 (38%)]	Loss: 0.040916
Train epoch: 164 [516160/26000 (77%)]	Loss: 0.059255
Make prediction for 870 samples...
epoch: 164
AUC: 0.9421437980415703
TPR:  0.8685968819599109
precision:  0.9112149532710281
accuracy:  0.8885057471264368
MCC:  0.7780331360683416
164
Training on 26000 samples...
Train epoch: 165 [0/26000 (0%)]	Loss: 0.050778
Train epoch: 165 [255120/26000 (38%)]	Loss: 0.052965
Train epoch: 165 [514440/26000 (77%)]	Loss: 0.047780
Make prediction for 870 samples...
epoch: 165
AUC: 0.940133524485661
TPR:  0.8574610244988864
precision:  0.9232613908872902
accuracy:  0.8896551724137931
MCC:  0.7817162356639048
165
Training on 26000 samples...
Train epoch: 166 [0/26000 (0%)]	Loss: 0.047072
Train epoch: 166 [261120/26000 (38%)]	Loss: 0.053183
Train epoch: 166 [504840/26000 (77%)]	Loss: 0.063604
Make prediction for 870 samples...
epoch: 166
AUC: 0.9420009628152294
TPR:  0.8396436525612472
precision:  0.9331683168316832
accuracy:  0.8862068965517241
MCC:  0.7770846601305327
166
Training on 26000 samples...
Train epoch: 167 [0/26000 (0%)]	Loss: 0.059625
Train epoch: 167 [263700/26000 (38%)]	Loss: 0.077992
Train epoch: 167 [502000/26000 (77%)]	Loss: 0.042906
Make prediction for 870 samples...
epoch: 167
AUC: 0.9451327574075935
TPR:  0.888641425389755
precision:  0.908883826879271
accuracy:  0.896551724137931
MCC:  0.7932519576962723
167
Training on 26000 samples...
Train epoch: 168 [0/26000 (0%)]	Loss: 0.063199
Train epoch: 168 [277820/26000 (38%)]	Loss: 0.032710
Train epoch: 168 [507200/26000 (77%)]	Loss: 0.046391
Make prediction for 870 samples...
epoch: 168
AUC: 0.9427495252051273
TPR:  0.8797327394209354
precision:  0.9186046511627907
accuracy:  0.8977011494252873
MCC:  0.7962372815904539
168
Training on 26000 samples...
Train epoch: 169 [0/26000 (0%)]	Loss: 0.032277
Train epoch: 169 [265180/26000 (38%)]	Loss: 0.025775
Train epoch: 169 [494640/26000 (77%)]	Loss: 0.058345
Make prediction for 870 samples...
epoch: 169
AUC: 0.94537610631173
TPR:  0.8797327394209354
precision:  0.9272300469483568
accuracy:  0.9022988505747126
MCC:  0.8058534429762488
169
Training on 26000 samples...
Train epoch: 170 [0/26000 (0%)]	Loss: 0.038683
Train epoch: 170 [271140/26000 (38%)]	Loss: 0.044948
Train epoch: 170 [531200/26000 (77%)]	Loss: 0.030545
Make prediction for 870 samples...
epoch: 170
AUC: 0.9423104391389682
TPR:  0.8351893095768375
precision:  0.9398496240601504
accuracy:  0.8873563218390804
MCC:  0.7804563176763406
170
Training on 26000 samples...
Train epoch: 171 [0/26000 (0%)]	Loss: 0.048693
Train epoch: 171 [254240/26000 (38%)]	Loss: 0.035181
Train epoch: 171 [529360/26000 (77%)]	Loss: 0.051576
Make prediction for 870 samples...
epoch: 171
AUC: 0.9445719968893662
TPR:  0.8752783964365256
precision:  0.9268867924528302
accuracy:  0.9
MCC:  0.8014852074834362
171
Training on 26000 samples...
Train epoch: 172 [0/26000 (0%)]	Loss: 0.057545
Train epoch: 172 [254660/26000 (38%)]	Loss: 0.014368
Train epoch: 172 [511200/26000 (77%)]	Loss: 0.057007
Make prediction for 870 samples...
epoch: 172
AUC: 0.9467753625105143
TPR:  0.8374164810690423
precision:  0.94
accuracy:  0.8885057471264368
MCC:  0.7825421886387263
172
Training on 26000 samples...
Train epoch: 173 [0/26000 (0%)]	Loss: 0.030196
Train epoch: 173 [255380/26000 (38%)]	Loss: 0.066958
Train epoch: 173 [516600/26000 (77%)]	Loss: 0.045100
Make prediction for 870 samples...
epoch: 173
AUC: 0.9412920768770928
TPR:  0.8619153674832962
precision:  0.9416058394160584
accuracy:  0.9011494252873563
MCC:  0.8057185063142294
173
Training on 26000 samples...
Train epoch: 174 [0/26000 (0%)]	Loss: 0.036766
Train epoch: 174 [265440/26000 (38%)]	Loss: 0.063486
Train epoch: 174 [513840/26000 (77%)]	Loss: 0.051842
Make prediction for 870 samples...
epoch: 174
AUC: 0.9421755392029794
TPR:  0.8463251670378619
precision:  0.9336609336609336
accuracy:  0.8896551724137931
MCC:  0.7834115526624376
174
Training on 26000 samples...
Train epoch: 175 [0/26000 (0%)]	Loss: 0.031444
Train epoch: 175 [257100/26000 (38%)]	Loss: 0.020846
Train epoch: 175 [532920/26000 (77%)]	Loss: 0.070984
Make prediction for 870 samples...
epoch: 175
AUC: 0.9443603891466389
TPR:  0.8775055679287305
precision:  0.9162790697674419
accuracy:  0.8954022988505748
MCC:  0.791636893524418
175
Training on 26000 samples...
Train epoch: 176 [0/26000 (0%)]	Loss: 0.047868
Train epoch: 176 [270540/26000 (38%)]	Loss: 0.025783
Train epoch: 176 [496120/26000 (77%)]	Loss: 0.054164
Make prediction for 870 samples...
epoch: 176
AUC: 0.9439186579836957
TPR:  0.8396436525612472
precision:  0.9354838709677419
accuracy:  0.8873563218390804
MCC:  0.7795952295030693
176
Training on 26000 samples...
Train epoch: 177 [0/26000 (0%)]	Loss: 0.040109
Train epoch: 177 [262800/26000 (38%)]	Loss: 0.057014
Train epoch: 177 [527840/26000 (77%)]	Loss: 0.065025
Make prediction for 870 samples...
epoch: 177
AUC: 0.9421861195901157
TPR:  0.8596881959910914
precision:  0.9234449760765551
accuracy:  0.8908045977011494
MCC:  0.7838715462243709
177
Training on 26000 samples...
Train epoch: 178 [0/26000 (0%)]	Loss: 0.044282
Train epoch: 178 [253460/26000 (38%)]	Loss: 0.054433
Train epoch: 178 [530560/26000 (77%)]	Loss: 0.082598
Make prediction for 870 samples...
epoch: 178
AUC: 0.9384009860920809
TPR:  0.8396436525612472
precision:  0.9354838709677419
accuracy:  0.8873563218390804
MCC:  0.7795952295030693
178
Training on 26000 samples...
Train epoch: 179 [0/26000 (0%)]	Loss: 0.052981
Train epoch: 179 [256740/26000 (38%)]	Loss: 0.059020
Train epoch: 179 [507960/26000 (77%)]	Loss: 0.065981
Make prediction for 870 samples...
epoch: 179
AUC: 0.941262980812468
TPR:  0.8507795100222717
precision:  0.9317073170731708
accuracy:  0.8908045977011494
MCC:  0.7851626631646919
179
Training on 26000 samples...
Train epoch: 180 [0/26000 (0%)]	Loss: 0.050436
Train epoch: 180 [264780/26000 (38%)]	Loss: 0.036158
Train epoch: 180 [517240/26000 (77%)]	Loss: 0.056109
Make prediction for 870 samples...
epoch: 180
AUC: 0.9430510662385135
TPR:  0.8507795100222717
precision:  0.9408866995073891
accuracy:  0.8954022988505748
MCC:  0.7951301047898955
180
Training on 26000 samples...
Train epoch: 181 [0/26000 (0%)]	Loss: 0.046919
Train epoch: 181 [253060/26000 (38%)]	Loss: 0.052166
Train epoch: 181 [509720/26000 (77%)]	Loss: 0.046620
Make prediction for 870 samples...
epoch: 181
AUC: 0.9440323971454114
TPR:  0.8418708240534521
precision:  0.9379652605459057
accuracy:  0.8896551724137931
MCC:  0.7842078111945994
181
Training on 26000 samples...
Train epoch: 182 [0/26000 (0%)]	Loss: 0.038552
Train epoch: 182 [249820/26000 (38%)]	Loss: 0.041954
Train epoch: 182 [520440/26000 (77%)]	Loss: 0.049823
Make prediction for 870 samples...
epoch: 182
AUC: 0.9413687846838317
TPR:  0.8708240534521158
precision:  0.9156908665105387
accuracy:  0.8919540229885058
MCC:  0.7850393137951761
182
Training on 26000 samples...
Train epoch: 183 [0/26000 (0%)]	Loss: 0.023108
Train epoch: 183 [255340/26000 (38%)]	Loss: 0.043631
Train epoch: 183 [535000/26000 (77%)]	Loss: 0.069627
Make prediction for 870 samples...
epoch: 183
AUC: 0.9409191182305361
TPR:  0.8619153674832962
precision:  0.9214285714285714
accuracy:  0.8908045977011494
MCC:  0.7835906792114519
183
Training on 26000 samples...
Train epoch: 184 [0/26000 (0%)]	Loss: 0.050038
Train epoch: 184 [267980/26000 (38%)]	Loss: 0.031432
Train epoch: 184 [530200/26000 (77%)]	Loss: 0.037589
Make prediction for 870 samples...
epoch: 184
AUC: 0.9437573070798659
TPR:  0.8596881959910914
precision:  0.9530864197530864
accuracy:  0.9057471264367816
MCC:  0.8160786315197389
184
Training on 26000 samples...
Train epoch: 185 [0/26000 (0%)]	Loss: 0.043555
Train epoch: 185 [257300/26000 (38%)]	Loss: 0.048323
Train epoch: 185 [517440/26000 (77%)]	Loss: 0.046284
Make prediction for 870 samples...
epoch: 185
AUC: 0.9428421035925705
TPR:  0.8418708240534521
precision:  0.9310344827586207
accuracy:  0.8862068965517241
MCC:  0.7766887417101145
185
Training on 26000 samples...
Train epoch: 186 [0/26000 (0%)]	Loss: 0.053761
Train epoch: 186 [258620/26000 (38%)]	Loss: 0.054511
Train epoch: 186 [492720/26000 (77%)]	Loss: 0.026644
Make prediction for 870 samples...
epoch: 186
AUC: 0.9431621603034456
TPR:  0.8574610244988864
precision:  0.9506172839506173
accuracy:  0.903448275862069
MCC:  0.8114675686236703
186
Training on 26000 samples...
Train epoch: 187 [0/26000 (0%)]	Loss: 0.043683
Train epoch: 187 [253820/26000 (38%)]	Loss: 0.019321
Train epoch: 187 [505640/26000 (77%)]	Loss: 0.060036
Make prediction for 870 samples...
epoch: 187
AUC: 0.9408133143591725
TPR:  0.8173719376391982
precision:  0.9483204134366925
accuracy:  0.8827586206896552
MCC:  0.7741949074635964
187
Training on 26000 samples...
Train epoch: 188 [0/26000 (0%)]	Loss: 0.107729
Train epoch: 188 [266820/26000 (38%)]	Loss: 0.044599
Train epoch: 188 [508080/26000 (77%)]	Loss: 0.039183
Make prediction for 870 samples...
epoch: 188
AUC: 0.9483068735485031
TPR:  0.8530066815144766
precision:  0.9433497536945813
accuracy:  0.8977011494252873
MCC:  0.7997404455598408
188
Training on 26000 samples...
Train epoch: 189 [0/26000 (0%)]	Loss: 0.024753
Train epoch: 189 [264120/26000 (38%)]	Loss: 0.038322
Train epoch: 189 [527200/26000 (77%)]	Loss: 0.037574
Make prediction for 870 samples...
epoch: 189
AUC: 0.9460585412820254
TPR:  0.8819599109131403
precision:  0.9103448275862069
accuracy:  0.8942528735632184
MCC:  0.7889144333215876
189
Training on 26000 samples...
Train epoch: 190 [0/26000 (0%)]	Loss: 0.045970
Train epoch: 190 [253880/26000 (38%)]	Loss: 0.043425
Train epoch: 190 [550000/26000 (77%)]	Loss: 0.054314
Make prediction for 870 samples...
epoch: 190
AUC: 0.9424797253331498
TPR:  0.8797327394209354
precision:  0.9250585480093677
accuracy:  0.9011494252873563
MCC:  0.8034427629184808
190
Training on 26000 samples...
Train epoch: 191 [0/26000 (0%)]	Loss: 0.050254
Train epoch: 191 [256640/26000 (38%)]	Loss: 0.037715
Train epoch: 191 [537040/26000 (77%)]	Loss: 0.021641
Make prediction for 870 samples...
epoch: 191
AUC: 0.93755984531474
TPR:  0.8463251670378619
precision:  0.9359605911330049
accuracy:  0.8908045977011494
MCC:  0.785909423250005
191
Training on 26000 samples...
Train epoch: 192 [0/26000 (0%)]	Loss: 0.045561
Train epoch: 192 [256180/26000 (38%)]	Loss: 0.097676
Train epoch: 192 [525280/26000 (77%)]	Loss: 0.042859
Make prediction for 870 samples...
epoch: 192
AUC: 0.9381179607361834
TPR:  0.8708240534521158
precision:  0.9243498817966903
accuracy:  0.896551724137931
MCC:  0.7947052520208694
192
Training on 26000 samples...
Train epoch: 193 [0/26000 (0%)]	Loss: 0.036413
Train epoch: 193 [257400/26000 (38%)]	Loss: 0.042678
Train epoch: 193 [515760/26000 (77%)]	Loss: 0.044104
Make prediction for 870 samples...
epoch: 193
AUC: 0.9428341683022182
TPR:  0.8507795100222717
precision:  0.9294403892944039
accuracy:  0.8896551724137931
MCC:  0.7826829988087454
193
Training on 26000 samples...
Train epoch: 194 [0/26000 (0%)]	Loss: 0.031349
Train epoch: 194 [254760/26000 (38%)]	Loss: 0.030093
Train epoch: 194 [525400/26000 (77%)]	Loss: 0.064395
Make prediction for 870 samples...
epoch: 194
AUC: 0.9334573002026144
TPR:  0.8552338530066815
precision:  0.909952606635071
accuracy:  0.8816091954022989
MCC:  0.7649179436831232
194
Training on 26000 samples...
Train epoch: 195 [0/26000 (0%)]	Loss: 0.096745
Train epoch: 195 [266880/26000 (38%)]	Loss: 0.067911
Train epoch: 195 [518280/26000 (77%)]	Loss: 0.028844
Make prediction for 870 samples...
epoch: 195
AUC: 0.9441117500489343
TPR:  0.8596881959910914
precision:  0.9323671497584541
accuracy:  0.8954022988505748
MCC:  0.7936944018577001
195
Training on 26000 samples...
Train epoch: 196 [0/26000 (0%)]	Loss: 0.036849
Train epoch: 196 [269040/26000 (38%)]	Loss: 0.030964
Train epoch: 196 [511120/26000 (77%)]	Loss: 0.032236
Make prediction for 870 samples...
epoch: 196
AUC: 0.9430722270127865
TPR:  0.8507795100222717
precision:  0.9455445544554455
accuracy:  0.8977011494252873
MCC:  0.8001437094201885
196
Training on 26000 samples...
Train epoch: 197 [0/26000 (0%)]	Loss: 0.024943
Train epoch: 197 [262260/26000 (38%)]	Loss: 0.046530
Train epoch: 197 [521200/26000 (77%)]	Loss: 0.039777
Make prediction for 870 samples...
epoch: 197
AUC: 0.9420485745573431
TPR:  0.8864142538975501
precision:  0.9045454545454545
accuracy:  0.8931034482758621
MCC:  0.7862962131259165
197
Training on 26000 samples...
Train epoch: 198 [0/26000 (0%)]	Loss: 0.046112
Train epoch: 198 [260240/26000 (38%)]	Loss: 0.065243
Train epoch: 198 [507800/26000 (77%)]	Loss: 0.039450
Make prediction for 870 samples...
epoch: 198
AUC: 0.9435456993371388
TPR:  0.844097995545657
precision:  0.9404466501240695
accuracy:  0.8919540229885058
MCC:  0.7888203928861296
198
Training on 26000 samples...
Train epoch: 199 [0/26000 (0%)]	Loss: 0.037552
Train epoch: 199 [263440/26000 (38%)]	Loss: 0.042453
Train epoch: 199 [507600/26000 (77%)]	Loss: 0.041793
Make prediction for 870 samples...
epoch: 199
AUC: 0.9458813197974913
TPR:  0.8552338530066815
precision:  0.9481481481481482
accuracy:  0.9011494252873563
MCC:  0.8068565057276016
199
Training on 26000 samples...
Train epoch: 200 [0/26000 (0%)]	Loss: 0.033589
Train epoch: 200 [255480/26000 (38%)]	Loss: 0.021202
Train epoch: 200 [523040/26000 (77%)]	Loss: 0.031637
Make prediction for 870 samples...
epoch: 200
AUC: 0.944360389146639
TPR:  0.8819599109131403
precision:  0.9166666666666666
accuracy:  0.8977011494252873
MCC:  0.7960555639808418
200
Training on 26000 samples...
Train epoch: 201 [0/26000 (0%)]	Loss: 0.047151
Train epoch: 201 [258180/26000 (38%)]	Loss: 0.047478
Train epoch: 201 [501040/26000 (77%)]	Loss: 0.027925
Make prediction for 870 samples...
epoch: 201
AUC: 0.9453549455374572
TPR:  0.8463251670378619
precision:  0.945273631840796
accuracy:  0.8954022988505748
MCC:  0.7959509536947206
201
Training on 26000 samples...
Train epoch: 202 [0/26000 (0%)]	Loss: 0.030727
Train epoch: 202 [258120/26000 (38%)]	Loss: 0.036548
Train epoch: 202 [517400/26000 (77%)]	Loss: 0.025616
Make prediction for 870 samples...
epoch: 202
AUC: 0.945696163022605
TPR:  0.8285077951002228
precision:  0.9489795918367347
accuracy:  0.8885057471264368
MCC:  0.78443922696187
202
Training on 26000 samples...
Train epoch: 203 [0/26000 (0%)]	Loss: 0.042135
Train epoch: 203 [251240/26000 (38%)]	Loss: 0.048414
Train epoch: 203 [524280/26000 (77%)]	Loss: 0.027992
Make prediction for 870 samples...
epoch: 203
AUC: 0.9441382010167753
TPR:  0.8574610244988864
precision:  0.9210526315789473
accuracy:  0.8885057471264368
MCC:  0.7792679452224996
203
Training on 26000 samples...
Train epoch: 204 [0/26000 (0%)]	Loss: 0.048056
Train epoch: 204 [265820/26000 (38%)]	Loss: 0.018129
Train epoch: 204 [515320/26000 (77%)]	Loss: 0.050731
Make prediction for 870 samples...
epoch: 204
AUC: 0.9489919536155828
TPR:  0.8552338530066815
precision:  0.9552238805970149
accuracy:  0.9045977011494253
MCC:  0.8144044674310974
204
Training on 26000 samples...
Train epoch: 205 [0/26000 (0%)]	Loss: 0.027653
Train epoch: 205 [256040/26000 (38%)]	Loss: 0.053717
Train epoch: 205 [508280/26000 (77%)]	Loss: 0.039511
Make prediction for 870 samples...
epoch: 205
AUC: 0.9443471636627184
TPR:  0.8841870824053452
precision:  0.9232558139534883
accuracy:  0.9022988505747126
MCC:  0.8054380577225259
205
Training on 26000 samples...
Train epoch: 206 [0/26000 (0%)]	Loss: 0.040248
Train epoch: 206 [258320/26000 (38%)]	Loss: 0.034993
Train epoch: 206 [542800/26000 (77%)]	Loss: 0.045602
Make prediction for 870 samples...
epoch: 206
AUC: 0.9479921070311962
TPR:  0.8596881959910914
precision:  0.9346246973365617
accuracy:  0.896551724137931
MCC:  0.7961619170488148
206
Training on 26000 samples...
Train epoch: 207 [0/26000 (0%)]	Loss: 0.020236
Train epoch: 207 [241700/26000 (38%)]	Loss: 0.028878
Train epoch: 207 [523640/26000 (77%)]	Loss: 0.045806
Make prediction for 870 samples...
epoch: 207
AUC: 0.9446857360510822
TPR:  0.8841870824053452
precision:  0.9126436781609195
accuracy:  0.896551724137931
MCC:  0.7935145174808972
207
Training on 26000 samples...
Train epoch: 208 [0/26000 (0%)]	Loss: 0.055899
Train epoch: 208 [255480/26000 (38%)]	Loss: 0.049825
Train epoch: 208 [528840/26000 (77%)]	Loss: 0.049503
Make prediction for 870 samples...
epoch: 208
AUC: 0.9446910262446503
TPR:  0.8485523385300668
precision:  0.9407407407407408
accuracy:  0.8942528735632184
MCC:  0.7930233170393957
208
Training on 26000 samples...
Train epoch: 209 [0/26000 (0%)]	Loss: 0.031794
Train epoch: 209 [263420/26000 (38%)]	Loss: 0.046338
Train epoch: 209 [505920/26000 (77%)]	Loss: 0.028301
Make prediction for 870 samples...
epoch: 209
AUC: 0.945405202376355
TPR:  0.8596881959910914
precision:  0.9391727493917275
accuracy:  0.8988505747126436
MCC:  0.8011114048131326
209
Training on 26000 samples...
Train epoch: 210 [0/26000 (0%)]	Loss: 0.050172
Train epoch: 210 [249660/26000 (38%)]	Loss: 0.036537
Train epoch: 210 [522920/26000 (77%)]	Loss: 0.040004
Make prediction for 870 samples...
epoch: 210
AUC: 0.9437811129509228
TPR:  0.8864142538975501
precision:  0.9170506912442397
accuracy:  0.9
MCC:  0.80049078324786
210
Training on 26000 samples...
Train epoch: 211 [0/26000 (0%)]	Loss: 0.038415
Train epoch: 211 [261680/26000 (38%)]	Loss: 0.034060
Train epoch: 211 [513200/26000 (77%)]	Loss: 0.042871
Make prediction for 870 samples...
epoch: 211
AUC: 0.9423580508810817
TPR:  0.8685968819599109
precision:  0.9154929577464789
accuracy:  0.8908045977011494
MCC:  0.7828480977975679
211
Training on 26000 samples...
Train epoch: 212 [0/26000 (0%)]	Loss: 0.022507
Train epoch: 212 [263440/26000 (38%)]	Loss: 0.030795
Train epoch: 212 [522200/26000 (77%)]	Loss: 0.053240
Make prediction for 870 samples...
epoch: 212
AUC: 0.9384406625438425
TPR:  0.8797327394209354
precision:  0.9207459207459208
accuracy:  0.8988505747126436
MCC:  0.7986347213197917
212
Training on 26000 samples...
Train epoch: 213 [0/26000 (0%)]	Loss: 0.032412
Train epoch: 213 [246660/26000 (38%)]	Loss: 0.034480
Train epoch: 213 [526760/26000 (77%)]	Loss: 0.049677
Make prediction for 870 samples...
epoch: 213
AUC: 0.9434398954657751
TPR:  0.8552338530066815
precision:  0.9434889434889435
accuracy:  0.8988505747126436
MCC:  0.8018501264415977
213
Training on 26000 samples...
Train epoch: 214 [0/26000 (0%)]	Loss: 0.043349
Train epoch: 214 [252520/26000 (38%)]	Loss: 0.066620
Train epoch: 214 [508000/26000 (77%)]	Loss: 0.024849
Make prediction for 870 samples...
epoch: 214
AUC: 0.9431251289484682
TPR:  0.844097995545657
precision:  0.949874686716792
accuracy:  0.896551724137931
MCC:  0.7989199917020897
214
Training on 26000 samples...
Train epoch: 215 [0/26000 (0%)]	Loss: 0.040910
Train epoch: 215 [266740/26000 (38%)]	Loss: 0.043552
Train epoch: 215 [511800/26000 (77%)]	Loss: 0.032637
Make prediction for 870 samples...
epoch: 215
AUC: 0.9410355024890361
TPR:  0.8619153674832962
precision:  0.9236276849642004
accuracy:  0.8919540229885058
MCC:  0.7860306238208212
215
Training on 26000 samples...
Train epoch: 216 [0/26000 (0%)]	Loss: 0.039521
Train epoch: 216 [244780/26000 (38%)]	Loss: 0.025743
Train epoch: 216 [531040/26000 (77%)]	Loss: 0.044718
Make prediction for 870 samples...
epoch: 216
AUC: 0.9431224838516842
TPR:  0.8485523385300668
precision:  0.9525
accuracy:  0.9
MCC:  0.8056174226448167
216
Training on 26000 samples...
Train epoch: 217 [0/26000 (0%)]	Loss: 0.031931
Train epoch: 217 [249260/26000 (38%)]	Loss: 0.025440
Train epoch: 217 [519680/26000 (77%)]	Loss: 0.026840
Make prediction for 870 samples...
epoch: 217
AUC: 0.9450375339233662
TPR:  0.8596881959910914
precision:  0.9301204819277108
accuracy:  0.8942528735632184
MCC:  0.7912316491879167
217
Training on 26000 samples...
Train epoch: 218 [0/26000 (0%)]	Loss: 0.035377
Train epoch: 218 [261760/26000 (38%)]	Loss: 0.024896
Train epoch: 218 [503560/26000 (77%)]	Loss: 0.055493
Make prediction for 870 samples...
epoch: 218
AUC: 0.9452491416660936
TPR:  0.8262806236080178
precision:  0.948849104859335
accuracy:  0.8873563218390804
MCC:  0.7823839074468643
218
Training on 26000 samples...
Train epoch: 219 [0/26000 (0%)]	Loss: 0.055539
Train epoch: 219 [260480/26000 (38%)]	Loss: 0.030213
Train epoch: 219 [527920/26000 (77%)]	Loss: 0.053857
Make prediction for 870 samples...
epoch: 219
AUC: 0.9433102857233546
TPR:  0.8574610244988864
precision:  0.9299516908212561
accuracy:  0.8931034482758621
MCC:  0.7890889479271961
219
Training on 26000 samples...
Train epoch: 220 [0/26000 (0%)]	Loss: 0.039201
Train epoch: 220 [257980/26000 (38%)]	Loss: 0.031645
Train epoch: 220 [520280/26000 (77%)]	Loss: 0.019654
Make prediction for 870 samples...
epoch: 220
AUC: 0.9404059694544225
TPR:  0.8552338530066815
precision:  0.9365853658536586
accuracy:  0.8954022988505748
MCC:  0.7943780630561358
220
Training on 26000 samples...
Train epoch: 221 [0/26000 (0%)]	Loss: 0.065258
Train epoch: 221 [268420/26000 (38%)]	Loss: 0.067671
Train epoch: 221 [508880/26000 (77%)]	Loss: 0.032626
Make prediction for 870 samples...
epoch: 221
AUC: 0.944741283083548
TPR:  0.8797327394209354
precision:  0.9272300469483568
accuracy:  0.9022988505747126
MCC:  0.8058534429762488
221
Training on 26000 samples...
Train epoch: 222 [0/26000 (0%)]	Loss: 0.039330
Train epoch: 222 [267800/26000 (38%)]	Loss: 0.034190
Train epoch: 222 [518600/26000 (77%)]	Loss: 0.022871
Make prediction for 870 samples...
epoch: 222
AUC: 0.9462066667019345
TPR:  0.8374164810690423
precision:  0.9447236180904522
accuracy:  0.8908045977011494
MCC:  0.7876074603639254
222
Training on 26000 samples...
Train epoch: 223 [0/26000 (0%)]	Loss: 0.029842
Train epoch: 223 [257300/26000 (38%)]	Loss: 0.033518
Train epoch: 223 [535040/26000 (77%)]	Loss: 0.054182
Make prediction for 870 samples...
epoch: 223
AUC: 0.9395119267413994
TPR:  0.8530066815144766
precision:  0.9296116504854369
accuracy:  0.8908045977011494
MCC:  0.7848146540454661
223
Training on 26000 samples...
Train epoch: 224 [0/26000 (0%)]	Loss: 0.033445
Train epoch: 224 [258960/26000 (38%)]	Loss: 0.032292
Train epoch: 224 [528680/26000 (77%)]	Loss: 0.023647
Make prediction for 870 samples...
epoch: 224
AUC: 0.9459104158621163
TPR:  0.8173719376391982
precision:  0.9557291666666666
accuracy:  0.8862068965517241
MCC:  0.7819823620537392
224
Training on 26000 samples...
Train epoch: 225 [0/26000 (0%)]	Loss: 0.024728
Train epoch: 225 [250480/26000 (38%)]	Loss: 0.036900
Train epoch: 225 [504000/26000 (77%)]	Loss: 0.042243
Make prediction for 870 samples...
epoch: 225
AUC: 0.9441223304360706
TPR:  0.8819599109131403
precision:  0.9166666666666666
accuracy:  0.8977011494252873
MCC:  0.7960555639808418
225
Training on 26000 samples...
Train epoch: 226 [0/26000 (0%)]	Loss: 0.049425
Train epoch: 226 [258680/26000 (38%)]	Loss: 0.031305
Train epoch: 226 [527800/26000 (77%)]	Loss: 0.036654
Make prediction for 870 samples...
epoch: 226
AUC: 0.9436276973374456
TPR:  0.8663697104677061
precision:  0.9218009478672986
accuracy:  0.8931034482758621
MCC:  0.787928642394217
226
Training on 26000 samples...
Train epoch: 227 [0/26000 (0%)]	Loss: 0.050879
Train epoch: 227 [258960/26000 (38%)]	Loss: 0.040231
Train epoch: 227 [525320/26000 (77%)]	Loss: 0.028677
Make prediction for 870 samples...
epoch: 227
AUC: 0.9463706627025483
TPR:  0.8485523385300668
precision:  0.9477611940298507
accuracy:  0.8977011494252873
MCC:  0.8005643321288148
227
Training on 26000 samples...
Train epoch: 228 [0/26000 (0%)]	Loss: 0.017972
Train epoch: 228 [252400/26000 (38%)]	Loss: 0.064098
Train epoch: 228 [520520/26000 (77%)]	Loss: 0.058814
Make prediction for 870 samples...
epoch: 228
AUC: 0.9459368668299573
TPR:  0.8752783964365256
precision:  0.9076212471131639
accuracy:  0.8896551724137931
MCC:  0.7798705565177583
228
Training on 26000 samples...
Train epoch: 229 [0/26000 (0%)]	Loss: 0.056472
Train epoch: 229 [258340/26000 (38%)]	Loss: 0.027704
Train epoch: 229 [518440/26000 (77%)]	Loss: 0.048189
Make prediction for 870 samples...
epoch: 229
AUC: 0.9404456459061838
TPR:  0.8708240534521158
precision:  0.9178403755868545
accuracy:  0.8931034482758621
MCC:  0.7874491668333041
229
Training on 26000 samples...
Train epoch: 230 [0/26000 (0%)]	Loss: 0.028596
Train epoch: 230 [267240/26000 (38%)]	Loss: 0.050661
Train epoch: 230 [505640/26000 (77%)]	Loss: 0.039538
Make prediction for 870 samples...
epoch: 230
AUC: 0.9450666299879912
TPR:  0.821826280623608
precision:  0.9485861182519281
accuracy:  0.8850574712643678
MCC:  0.778283007480606
230
Training on 26000 samples...
Train epoch: 231 [0/26000 (0%)]	Loss: 0.040163
Train epoch: 231 [257440/26000 (38%)]	Loss: 0.035602
Train epoch: 231 [518240/26000 (77%)]	Loss: 0.028729
Make prediction for 870 samples...
epoch: 231
AUC: 0.9465743351549234
TPR:  0.8351893095768375
precision:  0.9566326530612245
accuracy:  0.8954022988505748
MCC:  0.7983074017638809
231
Training on 26000 samples...
Train epoch: 232 [0/26000 (0%)]	Loss: 0.026198
Train epoch: 232 [258300/26000 (38%)]	Loss: 0.031355
Train epoch: 232 [515240/26000 (77%)]	Loss: 0.051355
Make prediction for 870 samples...
epoch: 232
AUC: 0.941985092234525
TPR:  0.8641425389755011
precision:  0.9326923076923077
accuracy:  0.8977011494252873
MCC:  0.7979825737576791
232
Training on 26000 samples...
Train epoch: 233 [0/26000 (0%)]	Loss: 0.037368
Train epoch: 233 [259980/26000 (38%)]	Loss: 0.032271
Train epoch: 233 [515320/26000 (77%)]	Loss: 0.028723
Make prediction for 870 samples...
epoch: 233
AUC: 0.9455797787641049
TPR:  0.8485523385300668
precision:  0.9315403422982885
accuracy:  0.8896551724137931
MCC:  0.7830388394112505
233
Training on 26000 samples...
Train epoch: 234 [0/26000 (0%)]	Loss: 0.030071
Train epoch: 234 [261040/26000 (38%)]	Loss: 0.031436
Train epoch: 234 [500760/26000 (77%)]	Loss: 0.041419
Make prediction for 870 samples...
epoch: 234
AUC: 0.9379407392516492
TPR:  0.8396436525612472
precision:  0.9308641975308642
accuracy:  0.8850574712643678
MCC:  0.774579065455121
234
Training on 26000 samples...
Train epoch: 235 [0/26000 (0%)]	Loss: 0.037164
Train epoch: 235 [262480/26000 (38%)]	Loss: 0.043655
Train epoch: 235 [507400/26000 (77%)]	Loss: 0.042849
Make prediction for 870 samples...
epoch: 235
AUC: 0.9410831142311498
TPR:  0.8507795100222717
precision:  0.9339853300733496
accuracy:  0.8919540229885058
MCC:  0.7876471624756546
235
Training on 26000 samples...
Train epoch: 236 [0/26000 (0%)]	Loss: 0.047393
Train epoch: 236 [257440/26000 (38%)]	Loss: 0.047426
Train epoch: 236 [514520/26000 (77%)]	Loss: 0.056420
Make prediction for 870 samples...
epoch: 236
AUC: 0.9396521168709564
TPR:  0.8374164810690423
precision:  0.9170731707317074
accuracy:  0.8770114942528736
MCC:  0.75751646349036
236
Training on 26000 samples...
Train epoch: 237 [0/26000 (0%)]	Loss: 0.045276
Train epoch: 237 [253400/26000 (38%)]	Loss: 0.042367
Train epoch: 237 [526080/26000 (77%)]	Loss: 0.058386
Make prediction for 870 samples...
epoch: 237
AUC: 0.9435747954017637
TPR:  0.8641425389755011
precision:  0.9394673123486683
accuracy:  0.9011494252873563
MCC:  0.8053738740896036
237
Training on 26000 samples...
Train epoch: 238 [0/26000 (0%)]	Loss: 0.039876
Train epoch: 238 [263640/26000 (38%)]	Loss: 0.039936
Train epoch: 238 [536320/26000 (77%)]	Loss: 0.045249
Make prediction for 870 samples...
epoch: 238
AUC: 0.9446037380507752
TPR:  0.8485523385300668
precision:  0.9315403422982885
accuracy:  0.8896551724137931
MCC:  0.7830388394112505
238
Training on 26000 samples...
Train epoch: 239 [0/26000 (0%)]	Loss: 0.029216
Train epoch: 239 [249740/26000 (38%)]	Loss: 0.015226
Train epoch: 239 [502200/26000 (77%)]	Loss: 0.051220
Make prediction for 870 samples...
epoch: 239
AUC: 0.9392923837083199
TPR:  0.8708240534521158
precision:  0.9156908665105387
accuracy:  0.8919540229885058
MCC:  0.7850393137951761
239
Training on 26000 samples...
Train epoch: 240 [0/26000 (0%)]	Loss: 0.042410
Train epoch: 240 [261520/26000 (38%)]	Loss: 0.024660
Train epoch: 240 [511080/26000 (77%)]	Loss: 0.040519
Make prediction for 870 samples...
epoch: 240
AUC: 0.9393849620957632
TPR:  0.8841870824053452
precision:  0.9147465437788018
accuracy:  0.8977011494252873
MCC:  0.7958906869334378
240
Training on 26000 samples...
Train epoch: 241 [0/26000 (0%)]	Loss: 0.035157
Train epoch: 241 [266840/26000 (38%)]	Loss: 0.043250
Train epoch: 241 [500600/26000 (77%)]	Loss: 0.047355
Make prediction for 870 samples...
epoch: 241
AUC: 0.9416438747493772
TPR:  0.8418708240534521
precision:  0.9242053789731052
accuracy:  0.8827586206896552
MCC:  0.7692138702180383
241
Training on 26000 samples...
Train epoch: 242 [0/26000 (0%)]	Loss: 0.022462
Train epoch: 242 [249260/26000 (38%)]	Loss: 0.026251
Train epoch: 242 [504200/26000 (77%)]	Loss: 0.023726
Make prediction for 870 samples...
epoch: 242
AUC: 0.9463521470250597
TPR:  0.8530066815144766
precision:  0.945679012345679
accuracy:  0.8988505747126436
MCC:  0.802245442831533
242
Training on 26000 samples...
Train epoch: 243 [0/26000 (0%)]	Loss: 0.022557
Train epoch: 243 [249080/26000 (38%)]	Loss: 0.050019
Train epoch: 243 [529040/26000 (77%)]	Loss: 0.033145
Make prediction for 870 samples...
epoch: 243
AUC: 0.9438816266287183
TPR:  0.8752783964365256
precision:  0.9247058823529412
accuracy:  0.8988505747126436
MCC:  0.7990660147374574
243
Training on 26000 samples...
Train epoch: 244 [0/26000 (0%)]	Loss: 0.035509
Train epoch: 244 [259900/26000 (38%)]	Loss: 0.040858
Train epoch: 244 [542360/26000 (77%)]	Loss: 0.048085
Make prediction for 870 samples...
epoch: 244
AUC: 0.9471800623184803
TPR:  0.8574610244988864
precision:  0.9367396593673966
accuracy:  0.896551724137931
MCC:  0.7965043033120358
244
Training on 26000 samples...
Train epoch: 245 [0/26000 (0%)]	Loss: 0.035847
Train epoch: 245 [261840/26000 (38%)]	Loss: 0.030376
Train epoch: 245 [523240/26000 (77%)]	Loss: 0.026839
Make prediction for 870 samples...
epoch: 245
AUC: 0.9476191483846395
TPR:  0.8418708240534521
precision:  0.949748743718593
accuracy:  0.8954022988505748
MCC:  0.7968410909278275
245
Training on 26000 samples...
Train epoch: 246 [0/26000 (0%)]	Loss: 0.033613
Train epoch: 246 [263860/26000 (38%)]	Loss: 0.035754
Train epoch: 246 [521880/26000 (77%)]	Loss: 0.040380
Make prediction for 870 samples...
epoch: 246
AUC: 0.9441725872749684
TPR:  0.8418708240534521
precision:  0.9569620253164557
accuracy:  0.8988505747126436
MCC:  0.8044839697384001
246
Training on 26000 samples...
Train epoch: 247 [0/26000 (0%)]	Loss: 0.024119
Train epoch: 247 [249980/26000 (38%)]	Loss: 0.054376
Train epoch: 247 [489040/26000 (77%)]	Loss: 0.023915
Make prediction for 870 samples...
epoch: 247
AUC: 0.9431039681741955
TPR:  0.8663697104677061
precision:  0.9261904761904762
accuracy:  0.8954022988505748
MCC:  0.7927963221918578
247
Training on 26000 samples...
Train epoch: 248 [0/26000 (0%)]	Loss: 0.034376
Train epoch: 248 [269640/26000 (38%)]	Loss: 0.075904
Train epoch: 248 [521680/26000 (77%)]	Loss: 0.066177
Make prediction for 870 samples...
epoch: 248
AUC: 0.9397949520972972
TPR:  0.8240534521158129
precision:  0.9536082474226805
accuracy:  0.8885057471264368
MCC:  0.7854917155225566
248
Training on 26000 samples...
Train epoch: 249 [0/26000 (0%)]	Loss: 0.073455
Train epoch: 249 [259860/26000 (38%)]	Loss: 0.052206
Train epoch: 249 [518080/26000 (77%)]	Loss: 0.026655
Make prediction for 870 samples...
epoch: 249
AUC: 0.9433658327558204
TPR:  0.8574610244988864
precision:  0.9232613908872902
accuracy:  0.8896551724137931
MCC:  0.7817162356639048
249
Training on 26000 samples...
Train epoch: 250 [0/26000 (0%)]	Loss: 0.024186
Train epoch: 250 [266380/26000 (38%)]	Loss: 0.034580
Train epoch: 250 [539760/26000 (77%)]	Loss: 0.051082
Make prediction for 870 samples...
epoch: 250
AUC: 0.9454739748927414
TPR:  0.8307349665924276
precision:  0.9419191919191919
accuracy:  0.8862068965517241
MCC:  0.778837571298587
250
Training on 26000 samples...
Train epoch: 251 [0/26000 (0%)]	Loss: 0.030269
Train epoch: 251 [265400/26000 (38%)]	Loss: 0.047895
Train epoch: 251 [514320/26000 (77%)]	Loss: 0.035773
Make prediction for 870 samples...
epoch: 251
AUC: 0.941903094234218
TPR:  0.8641425389755011
precision:  0.9129411764705883
accuracy:  0.8873563218390804
MCC:  0.7760595139987478
251
Training on 26000 samples...
Train epoch: 252 [0/26000 (0%)]	Loss: 0.027658
Train epoch: 252 [253680/26000 (38%)]	Loss: 0.055715
Train epoch: 252 [525320/26000 (77%)]	Loss: 0.032935
Make prediction for 870 samples...
epoch: 252
AUC: 0.9447756693417413
TPR:  0.8507795100222717
precision:  0.9385749385749386
accuracy:  0.8942528735632184
MCC:  0.7926308395520176
252
Training on 26000 samples...
Train epoch: 253 [0/26000 (0%)]	Loss: 0.026846
Train epoch: 253 [258260/26000 (38%)]	Loss: 0.024579
Train epoch: 253 [536480/26000 (77%)]	Loss: 0.030522
Make prediction for 870 samples...
epoch: 253
AUC: 0.9468071036719233
TPR:  0.8530066815144766
precision:  0.941031941031941
accuracy:  0.896551724137931
MCC:  0.7972404829968077
253
Training on 26000 samples...
Train epoch: 254 [0/26000 (0%)]	Loss: 0.033513
Train epoch: 254 [252260/26000 (38%)]	Loss: 0.047855
Train epoch: 254 [525720/26000 (77%)]	Loss: 0.040433
Make prediction for 870 samples...
epoch: 254
AUC: 0.9447624438578206
TPR:  0.8530066815144766
precision:  0.9341463414634147
accuracy:  0.8931034482758621
MCC:  0.7897703631104138
254
Training on 26000 samples...
Train epoch: 255 [0/26000 (0%)]	Loss: 0.023956
Train epoch: 255 [249860/26000 (38%)]	Loss: 0.024566
Train epoch: 255 [541760/26000 (77%)]	Loss: 0.034963
Make prediction for 870 samples...
epoch: 255
AUC: 0.9440905892746617
TPR:  0.8374164810690423
precision:  0.9543147208121827
accuracy:  0.8954022988505748
MCC:  0.7978010531420958
255
Training on 26000 samples...
Train epoch: 256 [0/26000 (0%)]	Loss: 0.030190
Train epoch: 256 [253780/26000 (38%)]	Loss: 0.023847
Train epoch: 256 [520600/26000 (77%)]	Loss: 0.019891
Make prediction for 870 samples...
epoch: 256
AUC: 0.9383136978982061
TPR:  0.8708240534521158
precision:  0.9221698113207547
accuracy:  0.8954022988505748
MCC:  0.7922820962277366
256
Training on 26000 samples...
Train epoch: 257 [0/26000 (0%)]	Loss: 0.050272
Train epoch: 257 [253540/26000 (38%)]	Loss: 0.061718
Train epoch: 257 [514200/26000 (77%)]	Loss: 0.052050
Make prediction for 870 samples...
epoch: 257
AUC: 0.9425114664945591
TPR:  0.8329621380846325
precision:  0.9468354430379747
accuracy:  0.8896551724137931
MCC:  0.7860053438535143
257
Training on 26000 samples...
Train epoch: 258 [0/26000 (0%)]	Loss: 0.027866
Train epoch: 258 [266180/26000 (38%)]	Loss: 0.032039
Train epoch: 258 [505720/26000 (77%)]	Loss: 0.047404
Make prediction for 870 samples...
epoch: 258
AUC: 0.9421437980415703
TPR:  0.8485523385300668
precision:  0.9454094292803971
accuracy:  0.896551724137931
MCC:  0.7980455562691899
258
Training on 26000 samples...
Train epoch: 259 [0/26000 (0%)]	Loss: 0.023160
Train epoch: 259 [270020/26000 (38%)]	Loss: 0.042428
Train epoch: 259 [521480/26000 (77%)]	Loss: 0.025616
Make prediction for 870 samples...
epoch: 259
AUC: 0.9456088748287299
TPR:  0.8797327394209354
precision:  0.9143518518518519
accuracy:  0.8954022988505748
MCC:  0.7914553704220493
259
Training on 26000 samples...
Train epoch: 260 [0/26000 (0%)]	Loss: 0.013865
Train epoch: 260 [269020/26000 (38%)]	Loss: 0.045354
Train epoch: 260 [515720/26000 (77%)]	Loss: 0.030663
Make prediction for 870 samples...
epoch: 260
AUC: 0.9432335779166159
TPR:  0.8240534521158129
precision:  0.9511568123393316
accuracy:  0.8873563218390804
MCC:  0.7829090294969354
260
Training on 26000 samples...
Train epoch: 261 [0/26000 (0%)]	Loss: 0.025575
Train epoch: 261 [260220/26000 (38%)]	Loss: 0.043839
Train epoch: 261 [529680/26000 (77%)]	Loss: 0.027277
Make prediction for 870 samples...
epoch: 261
AUC: 0.949520972972401
TPR:  0.8262806236080178
precision:  0.9368686868686869
accuracy:  0.8816091954022989
MCC:  0.7696002028606258
261
Training on 26000 samples...
Train epoch: 262 [0/26000 (0%)]	Loss: 0.015897
Train epoch: 262 [259680/26000 (38%)]	Loss: 0.054919
Train epoch: 262 [514880/26000 (77%)]	Loss: 0.036964
Make prediction for 870 samples...
epoch: 262
AUC: 0.9452464965693095
TPR:  0.8374164810690423
precision:  0.9494949494949495
accuracy:  0.8931034482758621
MCC:  0.7926936239555289
262
Training on 26000 samples...
Train epoch: 263 [0/26000 (0%)]	Loss: 0.042752
Train epoch: 263 [258440/26000 (38%)]	Loss: 0.030515
Train epoch: 263 [546560/26000 (77%)]	Loss: 0.039378
Make prediction for 870 samples...
epoch: 263
AUC: 0.9450163731490935
TPR:  0.8775055679287305
precision:  0.9120370370370371
accuracy:  0.8931034482758621
MCC:  0.7868551768632567
263
Training on 26000 samples...
Train epoch: 264 [0/26000 (0%)]	Loss: 0.030110
Train epoch: 264 [257500/26000 (38%)]	Loss: 0.038464
Train epoch: 264 [506840/26000 (77%)]	Loss: 0.023565
Make prediction for 870 samples...
epoch: 264
AUC: 0.9366208359563877
TPR:  0.9086859688195991
precision:  0.8607594936708861
accuracy:  0.8770114942528736
MCC:  0.7545655894029786
264
Training on 26000 samples...
Train epoch: 265 [0/26000 (0%)]	Loss: 0.094208
Train epoch: 265 [252980/26000 (38%)]	Loss: 0.061898
Train epoch: 265 [510120/26000 (77%)]	Loss: 0.024759
Make prediction for 870 samples...
epoch: 265
AUC: 0.9462754392183211
TPR:  0.8507795100222717
precision:  0.9385749385749386
accuracy:  0.8942528735632184
MCC:  0.7926308395520176
265
Training on 26000 samples...
Train epoch: 266 [0/26000 (0%)]	Loss: 0.029267
Train epoch: 266 [258280/26000 (38%)]	Loss: 0.035792
Train epoch: 266 [522200/26000 (77%)]	Loss: 0.031190
Make prediction for 870 samples...
epoch: 266
AUC: 0.9424030175264113
TPR:  0.8463251670378619
precision:  0.9336609336609336
accuracy:  0.8896551724137931
MCC:  0.7834115526624376
266
Training on 26000 samples...
Train epoch: 267 [0/26000 (0%)]	Loss: 0.028250
Train epoch: 267 [255660/26000 (38%)]	Loss: 0.029564
Train epoch: 267 [532840/26000 (77%)]	Loss: 0.020882
Make prediction for 870 samples...
epoch: 267
AUC: 0.9443233577916618
TPR:  0.8173719376391982
precision:  0.9507772020725389
accuracy:  0.8839080459770114
MCC:  0.7767851374866735
267
Training on 26000 samples...
Train epoch: 268 [0/26000 (0%)]	Loss: 0.041253
Train epoch: 268 [266980/26000 (38%)]	Loss: 0.035371
Train epoch: 268 [519040/26000 (77%)]	Loss: 0.037447
Make prediction for 870 samples...
epoch: 268
AUC: 0.943151579916309
TPR:  0.8663697104677061
precision:  0.9218009478672986
accuracy:  0.8931034482758621
MCC:  0.787928642394217
268
Training on 26000 samples...
Train epoch: 269 [0/26000 (0%)]	Loss: 0.016293
Train epoch: 269 [262740/26000 (38%)]	Loss: 0.019213
Train epoch: 269 [485120/26000 (77%)]	Loss: 0.038804
Make prediction for 870 samples...
epoch: 269
AUC: 0.9459368668299574
TPR:  0.8730512249443207
precision:  0.9223529411764706
accuracy:  0.896551724137931
MCC:  0.7944647145897155
269
Training on 26000 samples...
Train epoch: 270 [0/26000 (0%)]	Loss: 0.023175
Train epoch: 270 [255600/26000 (38%)]	Loss: 0.016911
Train epoch: 270 [511280/26000 (77%)]	Loss: 0.018381
Make prediction for 870 samples...
epoch: 270
AUC: 0.941643874749377
TPR:  0.8730512249443207
precision:  0.92018779342723
accuracy:  0.8954022988505748
MCC:  0.7920502358690403
270
Training on 26000 samples...
Train epoch: 271 [0/26000 (0%)]	Loss: 0.029073
Train epoch: 271 [261020/26000 (38%)]	Loss: 0.009359
Train epoch: 271 [531400/26000 (77%)]	Loss: 0.033361
Make prediction for 870 samples...
epoch: 271
AUC: 0.9425590782366728
TPR:  0.8530066815144766
precision:  0.9318734793187348
accuracy:  0.8919540229885058
MCC:  0.7872901003098421
271
Training on 26000 samples...
Train epoch: 272 [0/26000 (0%)]	Loss: 0.018923
Train epoch: 272 [258880/26000 (38%)]	Loss: 0.016479
Train epoch: 272 [505280/26000 (77%)]	Loss: 0.055198
Make prediction for 870 samples...
epoch: 272
AUC: 0.9435060228853773
TPR:  0.8463251670378619
precision:  0.9290953545232273
accuracy:  0.8873563218390804
MCC:  0.7784305163468465
272
Training on 26000 samples...
Train epoch: 273 [0/26000 (0%)]	Loss: 0.031915
Train epoch: 273 [257280/26000 (38%)]	Loss: 0.039681
Train epoch: 273 [534280/26000 (77%)]	Loss: 0.017419
Make prediction for 870 samples...
epoch: 273
AUC: 0.9472990916737642
TPR:  0.8663697104677061
precision:  0.9350961538461539
accuracy:  0.9
MCC:  0.8025870521837495
273
Training on 26000 samples...
Train epoch: 274 [0/26000 (0%)]	Loss: 0.025075
Train epoch: 274 [267200/26000 (38%)]	Loss: 0.047482
Train epoch: 274 [542000/26000 (77%)]	Loss: 0.031544
Make prediction for 870 samples...
epoch: 274
AUC: 0.9446381243089685
TPR:  0.8775055679287305
precision:  0.9120370370370371
accuracy:  0.8931034482758621
MCC:  0.7868551768632567
274
Training on 26000 samples...
Train epoch: 275 [0/26000 (0%)]	Loss: 0.040608
Train epoch: 275 [263640/26000 (38%)]	Loss: 0.041651
Train epoch: 275 [513960/26000 (77%)]	Loss: 0.022643
Make prediction for 870 samples...
epoch: 275
AUC: 0.9466219468970369
TPR:  0.8596881959910914
precision:  0.9391727493917275
accuracy:  0.8988505747126436
MCC:  0.8011114048131326
275
Training on 26000 samples...
Train epoch: 276 [0/26000 (0%)]	Loss: 0.018635
Train epoch: 276 [275360/26000 (38%)]	Loss: 0.024322
Train epoch: 276 [507000/26000 (77%)]	Loss: 0.043261
Make prediction for 870 samples...
epoch: 276
AUC: 0.9476641150299691
TPR:  0.8374164810690423
precision:  0.9543147208121827
accuracy:  0.8954022988505748
MCC:  0.7978010531420958
276
Training on 26000 samples...
Train epoch: 277 [0/26000 (0%)]	Loss: 0.031150
Train epoch: 277 [258460/26000 (38%)]	Loss: 0.019719
Train epoch: 277 [520920/26000 (77%)]	Loss: 0.064504
Make prediction for 870 samples...
epoch: 277
AUC: 0.9423527606875135
TPR:  0.8663697104677061
precision:  0.930622009569378
accuracy:  0.8977011494252873
MCC:  0.7976823492299846
277
Training on 26000 samples...
Train epoch: 278 [0/26000 (0%)]	Loss: 0.023814
Train epoch: 278 [264220/26000 (38%)]	Loss: 0.066220
Train epoch: 278 [532080/26000 (77%)]	Loss: 0.022101
Make prediction for 870 samples...
epoch: 278
AUC: 0.9423765665585704
TPR:  0.8463251670378619
precision:  0.9405940594059405
accuracy:  0.8931034482758621
MCC:  0.7909200897043261
278
Training on 26000 samples...
Train epoch: 279 [0/26000 (0%)]	Loss: 0.034638
Train epoch: 279 [261540/26000 (38%)]	Loss: 0.025877
Train epoch: 279 [501480/26000 (77%)]	Loss: 0.050872
Make prediction for 870 samples...
epoch: 279
AUC: 0.9385940781573197
TPR:  0.8530066815144766
precision:  0.9387254901960784
accuracy:  0.8954022988505748
MCC:  0.79474551095864
279
Training on 26000 samples...
Train epoch: 280 [0/26000 (0%)]	Loss: 0.016650
Train epoch: 280 [260140/26000 (38%)]	Loss: 0.021739
Train epoch: 280 [526280/26000 (77%)]	Loss: 0.033341
Make prediction for 870 samples...
epoch: 280
AUC: 0.9485713832269123
TPR:  0.8507795100222717
precision:  0.9455445544554455
accuracy:  0.8977011494252873
MCC:  0.8001437094201885
280
Training on 26000 samples...
Train epoch: 281 [0/26000 (0%)]	Loss: 0.039497
Train epoch: 281 [271620/26000 (38%)]	Loss: 0.041862
Train epoch: 281 [509440/26000 (77%)]	Loss: 0.047544
Make prediction for 870 samples...
epoch: 281
AUC: 0.9416015532008315
TPR:  0.8841870824053452
precision:  0.9232558139534883
accuracy:  0.9022988505747126
MCC:  0.8054380577225259
281
Training on 26000 samples...
Train epoch: 282 [0/26000 (0%)]	Loss: 0.034778
Train epoch: 282 [260020/26000 (38%)]	Loss: 0.017221
Train epoch: 282 [544960/26000 (77%)]	Loss: 0.029794
Make prediction for 870 samples...
epoch: 282
AUC: 0.9466166567034688
TPR:  0.8663697104677061
precision:  0.9218009478672986
accuracy:  0.8931034482758621
MCC:  0.787928642394217
282
Training on 26000 samples...
Train epoch: 283 [0/26000 (0%)]	Loss: 0.028660
Train epoch: 283 [247580/26000 (38%)]	Loss: 0.027066
Train epoch: 283 [524800/26000 (77%)]	Loss: 0.054487
Make prediction for 870 samples...
epoch: 283
AUC: 0.9417840648789338
TPR:  0.8864142538975501
precision:  0.9107551487414187
accuracy:  0.896551724137931
MCC:  0.7933748543579701
283
Training on 26000 samples...
Train epoch: 284 [0/26000 (0%)]	Loss: 0.035816
Train epoch: 284 [255680/26000 (38%)]	Loss: 0.059091
Train epoch: 284 [529320/26000 (77%)]	Loss: 0.037666
Make prediction for 870 samples...
epoch: 284
AUC: 0.9407233810685133
TPR:  0.844097995545657
precision:  0.9312039312039312
accuracy:  0.8873563218390804
MCC:  0.7788019092176476
284
Training on 26000 samples...
Train epoch: 285 [0/26000 (0%)]	Loss: 0.030221
Train epoch: 285 [264140/26000 (38%)]	Loss: 0.025477
Train epoch: 285 [491080/26000 (77%)]	Loss: 0.039339
Make prediction for 870 samples...
epoch: 285
AUC: 0.9445719968893661
TPR:  0.8663697104677061
precision:  0.9131455399061033
accuracy:  0.8885057471264368
MCC:  0.7782470287618317
285
Training on 26000 samples...
Train epoch: 286 [0/26000 (0%)]	Loss: 0.026585
Train epoch: 286 [269080/26000 (38%)]	Loss: 0.028340
Train epoch: 286 [512880/26000 (77%)]	Loss: 0.085618
Make prediction for 870 samples...
epoch: 286
AUC: 0.9465240783160256
TPR:  0.844097995545657
precision:  0.949874686716792
accuracy:  0.896551724137931
MCC:  0.7989199917020897
286
Training on 26000 samples...
Train epoch: 287 [0/26000 (0%)]	Loss: 0.034306
Train epoch: 287 [253820/26000 (38%)]	Loss: 0.041108
Train epoch: 287 [496080/26000 (77%)]	Loss: 0.018761
Make prediction for 870 samples...
epoch: 287
AUC: 0.9461352490887642
TPR:  0.8463251670378619
precision:  0.9405940594059405
accuracy:  0.8931034482758621
MCC:  0.7909200897043261
287
Training on 26000 samples...
Train epoch: 288 [0/26000 (0%)]	Loss: 0.020534
Train epoch: 288 [257940/26000 (38%)]	Loss: 0.040807
Train epoch: 288 [499120/26000 (77%)]	Loss: 0.031964
Make prediction for 870 samples...
epoch: 288
AUC: 0.9394034777732517
TPR:  0.8574610244988864
precision:  0.9299516908212561
accuracy:  0.8931034482758621
MCC:  0.7890889479271961
288
Training on 26000 samples...
Train epoch: 289 [0/26000 (0%)]	Loss: 0.022105
Train epoch: 289 [262920/26000 (38%)]	Loss: 0.057653
Train epoch: 289 [525600/26000 (77%)]	Loss: 0.027555
Make prediction for 870 samples...
epoch: 289
AUC: 0.9444688381147867
TPR:  0.8619153674832962
precision:  0.9347826086956522
accuracy:  0.8977011494252873
MCC:  0.7982998557882043
289
Training on 26000 samples...
Train epoch: 290 [0/26000 (0%)]	Loss: 0.026032
Train epoch: 290 [260680/26000 (38%)]	Loss: 0.022965
Train epoch: 290 [528440/26000 (77%)]	Loss: 0.027289
Make prediction for 870 samples...
epoch: 290
AUC: 0.9499071571028784
TPR:  0.8775055679287305
precision:  0.9184149184149184
accuracy:  0.896551724137931
MCC:  0.794034199515713
290
Training on 26000 samples...
Train epoch: 291 [0/26000 (0%)]	Loss: 0.016589
Train epoch: 291 [253240/26000 (38%)]	Loss: 0.030323
Train epoch: 291 [546480/26000 (77%)]	Loss: 0.033624
Make prediction for 870 samples...
epoch: 291
AUC: 0.9461881510244461
TPR:  0.8574610244988864
precision:  0.9390243902439024
accuracy:  0.8977011494252873
MCC:  0.7989857630018578
291
Training on 26000 samples...
Train epoch: 292 [0/26000 (0%)]	Loss: 0.027237
Train epoch: 292 [262040/26000 (38%)]	Loss: 0.026655
Train epoch: 292 [520680/26000 (77%)]	Loss: 0.034833
Make prediction for 870 samples...
epoch: 292
AUC: 0.9429770035285592
TPR:  0.8596881959910914
precision:  0.9125295508274232
accuracy:  0.8850574712643678
MCC:  0.7716960745797188
292
Training on 26000 samples...
Train epoch: 293 [0/26000 (0%)]	Loss: 0.025628
Train epoch: 293 [255180/26000 (38%)]	Loss: 0.035738
Train epoch: 293 [507280/26000 (77%)]	Loss: 0.051065
Make prediction for 870 samples...
epoch: 293
AUC: 0.9433578974654684
TPR:  0.8374164810690423
precision:  0.9518987341772152
accuracy:  0.8942528735632184
MCC:  0.7952446567959571
293
Training on 26000 samples...
Train epoch: 294 [0/26000 (0%)]	Loss: 0.030470
Train epoch: 294 [264120/26000 (38%)]	Loss: 0.056181
Train epoch: 294 [547520/26000 (77%)]	Loss: 0.054651
Make prediction for 870 samples...
epoch: 294
AUC: 0.9435113130789455
TPR:  0.8151447661469933
precision:  0.9581151832460733
accuracy:  0.8862068965517241
MCC:  0.7825676620997493
294
Training on 26000 samples...
Train epoch: 295 [0/26000 (0%)]	Loss: 0.036883
Train epoch: 295 [248980/26000 (38%)]	Loss: 0.022434
Train epoch: 295 [506360/26000 (77%)]	Loss: 0.025040
Make prediction for 870 samples...
epoch: 295
AUC: 0.9411968533928656
TPR:  0.8574610244988864
precision:  0.9367396593673966
accuracy:  0.896551724137931
MCC:  0.7965043033120358
295
Training on 26000 samples...
Train epoch: 296 [0/26000 (0%)]	Loss: 0.014818
Train epoch: 296 [261500/26000 (38%)]	Loss: 0.029080
Train epoch: 296 [544320/26000 (77%)]	Loss: 0.020418
Make prediction for 870 samples...
epoch: 296
AUC: 0.9475318601907644
TPR:  0.8374164810690423
precision:  0.9261083743842364
accuracy:  0.8816091954022989
MCC:  0.7674680601702238
296
Training on 26000 samples...
Train epoch: 297 [0/26000 (0%)]	Loss: 0.018969
Train epoch: 297 [265840/26000 (38%)]	Loss: 0.039615
Train epoch: 297 [529840/26000 (77%)]	Loss: 0.045540
Make prediction for 870 samples...
epoch: 297
AUC: 0.9432997053362183
TPR:  0.8730512249443207
precision:  0.9158878504672897
accuracy:  0.8931034482758621
MCC:  0.7872344958146775
297
Training on 26000 samples...
Train epoch: 298 [0/26000 (0%)]	Loss: 0.028552
Train epoch: 298 [251060/26000 (38%)]	Loss: 0.035004
Train epoch: 298 [519200/26000 (77%)]	Loss: 0.032396
Make prediction for 870 samples...
epoch: 298
AUC: 0.9431621603034455
TPR:  0.8663697104677061
precision:  0.9350961538461539
accuracy:  0.9
MCC:  0.8025870521837495
298
Training on 26000 samples...
Train epoch: 299 [0/26000 (0%)]	Loss: 0.026453
Train epoch: 299 [256420/26000 (38%)]	Loss: 0.032614
Train epoch: 299 [505560/26000 (77%)]	Loss: 0.034234
Make prediction for 870 samples...
epoch: 299
AUC: 0.9418819334599452
TPR:  0.8641425389755011
precision:  0.9282296650717703
accuracy:  0.8954022988505748
MCC:  0.7930787482281134
299
Training on 26000 samples...
Train epoch: 300 [0/26000 (0%)]	Loss: 0.038748
Train epoch: 300 [265820/26000 (38%)]	Loss: 0.025684
Train epoch: 300 [521880/26000 (77%)]	Loss: 0.025088
Make prediction for 870 samples...
epoch: 300
AUC: 0.9472144485766735
TPR:  0.8552338530066815
precision:  0.9365853658536586
accuracy:  0.8954022988505748
MCC:  0.7943780630561358
300
Training on 26000 samples...
Train epoch: 301 [0/26000 (0%)]	Loss: 0.030011
Train epoch: 301 [269000/26000 (38%)]	Loss: 0.037521
Train epoch: 301 [512520/26000 (77%)]	Loss: 0.041136
Make prediction for 870 samples...
epoch: 301
AUC: 0.9454581043120368
TPR:  0.8485523385300668
precision:  0.9315403422982885
accuracy:  0.8896551724137931
MCC:  0.7830388394112505
301
Training on 26000 samples...
Train epoch: 302 [0/26000 (0%)]	Loss: 0.037682
Train epoch: 302 [259040/26000 (38%)]	Loss: 0.039614
Train epoch: 302 [500960/26000 (77%)]	Loss: 0.025364
Make prediction for 870 samples...
epoch: 302
AUC: 0.9420353490734226
TPR:  0.8708240534521158
precision:  0.9135514018691588
accuracy:  0.8908045977011494
MCC:  0.7826338159415096
302
Training on 26000 samples...
Train epoch: 303 [0/26000 (0%)]	Loss: 0.038354
Train epoch: 303 [244800/26000 (38%)]	Loss: 0.024421
Train epoch: 303 [486880/26000 (77%)]	Loss: 0.014866
Make prediction for 870 samples...
epoch: 303
AUC: 0.9471245152860143
TPR:  0.8752783964365256
precision:  0.9118329466357309
accuracy:  0.8919540229885058
MCC:  0.7846436201714952
303
Training on 26000 samples...
Train epoch: 304 [0/26000 (0%)]	Loss: 0.028571
Train epoch: 304 [252740/26000 (38%)]	Loss: 0.035671
Train epoch: 304 [522480/26000 (77%)]	Loss: 0.030837
Make prediction for 870 samples...
epoch: 304
AUC: 0.9467436213491052
TPR:  0.8530066815144766
precision:  0.9318734793187348
accuracy:  0.8919540229885058
MCC:  0.7872901003098421
304
Training on 26000 samples...
Train epoch: 305 [0/26000 (0%)]	Loss: 0.030773
Train epoch: 305 [262740/26000 (38%)]	Loss: 0.030084
Train epoch: 305 [506400/26000 (77%)]	Loss: 0.029576
Make prediction for 870 samples...
epoch: 305
AUC: 0.9506266234281513
TPR:  0.844097995545657
precision:  0.959493670886076
accuracy:  0.9011494252873563
MCC:  0.8091036262096215
305
Training on 26000 samples...
Train epoch: 306 [0/26000 (0%)]	Loss: 0.035443
Train epoch: 306 [262080/26000 (38%)]	Loss: 0.042588
Train epoch: 306 [520240/26000 (77%)]	Loss: 0.054436
Make prediction for 870 samples...
epoch: 306
AUC: 0.9466325272841734
TPR:  0.8396436525612472
precision:  0.9448621553884712
accuracy:  0.8919540229885058
MCC:  0.7896881546892152
306
Training on 26000 samples...
Train epoch: 307 [0/26000 (0%)]	Loss: 0.026424
Train epoch: 307 [253300/26000 (38%)]	Loss: 0.040881
Train epoch: 307 [514280/26000 (77%)]	Loss: 0.044108
Make prediction for 870 samples...
epoch: 307
AUC: 0.9469367134143439
TPR:  0.8463251670378619
precision:  0.945273631840796
accuracy:  0.8954022988505748
MCC:  0.7959509536947206
307
Training on 26000 samples...
Train epoch: 308 [0/26000 (0%)]	Loss: 0.017267
Train epoch: 308 [267300/26000 (38%)]	Loss: 0.043308
Train epoch: 308 [527360/26000 (77%)]	Loss: 0.059718
Make prediction for 870 samples...
epoch: 308
AUC: 0.944077363790741
TPR:  0.8574610244988864
precision:  0.9390243902439024
accuracy:  0.8977011494252873
MCC:  0.7989857630018578
308
Training on 26000 samples...
Train epoch: 309 [0/26000 (0%)]	Loss: 0.032231
Train epoch: 309 [253780/26000 (38%)]	Loss: 0.059167
Train epoch: 309 [502600/26000 (77%)]	Loss: 0.033077
Make prediction for 870 samples...
epoch: 309
AUC: 0.9484153225166508
TPR:  0.8619153674832962
precision:  0.9214285714285714
accuracy:  0.8908045977011494
MCC:  0.7835906792114519
309
Training on 26000 samples...
Train epoch: 310 [0/26000 (0%)]	Loss: 0.014595
Train epoch: 310 [264980/26000 (38%)]	Loss: 0.041221
Train epoch: 310 [513600/26000 (77%)]	Loss: 0.037881
Make prediction for 870 samples...
epoch: 310
AUC: 0.9497458061990487
TPR:  0.8619153674832962
precision:  0.937046004842615
accuracy:  0.8988505747126436
MCC:  0.8007678955692091
310
Training on 26000 samples...
Train epoch: 311 [0/26000 (0%)]	Loss: 0.031877
Train epoch: 311 [257340/26000 (38%)]	Loss: 0.032908
Train epoch: 311 [526800/26000 (77%)]	Loss: 0.022655
Make prediction for 870 samples...
epoch: 311
AUC: 0.9452385612789571
TPR:  0.8619153674832962
precision:  0.9280575539568345
accuracy:  0.8942528735632184
MCC:  0.7909242905936366
311
Training on 26000 samples...
Train epoch: 312 [0/26000 (0%)]	Loss: 0.042739
Train epoch: 312 [265580/26000 (38%)]	Loss: 0.026795
Train epoch: 312 [534840/26000 (77%)]	Loss: 0.036959
Make prediction for 870 samples...
epoch: 312
AUC: 0.9451089515365367
TPR:  0.8663697104677061
precision:  0.9261904761904762
accuracy:  0.8954022988505748
MCC:  0.7927963221918578
312
Training on 26000 samples...
Train epoch: 313 [0/26000 (0%)]	Loss: 0.020097
Train epoch: 313 [256820/26000 (38%)]	Loss: 0.021431
Train epoch: 313 [510040/26000 (77%)]	Loss: 0.027007
Make prediction for 870 samples...
epoch: 313
AUC: 0.9448497320516958
TPR:  0.8619153674832962
precision:  0.9508599508599509
accuracy:  0.9057471264367816
MCC:  0.8156790567759679
313
Training on 26000 samples...
Train epoch: 314 [0/26000 (0%)]	Loss: 0.024553
Train epoch: 314 [260060/26000 (38%)]	Loss: 0.046106
Train epoch: 314 [534240/26000 (77%)]	Loss: 0.060168
Make prediction for 870 samples...
epoch: 314
AUC: 0.9421517333319227
TPR:  0.8285077951002228
precision:  0.9538461538461539
accuracy:  0.8908045977011494
MCC:  0.7895816385876636
314
Training on 26000 samples...
Train epoch: 315 [0/26000 (0%)]	Loss: 0.050388
Train epoch: 315 [257000/26000 (38%)]	Loss: 0.017189
Train epoch: 315 [537960/26000 (77%)]	Loss: 0.053137
Make prediction for 870 samples...
epoch: 315
AUC: 0.9449925672780368
TPR:  0.8507795100222717
precision:  0.9478908188585607
accuracy:  0.8988505747126436
MCC:  0.80265813796072
315
Training on 26000 samples...
Train epoch: 316 [0/26000 (0%)]	Loss: 0.021044
Train epoch: 316 [261700/26000 (38%)]	Loss: 0.022408
Train epoch: 316 [495240/26000 (77%)]	Loss: 0.013806
Make prediction for 870 samples...
epoch: 316
AUC: 0.9462754392183209
TPR:  0.8596881959910914
precision:  0.9391727493917275
accuracy:  0.8988505747126436
MCC:  0.8011114048131326
316
Training on 26000 samples...
Train epoch: 317 [0/26000 (0%)]	Loss: 0.033477
Train epoch: 317 [261840/26000 (38%)]	Loss: 0.023172
Train epoch: 317 [505920/26000 (77%)]	Loss: 0.014709
Make prediction for 870 samples...
epoch: 317
AUC: 0.9443630342434229
TPR:  0.8530066815144766
precision:  0.941031941031941
accuracy:  0.896551724137931
MCC:  0.7972404829968077
317
Training on 26000 samples...
Train epoch: 318 [0/26000 (0%)]	Loss: 0.026530
Train epoch: 318 [258700/26000 (38%)]	Loss: 0.026801
Train epoch: 318 [513800/26000 (77%)]	Loss: 0.036021
Make prediction for 870 samples...
epoch: 318
AUC: 0.9442757460495479
TPR:  0.8418708240534521
precision:  0.9402985074626866
accuracy:  0.8908045977011494
MCC:  0.7867241968265323
318
Training on 26000 samples...
Train epoch: 319 [0/26000 (0%)]	Loss: 0.035217
Train epoch: 319 [255600/26000 (38%)]	Loss: 0.024501
Train epoch: 319 [514240/26000 (77%)]	Loss: 0.026846
Make prediction for 870 samples...
epoch: 319
AUC: 0.943900142306207
TPR:  0.8463251670378619
precision:  0.9359605911330049
accuracy:  0.8908045977011494
MCC:  0.785909423250005
319
Training on 26000 samples...
Train epoch: 320 [0/26000 (0%)]	Loss: 0.036595
Train epoch: 320 [255980/26000 (38%)]	Loss: 0.016792
Train epoch: 320 [514280/26000 (77%)]	Loss: 0.028790
Make prediction for 870 samples...
epoch: 320
AUC: 0.9411624671346726
TPR:  0.8797327394209354
precision:  0.9122401847575058
accuracy:  0.8942528735632184
MCC:  0.789070822078435
320
Training on 26000 samples...
Train epoch: 321 [0/26000 (0%)]	Loss: 0.018282
Train epoch: 321 [258420/26000 (38%)]	Loss: 0.043959
Train epoch: 321 [517680/26000 (77%)]	Loss: 0.022628
Make prediction for 870 samples...
epoch: 321
AUC: 0.946129958895196
TPR:  0.8463251670378619
precision:  0.9476309226932669
accuracy:  0.896551724137931
MCC:  0.7984740722776837
321
Training on 26000 samples...
Train epoch: 322 [0/26000 (0%)]	Loss: 0.020801
Train epoch: 322 [263880/26000 (38%)]	Loss: 0.037438
Train epoch: 322 [526040/26000 (77%)]	Loss: 0.033872
Make prediction for 870 samples...
epoch: 322
AUC: 0.9504070803950716
TPR:  0.8530066815144766
precision:  0.945679012345679
accuracy:  0.8988505747126436
MCC:  0.802245442831533
322
Training on 26000 samples...
Train epoch: 323 [0/26000 (0%)]	Loss: 0.023901
Train epoch: 323 [255300/26000 (38%)]	Loss: 0.037726
Train epoch: 323 [524240/26000 (77%)]	Loss: 0.020897
Make prediction for 870 samples...
epoch: 323
AUC: 0.9442916166302525
TPR:  0.8752783964365256
precision:  0.9203747072599532
accuracy:  0.896551724137931
MCC:  0.7942410383568285
323
Training on 26000 samples...
Train epoch: 324 [0/26000 (0%)]	Loss: 0.025551
Train epoch: 324 [253160/26000 (38%)]	Loss: 0.037029
Train epoch: 324 [514920/26000 (77%)]	Loss: 0.021014
Make prediction for 870 samples...
epoch: 324
AUC: 0.9466060763163324
TPR:  0.8797327394209354
precision:  0.9122401847575058
accuracy:  0.8942528735632184
MCC:  0.789070822078435
324
Training on 26000 samples...
Train epoch: 325 [0/26000 (0%)]	Loss: 0.027998
Train epoch: 325 [257220/26000 (38%)]	Loss: 0.028801
Train epoch: 325 [510840/26000 (77%)]	Loss: 0.028150
Make prediction for 870 samples...
epoch: 325
AUC: 0.9427442350115592
TPR:  0.8775055679287305
precision:  0.9162790697674419
accuracy:  0.8954022988505748
MCC:  0.791636893524418
325
Training on 26000 samples...
Train epoch: 326 [0/26000 (0%)]	Loss: 0.060093
Train epoch: 326 [261780/26000 (38%)]	Loss: 0.036808
Train epoch: 326 [531840/26000 (77%)]	Loss: 0.033627
Make prediction for 870 samples...
epoch: 326
AUC: 0.9459368668299573
TPR:  0.8730512249443207
precision:  0.92018779342723
accuracy:  0.8954022988505748
MCC:  0.7920502358690403
326
Training on 26000 samples...
Train epoch: 327 [0/26000 (0%)]	Loss: 0.058882
Train epoch: 327 [257260/26000 (38%)]	Loss: 0.029188
Train epoch: 327 [542760/26000 (77%)]	Loss: 0.036511
Make prediction for 870 samples...
epoch: 327
AUC: 0.9433869935300931
TPR:  0.8329621380846325
precision:  0.9468354430379747
accuracy:  0.8896551724137931
MCC:  0.7860053438535143
327
Training on 26000 samples...
Train epoch: 328 [0/26000 (0%)]	Loss: 0.028230
Train epoch: 328 [268360/26000 (38%)]	Loss: 0.036496
Train epoch: 328 [514240/26000 (77%)]	Loss: 0.028132
Make prediction for 870 samples...
epoch: 328
AUC: 0.9480238481926054
TPR:  0.8596881959910914
precision:  0.9301204819277108
accuracy:  0.8942528735632184
MCC:  0.7912316491879167
328
Training on 26000 samples...
Train epoch: 329 [0/26000 (0%)]	Loss: 0.020959
Train epoch: 329 [264440/26000 (38%)]	Loss: 0.026925
Train epoch: 329 [509920/26000 (77%)]	Loss: 0.026465
Make prediction for 870 samples...
epoch: 329
AUC: 0.9460347354109688
TPR:  0.8574610244988864
precision:  0.9299516908212561
accuracy:  0.8931034482758621
MCC:  0.7890889479271961
329
Training on 26000 samples...
Train epoch: 330 [0/26000 (0%)]	Loss: 0.025163
Train epoch: 330 [268340/26000 (38%)]	Loss: 0.024121
Train epoch: 330 [491600/26000 (77%)]	Loss: 0.029606
Make prediction for 870 samples...
epoch: 330
AUC: 0.9454819101830935
TPR:  0.8552338530066815
precision:  0.9388753056234719
accuracy:  0.896551724137931
MCC:  0.7968638086044627
330
Training on 26000 samples...
Train epoch: 331 [0/26000 (0%)]	Loss: 0.016784
Train epoch: 331 [267320/26000 (38%)]	Loss: 0.019189
Train epoch: 331 [524880/26000 (77%)]	Loss: 0.062525
Make prediction for 870 samples...
epoch: 331
AUC: 0.9493622671653557
TPR:  0.8485523385300668
precision:  0.9384236453201971
accuracy:  0.8931034482758621
MCC:  0.7905197640199503
331
Training on 26000 samples...
Train epoch: 332 [0/26000 (0%)]	Loss: 0.028900
Train epoch: 332 [257300/26000 (38%)]	Loss: 0.031504
Train epoch: 332 [508080/26000 (77%)]	Loss: 0.034233
Make prediction for 870 samples...
epoch: 332
AUC: 0.9462860196054573
TPR:  0.8329621380846325
precision:  0.9468354430379747
accuracy:  0.8896551724137931
MCC:  0.7860053438535143
332
Training on 26000 samples...
Train epoch: 333 [0/26000 (0%)]	Loss: 0.037013
Train epoch: 333 [255120/26000 (38%)]	Loss: 0.038512
Train epoch: 333 [497560/26000 (77%)]	Loss: 0.036782
Make prediction for 870 samples...
epoch: 333
AUC: 0.9447677340513889
TPR:  0.8463251670378619
precision:  0.95
accuracy:  0.8977011494252873
MCC:  0.8010023758435986
333
Training on 26000 samples...
Train epoch: 334 [0/26000 (0%)]	Loss: 0.031905
Train epoch: 334 [255980/26000 (38%)]	Loss: 0.033999
Train epoch: 334 [510600/26000 (77%)]	Loss: 0.041783
Make prediction for 870 samples...
epoch: 334
AUC: 0.9469287781239916
TPR:  0.8552338530066815
precision:  0.9297820823244553
accuracy:  0.8919540229885058
MCC:  0.786949960008026
334
Training on 26000 samples...
Train epoch: 335 [0/26000 (0%)]	Loss: 0.021402
Train epoch: 335 [267920/26000 (38%)]	Loss: 0.058656
Train epoch: 335 [521560/26000 (77%)]	Loss: 0.025154
Make prediction for 870 samples...
epoch: 335
AUC: 0.9434002190140137
TPR:  0.8396436525612472
precision:  0.9425
accuracy:  0.8908045977011494
MCC:  0.7871572354399443
335
Training on 26000 samples...
Train epoch: 336 [0/26000 (0%)]	Loss: 0.037164
Train epoch: 336 [266180/26000 (38%)]	Loss: 0.072354
Train epoch: 336 [506840/26000 (77%)]	Loss: 0.047539
Make prediction for 870 samples...
epoch: 336
AUC: 0.9440112363711388
TPR:  0.8351893095768375
precision:  0.946969696969697
accuracy:  0.8908045977011494
MCC:  0.7880749397365483
336
Training on 26000 samples...
Train epoch: 337 [0/26000 (0%)]	Loss: 0.016585
Train epoch: 337 [254480/26000 (38%)]	Loss: 0.035165
Train epoch: 337 [534440/26000 (77%)]	Loss: 0.031079
Make prediction for 870 samples...
epoch: 337
AUC: 0.9469949055435938
TPR:  0.8619153674832962
precision:  0.937046004842615
accuracy:  0.8988505747126436
MCC:  0.8007678955692091
337
Training on 26000 samples...
Train epoch: 338 [0/26000 (0%)]	Loss: 0.020973
Train epoch: 338 [252200/26000 (38%)]	Loss: 0.019985
Train epoch: 338 [515000/26000 (77%)]	Loss: 0.017017
Make prediction for 870 samples...
epoch: 338
AUC: 0.9449185045680821
TPR:  0.8708240534521158
precision:  0.9178403755868545
accuracy:  0.8931034482758621
MCC:  0.7874491668333041
338
Training on 26000 samples...
Train epoch: 339 [0/26000 (0%)]	Loss: 0.019431
Train epoch: 339 [254940/26000 (38%)]	Loss: 0.028786
Train epoch: 339 [561160/26000 (77%)]	Loss: 0.076799
Make prediction for 870 samples...
epoch: 339
AUC: 0.9422337313322294
TPR:  0.8396436525612472
precision:  0.9331683168316832
accuracy:  0.8862068965517241
MCC:  0.7770846601305327
339
Training on 26000 samples...
Train epoch: 340 [0/26000 (0%)]	Loss: 0.026814
Train epoch: 340 [274200/26000 (38%)]	Loss: 0.035924
Train epoch: 340 [511760/26000 (77%)]	Loss: 0.020177
Make prediction for 870 samples...
epoch: 340
AUC: 0.9469340683175598
TPR:  0.8596881959910914
precision:  0.9437652811735942
accuracy:  0.9011494252873563
MCC:  0.8060804547332708
340
Training on 26000 samples...
Train epoch: 341 [0/26000 (0%)]	Loss: 0.059750
Train epoch: 341 [266000/26000 (38%)]	Loss: 0.022782
Train epoch: 341 [515520/26000 (77%)]	Loss: 0.017857
Make prediction for 870 samples...
epoch: 341
AUC: 0.9485105460008781
TPR:  0.8307349665924276
precision:  0.9443037974683545
accuracy:  0.8873563218390804
MCC:  0.7813856873822927
341
Training on 26000 samples...
Train epoch: 342 [0/26000 (0%)]	Loss: 0.033451
Train epoch: 342 [256520/26000 (38%)]	Loss: 0.022212
Train epoch: 342 [510880/26000 (77%)]	Loss: 0.012139
Make prediction for 870 samples...
epoch: 342
AUC: 0.9421199921705136
TPR:  0.844097995545657
precision:  0.9451371571072319
accuracy:  0.8942528735632184
MCC:  0.7938598721535957
342
Training on 26000 samples...
Train epoch: 343 [0/26000 (0%)]	Loss: 0.024840
Train epoch: 343 [254640/26000 (38%)]	Loss: 0.014693
Train epoch: 343 [521560/26000 (77%)]	Loss: 0.032868
Make prediction for 870 samples...
epoch: 343
AUC: 0.942860619270059
TPR:  0.8663697104677061
precision:  0.9284009546539379
accuracy:  0.896551724137931
MCC:  0.7952370218542506
343
Training on 26000 samples...
Train epoch: 344 [0/26000 (0%)]	Loss: 0.051165
Train epoch: 344 [253220/26000 (38%)]	Loss: 0.017084
Train epoch: 344 [508400/26000 (77%)]	Loss: 0.034405
Make prediction for 870 samples...
epoch: 344
AUC: 0.9433288014008432
TPR:  0.8485523385300668
precision:  0.943069306930693
accuracy:  0.8954022988505748
MCC:  0.7955318995622573
344
Training on 26000 samples...
Train epoch: 345 [0/26000 (0%)]	Loss: 0.027883
Train epoch: 345 [255680/26000 (38%)]	Loss: 0.029830
Train epoch: 345 [510120/26000 (77%)]	Loss: 0.037801
Make prediction for 870 samples...
epoch: 345
AUC: 0.9471932878024006
TPR:  0.8685968819599109
precision:  0.9375
accuracy:  0.9022988505747126
MCC:  0.8071915306098197
345
Training on 26000 samples...
Train epoch: 346 [0/26000 (0%)]	Loss: 0.035254
Train epoch: 346 [263140/26000 (38%)]	Loss: 0.023298
Train epoch: 346 [514440/26000 (77%)]	Loss: 0.030572
Make prediction for 870 samples...
epoch: 346
AUC: 0.9473731543837188
TPR:  0.8641425389755011
precision:  0.9394673123486683
accuracy:  0.9011494252873563
MCC:  0.8053738740896036
346
Training on 26000 samples...
Train epoch: 347 [0/26000 (0%)]	Loss: 0.014719
Train epoch: 347 [257740/26000 (38%)]	Loss: 0.026753
Train epoch: 347 [531280/26000 (77%)]	Loss: 0.027826
Make prediction for 870 samples...
epoch: 347
AUC: 0.9457781610229118
TPR:  0.8708240534521158
precision:  0.930952380952381
accuracy:  0.9
MCC:  0.8020019651722637
347
Training on 26000 samples...
Train epoch: 348 [0/26000 (0%)]	Loss: 0.016685
Train epoch: 348 [257880/26000 (38%)]	Loss: 0.030813
Train epoch: 348 [513680/26000 (77%)]	Loss: 0.023456
Make prediction for 870 samples...
epoch: 348
AUC: 0.9454633945056049
TPR:  0.8797327394209354
precision:  0.9143518518518519
accuracy:  0.8954022988505748
MCC:  0.7914553704220493
348
Training on 26000 samples...
Train epoch: 349 [0/26000 (0%)]	Loss: 0.039437
Train epoch: 349 [251520/26000 (38%)]	Loss: 0.034559
Train epoch: 349 [515520/26000 (77%)]	Loss: 0.039394
Make prediction for 870 samples...
epoch: 349
AUC: 0.9460294452174004
TPR:  0.8663697104677061
precision:  0.9196217494089834
accuracy:  0.8919540229885058
MCC:  0.7855015810444091
349
Training on 26000 samples...
Train epoch: 350 [0/26000 (0%)]	Loss: 0.021177
Train epoch: 350 [267660/26000 (38%)]	Loss: 0.019961
Train epoch: 350 [520840/26000 (77%)]	Loss: 0.034282
Make prediction for 870 samples...
epoch: 350
AUC: 0.9465346587031619
TPR:  0.8530066815144766
precision:  0.9341463414634147
accuracy:  0.8931034482758621
MCC:  0.7897703631104138
350
Training on 26000 samples...
Train epoch: 351 [0/26000 (0%)]	Loss: 0.019603
Train epoch: 351 [257960/26000 (38%)]	Loss: 0.047566
Train epoch: 351 [506440/26000 (77%)]	Loss: 0.024305
Make prediction for 870 samples...
epoch: 351
AUC: 0.9447597987610368
TPR:  0.8552338530066815
precision:  0.9343065693430657
accuracy:  0.8942528735632184
MCC:  0.791897201810939
351
Training on 26000 samples...
Train epoch: 352 [0/26000 (0%)]	Loss: 0.027797
Train epoch: 352 [257960/26000 (38%)]	Loss: 0.042801
Train epoch: 352 [526960/26000 (77%)]	Loss: 0.039627
Make prediction for 870 samples...
epoch: 352
AUC: 0.9436435679181502
TPR:  0.8485523385300668
precision:  0.9315403422982885
accuracy:  0.8896551724137931
MCC:  0.7830388394112505
352
Training on 26000 samples...
Train epoch: 353 [0/26000 (0%)]	Loss: 0.012646
Train epoch: 353 [255680/26000 (38%)]	Loss: 0.050621
Train epoch: 353 [506640/26000 (77%)]	Loss: 0.035598
Make prediction for 870 samples...
epoch: 353
AUC: 0.9467012998005597
TPR:  0.8552338530066815
precision:  0.9458128078817734
accuracy:  0.9
MCC:  0.8043507863297861
353
Training on 26000 samples...
Train epoch: 354 [0/26000 (0%)]	Loss: 0.023403
Train epoch: 354 [248680/26000 (38%)]	Loss: 0.032993
Train epoch: 354 [508160/26000 (77%)]	Loss: 0.020944
Make prediction for 870 samples...
epoch: 354
AUC: 0.945751710055071
TPR:  0.8552338530066815
precision:  0.9253012048192771
accuracy:  0.8896551724137931
MCC:  0.7820217413738418
354
Training on 26000 samples...
Train epoch: 355 [0/26000 (0%)]	Loss: 0.026734
Train epoch: 355 [256920/26000 (38%)]	Loss: 0.036714
Train epoch: 355 [498560/26000 (77%)]	Loss: 0.029734
Make prediction for 870 samples...
epoch: 355
AUC: 0.9502325040073217
TPR:  0.8708240534521158
precision:  0.9376498800959233
accuracy:  0.903448275862069
MCC:  0.8093404004531002
355
Training on 26000 samples...
Train epoch: 356 [0/26000 (0%)]	Loss: 0.022470
Train epoch: 356 [257520/26000 (38%)]	Loss: 0.016650
Train epoch: 356 [507000/26000 (77%)]	Loss: 0.041982
Make prediction for 870 samples...
epoch: 356
AUC: 0.9464579508964235
TPR:  0.8752783964365256
precision:  0.9182242990654206
accuracy:  0.8954022988505748
MCC:  0.7918351756878456
356
Training on 26000 samples...
Train epoch: 357 [0/26000 (0%)]	Loss: 0.032455
Train epoch: 357 [267020/26000 (38%)]	Loss: 0.025241
Train epoch: 357 [515600/26000 (77%)]	Loss: 0.036484
Make prediction for 870 samples...
epoch: 357
AUC: 0.9452226906982526
TPR:  0.799554565701559
precision:  0.9650537634408602
accuracy:  0.8816091954022989
MCC:  0.7764638346719728
357
Training on 26000 samples...
Train epoch: 358 [0/26000 (0%)]	Loss: 0.046051
Train epoch: 358 [271640/26000 (38%)]	Loss: 0.035105
Train epoch: 358 [509960/26000 (77%)]	Loss: 0.013388
Make prediction for 870 samples...
epoch: 358
AUC: 0.9467753625105142
TPR:  0.8730512249443207
precision:  0.92018779342723
accuracy:  0.8954022988505748
MCC:  0.7920502358690403
358
Training on 26000 samples...
Train epoch: 359 [0/26000 (0%)]	Loss: 0.017838
Train epoch: 359 [261320/26000 (38%)]	Loss: 0.037488
Train epoch: 359 [519720/26000 (77%)]	Loss: 0.034644
Make prediction for 870 samples...
epoch: 359
AUC: 0.9455401023123436
TPR:  0.8574610244988864
precision:  0.9299516908212561
accuracy:  0.8931034482758621
MCC:  0.7890889479271961
359
Training on 26000 samples...
Train epoch: 360 [0/26000 (0%)]	Loss: 0.024767
Train epoch: 360 [270600/26000 (38%)]	Loss: 0.036871
Train epoch: 360 [553840/26000 (77%)]	Loss: 0.056563
Make prediction for 870 samples...
epoch: 360
AUC: 0.9478016600627416
TPR:  0.8708240534521158
precision:  0.9287410926365796
accuracy:  0.8988505747126436
MCC:  0.7995651460886953
360
Training on 26000 samples...
Train epoch: 361 [0/26000 (0%)]	Loss: 0.030160
Train epoch: 361 [264640/26000 (38%)]	Loss: 0.022547
Train epoch: 361 [507000/26000 (77%)]	Loss: 0.024284
Make prediction for 870 samples...
epoch: 361
AUC: 0.9437758227573546
TPR:  0.8663697104677061
precision:  0.9218009478672986
accuracy:  0.8931034482758621
MCC:  0.787928642394217
361
Training on 26000 samples...
Train epoch: 362 [0/26000 (0%)]	Loss: 0.023977
Train epoch: 362 [254780/26000 (38%)]	Loss: 0.038664
Train epoch: 362 [517400/26000 (77%)]	Loss: 0.013281
Make prediction for 870 samples...
epoch: 362
AUC: 0.9436488581117184
TPR:  0.8552338530066815
precision:  0.920863309352518
accuracy:  0.8873563218390804
MCC:  0.7771122081990389
362
Training on 26000 samples...
Train epoch: 363 [0/26000 (0%)]	Loss: 0.038099
Train epoch: 363 [259580/26000 (38%)]	Loss: 0.023071
Train epoch: 363 [542040/26000 (77%)]	Loss: 0.023721
Make prediction for 870 samples...
epoch: 363
AUC: 0.9434610562400478
TPR:  0.8641425389755011
precision:  0.9349397590361446
accuracy:  0.8988505747126436
MCC:  0.8004415570019915
363
Training on 26000 samples...
Train epoch: 364 [0/26000 (0%)]	Loss: 0.030843
Train epoch: 364 [256720/26000 (38%)]	Loss: 0.021923
Train epoch: 364 [525200/26000 (77%)]	Loss: 0.031296
Make prediction for 870 samples...
epoch: 364
AUC: 0.9454422337313323
TPR:  0.8351893095768375
precision:  0.9615384615384616
accuracy:  0.8977011494252873
MCC:  0.8034563310855684
364
Training on 26000 samples...
Train epoch: 365 [0/26000 (0%)]	Loss: 0.040711
Train epoch: 365 [260120/26000 (38%)]	Loss: 0.034052
Train epoch: 365 [514560/26000 (77%)]	Loss: 0.023671
Make prediction for 870 samples...
epoch: 365
AUC: 0.9434795719175364
TPR:  0.8641425389755011
precision:  0.9238095238095239
accuracy:  0.8931034482758621
MCC:  0.7881935007016548
365
Training on 26000 samples...
Train epoch: 366 [0/26000 (0%)]	Loss: 0.016285
Train epoch: 366 [273420/26000 (38%)]	Loss: 0.026194
Train epoch: 366 [527440/26000 (77%)]	Loss: 0.030483
Make prediction for 870 samples...
epoch: 366
AUC: 0.9441249755328548
TPR:  0.8418708240534521
precision:  0.9473684210526315
accuracy:  0.8942528735632184
MCC:  0.7943040731956524
366
Training on 26000 samples...
Train epoch: 367 [0/26000 (0%)]	Loss: 0.023774
Train epoch: 367 [264120/26000 (38%)]	Loss: 0.038080
Train epoch: 367 [528960/26000 (77%)]	Loss: 0.028347
Make prediction for 870 samples...
epoch: 367
AUC: 0.9484259029037873
TPR:  0.8596881959910914
precision:  0.9346246973365617
accuracy:  0.896551724137931
MCC:  0.7961619170488148
367
Training on 26000 samples...
Train epoch: 368 [0/26000 (0%)]	Loss: 0.032322
Train epoch: 368 [263760/26000 (38%)]	Loss: 0.030491
Train epoch: 368 [522120/26000 (77%)]	Loss: 0.023146
Make prediction for 870 samples...
epoch: 368
AUC: 0.9464129842510938
TPR:  0.8463251670378619
precision:  0.945273631840796
accuracy:  0.8954022988505748
MCC:  0.7959509536947206
368
Training on 26000 samples...
Train epoch: 369 [0/26000 (0%)]	Loss: 0.017078
Train epoch: 369 [261380/26000 (38%)]	Loss: 0.055011
Train epoch: 369 [511600/26000 (77%)]	Loss: 0.028778
Make prediction for 870 samples...
epoch: 369
AUC: 0.9446619301800253
TPR:  0.8552338530066815
precision:  0.9343065693430657
accuracy:  0.8942528735632184
MCC:  0.791897201810939
369
Training on 26000 samples...
Train epoch: 370 [0/26000 (0%)]	Loss: 0.024028
Train epoch: 370 [259620/26000 (38%)]	Loss: 0.027977
Train epoch: 370 [508000/26000 (77%)]	Loss: 0.036973
Make prediction for 870 samples...
epoch: 370
AUC: 0.9460849922498664
TPR:  0.8463251670378619
precision:  0.9336609336609336
accuracy:  0.8896551724137931
MCC:  0.7834115526624376
370
Training on 26000 samples...
Train epoch: 371 [0/26000 (0%)]	Loss: 0.030405
Train epoch: 371 [258940/26000 (38%)]	Loss: 0.019521
Train epoch: 371 [518640/26000 (77%)]	Loss: 0.056200
Make prediction for 870 samples...
epoch: 371
AUC: 0.9439530442418888
TPR:  0.8730512249443207
precision:  0.9223529411764706
accuracy:  0.896551724137931
MCC:  0.7944647145897155
371
Training on 26000 samples...
Train epoch: 372 [0/26000 (0%)]	Loss: 0.028534
Train epoch: 372 [257960/26000 (38%)]	Loss: 0.056723
Train epoch: 372 [520440/26000 (77%)]	Loss: 0.026028
Make prediction for 870 samples...
epoch: 372
AUC: 0.9450110829555253
TPR:  0.8708240534521158
precision:  0.9243498817966903
accuracy:  0.896551724137931
MCC:  0.7947052520208694
372
Training on 26000 samples...
Train epoch: 373 [0/26000 (0%)]	Loss: 0.023474
Train epoch: 373 [267280/26000 (38%)]	Loss: 0.006723
Train epoch: 373 [515600/26000 (77%)]	Loss: 0.045415
Make prediction for 870 samples...
epoch: 373
AUC: 0.9449079241809458
TPR:  0.8574610244988864
precision:  0.9299516908212561
accuracy:  0.8931034482758621
MCC:  0.7890889479271961
373
Training on 26000 samples...
Train epoch: 374 [0/26000 (0%)]	Loss: 0.047054
Train epoch: 374 [260240/26000 (38%)]	Loss: 0.044922
Train epoch: 374 [513200/26000 (77%)]	Loss: 0.025219
Make prediction for 870 samples...
epoch: 374
AUC: 0.9465505292838664
TPR:  0.844097995545657
precision:  0.9475
accuracy:  0.8954022988505748
MCC:  0.7963873290423805
374
Training on 26000 samples...
Train epoch: 375 [0/26000 (0%)]	Loss: 0.021566
Train epoch: 375 [261980/26000 (38%)]	Loss: 0.042946
Train epoch: 375 [519600/26000 (77%)]	Loss: 0.028308
Make prediction for 870 samples...
epoch: 375
AUC: 0.947870432579128
TPR:  0.8797327394209354
precision:  0.9122401847575058
accuracy:  0.8942528735632184
MCC:  0.789070822078435
375
Training on 26000 samples...
Train epoch: 376 [0/26000 (0%)]	Loss: 0.026004
Train epoch: 376 [267260/26000 (38%)]	Loss: 0.023951
Train epoch: 376 [505400/26000 (77%)]	Loss: 0.031593
Make prediction for 870 samples...
epoch: 376
AUC: 0.9456088748287301
TPR:  0.8596881959910914
precision:  0.9346246973365617
accuracy:  0.896551724137931
MCC:  0.7961619170488148
376
Training on 26000 samples...
Train epoch: 377 [0/26000 (0%)]	Loss: 0.022103
Train epoch: 377 [267160/26000 (38%)]	Loss: 0.018474
Train epoch: 377 [545000/26000 (77%)]	Loss: 0.047028
Make prediction for 870 samples...
epoch: 377
AUC: 0.948071459934719
TPR:  0.888641425389755
precision:  0.925754060324826
accuracy:  0.9057471264367816
MCC:  0.8122452920875495
377
Training on 26000 samples...
Train epoch: 378 [0/26000 (0%)]	Loss: 0.027622
Train epoch: 378 [262580/26000 (38%)]	Loss: 0.030903
Train epoch: 378 [524120/26000 (77%)]	Loss: 0.037498
Make prediction for 870 samples...
epoch: 378
AUC: 0.9403451322283882
TPR:  0.8708240534521158
precision:  0.930952380952381
accuracy:  0.9
MCC:  0.8020019651722637
378
Training on 26000 samples...
Train epoch: 379 [0/26000 (0%)]	Loss: 0.008617
Train epoch: 379 [255620/26000 (38%)]	Loss: 0.038309
Train epoch: 379 [519720/26000 (77%)]	Loss: 0.021123
Make prediction for 870 samples...
epoch: 379
AUC: 0.9439160128869115
TPR:  0.8507795100222717
precision:  0.9408866995073891
accuracy:  0.8954022988505748
MCC:  0.7951301047898955
379
Training on 26000 samples...
Train epoch: 380 [0/26000 (0%)]	Loss: 0.010652
Train epoch: 380 [263220/26000 (38%)]	Loss: 0.031764
Train epoch: 380 [542920/26000 (77%)]	Loss: 0.014880
Make prediction for 870 samples...
epoch: 380
AUC: 0.9459977040559914
TPR:  0.8530066815144766
precision:  0.9318734793187348
accuracy:  0.8919540229885058
MCC:  0.7872901003098421
380
Training on 26000 samples...
Train epoch: 381 [0/26000 (0%)]	Loss: 0.016676
Train epoch: 381 [261640/26000 (38%)]	Loss: 0.047735
Train epoch: 381 [503440/26000 (77%)]	Loss: 0.061644
Make prediction for 870 samples...
epoch: 381
AUC: 0.9484655793555486
TPR:  0.8418708240534521
precision:  0.9545454545454546
accuracy:  0.8977011494252873
MCC:  0.8019309923934902
381
Training on 26000 samples...
Train epoch: 382 [0/26000 (0%)]	Loss: 0.035788
Train epoch: 382 [267600/26000 (38%)]	Loss: 0.019658
Train epoch: 382 [522200/26000 (77%)]	Loss: 0.012656
Make prediction for 870 samples...
epoch: 382
AUC: 0.9442942617270365
TPR:  0.8374164810690423
precision:  0.9423558897243107
accuracy:  0.8896551724137931
MCC:  0.7850722361827779
382
Training on 26000 samples...
Train epoch: 383 [0/26000 (0%)]	Loss: 0.029105
Train epoch: 383 [264340/26000 (38%)]	Loss: 0.011916
Train epoch: 383 [494080/26000 (77%)]	Loss: 0.031318
Make prediction for 870 samples...
epoch: 383
AUC: 0.9436647286924229
TPR:  0.8329621380846325
precision:  0.935
accuracy:  0.8839080459770114
MCC:  0.7733120950362901
383
Training on 26000 samples...
Train epoch: 384 [0/26000 (0%)]	Loss: 0.024111
Train epoch: 384 [258660/26000 (38%)]	Loss: 0.026201
Train epoch: 384 [506640/26000 (77%)]	Loss: 0.025902
Make prediction for 870 samples...
epoch: 384
AUC: 0.9482195853546281
TPR:  0.8596881959910914
precision:  0.9437652811735942
accuracy:  0.9011494252873563
MCC:  0.8060804547332708
384
Training on 26000 samples...
Train epoch: 385 [0/26000 (0%)]	Loss: 0.037146
Train epoch: 385 [275260/26000 (38%)]	Loss: 0.019586
Train epoch: 385 [518920/26000 (77%)]	Loss: 0.041060
Make prediction for 870 samples...
epoch: 385
AUC: 0.9443789048241275
TPR:  0.8240534521158129
precision:  0.9560723514211886
accuracy:  0.8896551724137931
MCC:  0.7880799508471609
385
Training on 26000 samples...
Train epoch: 386 [0/26000 (0%)]	Loss: 0.010114
Train epoch: 386 [254520/26000 (38%)]	Loss: 0.023777
Train epoch: 386 [517240/26000 (77%)]	Loss: 0.035695
Make prediction for 870 samples...
epoch: 386
AUC: 0.947084838834253
TPR:  0.8596881959910914
precision:  0.9346246973365617
accuracy:  0.896551724137931
MCC:  0.7961619170488148
386
Training on 26000 samples...
Train epoch: 387 [0/26000 (0%)]	Loss: 0.040298
Train epoch: 387 [255480/26000 (38%)]	Loss: 0.013691
Train epoch: 387 [511520/26000 (77%)]	Loss: 0.024547
Make prediction for 870 samples...
epoch: 387
AUC: 0.9430457760449453
TPR:  0.8507795100222717
precision:  0.9455445544554455
accuracy:  0.8977011494252873
MCC:  0.8001437094201885
387
Training on 26000 samples...
Train epoch: 388 [0/26000 (0%)]	Loss: 0.020599
Train epoch: 388 [262340/26000 (38%)]	Loss: 0.013230
Train epoch: 388 [522080/26000 (77%)]	Loss: 0.041667
Make prediction for 870 samples...
epoch: 388
AUC: 0.9415407159747975
TPR:  0.8619153674832962
precision:  0.9236276849642004
accuracy:  0.8919540229885058
MCC:  0.7860306238208212
388
Training on 26000 samples...
Train epoch: 389 [0/26000 (0%)]	Loss: 0.037038
Train epoch: 389 [266420/26000 (38%)]	Loss: 0.049196
Train epoch: 389 [524480/26000 (77%)]	Loss: 0.025446
Make prediction for 870 samples...
epoch: 389
AUC: 0.9465531743806506
TPR:  0.8574610244988864
precision:  0.918854415274463
accuracy:  0.8873563218390804
MCC:  0.7768242257873919
389
Training on 26000 samples...
Train epoch: 390 [0/26000 (0%)]	Loss: 0.012291
Train epoch: 390 [264220/26000 (38%)]	Loss: 0.043519
Train epoch: 390 [551000/26000 (77%)]	Loss: 0.039854
Make prediction for 870 samples...
epoch: 390
AUC: 0.9423210195261045
TPR:  0.844097995545657
precision:  0.9312039312039312
accuracy:  0.8873563218390804
MCC:  0.7788019092176476
390
Training on 26000 samples...
Train epoch: 391 [0/26000 (0%)]	Loss: 0.034669
Train epoch: 391 [263020/26000 (38%)]	Loss: 0.034496
Train epoch: 391 [519840/26000 (77%)]	Loss: 0.036793
Make prediction for 870 samples...
epoch: 391
AUC: 0.9455771336673209
TPR:  0.8396436525612472
precision:  0.9354838709677419
accuracy:  0.8873563218390804
MCC:  0.7795952295030693
391
Training on 26000 samples...
Train epoch: 392 [0/26000 (0%)]	Loss: 0.013563
Train epoch: 392 [258280/26000 (38%)]	Loss: 0.026870
Train epoch: 392 [525320/26000 (77%)]	Loss: 0.013396
Make prediction for 870 samples...
epoch: 392
AUC: 0.9471086447053096
TPR:  0.8552338530066815
precision:  0.9297820823244553
accuracy:  0.8919540229885058
MCC:  0.786949960008026
392
Training on 26000 samples...
Train epoch: 393 [0/26000 (0%)]	Loss: 0.028061
Train epoch: 393 [263100/26000 (38%)]	Loss: 0.036258
Train epoch: 393 [531840/26000 (77%)]	Loss: 0.050598
Make prediction for 870 samples...
epoch: 393
AUC: 0.9510498389136058
TPR:  0.8507795100222717
precision:  0.9385749385749386
accuracy:  0.8942528735632184
MCC:  0.7926308395520176
393
Training on 26000 samples...
Train epoch: 394 [0/26000 (0%)]	Loss: 0.019763
Train epoch: 394 [259920/26000 (38%)]	Loss: 0.027668
Train epoch: 394 [522040/26000 (77%)]	Loss: 0.028748
Make prediction for 870 samples...
epoch: 394
AUC: 0.9476694052235373
TPR:  0.8552338530066815
precision:  0.9253012048192771
accuracy:  0.8896551724137931
MCC:  0.7820217413738418
394
Training on 26000 samples...
Train epoch: 395 [0/26000 (0%)]	Loss: 0.036214
Train epoch: 395 [254640/26000 (38%)]	Loss: 0.040343
Train epoch: 395 [488520/26000 (77%)]	Loss: 0.043317
Make prediction for 870 samples...
epoch: 395
AUC: 0.9476852758042418
TPR:  0.8708240534521158
precision:  0.9178403755868545
accuracy:  0.8931034482758621
MCC:  0.7874491668333041
395
Training on 26000 samples...
Train epoch: 396 [0/26000 (0%)]	Loss: 0.045474
Train epoch: 396 [257960/26000 (38%)]	Loss: 0.029049
Train epoch: 396 [526360/26000 (77%)]	Loss: 0.024137
Make prediction for 870 samples...
epoch: 396
AUC: 0.9457014532161732
TPR:  0.8240534521158129
precision:  0.9487179487179487
accuracy:  0.8862068965517241
MCC:  0.7803318435890604
396
Training on 26000 samples...
Train epoch: 397 [0/26000 (0%)]	Loss: 0.023457
Train epoch: 397 [254140/26000 (38%)]	Loss: 0.027412
Train epoch: 397 [525080/26000 (77%)]	Loss: 0.025674
Make prediction for 870 samples...
epoch: 397
AUC: 0.9448206359870707
TPR:  0.8374164810690423
precision:  0.9447236180904522
accuracy:  0.8908045977011494
MCC:  0.7876074603639254
397
Training on 26000 samples...
Train epoch: 398 [0/26000 (0%)]	Loss: 0.012248
Train epoch: 398 [262140/26000 (38%)]	Loss: 0.048361
Train epoch: 398 [514720/26000 (77%)]	Loss: 0.043092
Make prediction for 870 samples...
epoch: 398
AUC: 0.9446751556639457
TPR:  0.844097995545657
precision:  0.9427860696517413
accuracy:  0.8931034482758621
MCC:  0.7913375752606264
398
Training on 26000 samples...
Train epoch: 399 [0/26000 (0%)]	Loss: 0.026561
Train epoch: 399 [257880/26000 (38%)]	Loss: 0.031033
Train epoch: 399 [540880/26000 (77%)]	Loss: 0.036261
Make prediction for 870 samples...
epoch: 399
AUC: 0.9455057160541505
TPR:  0.8596881959910914
precision:  0.9323671497584541
accuracy:  0.8954022988505748
MCC:  0.7936944018577001
399
Training on 26000 samples...
Train epoch: 400 [0/26000 (0%)]	Loss: 0.026346
Train epoch: 400 [261980/26000 (38%)]	Loss: 0.016246
Train epoch: 400 [516360/26000 (77%)]	Loss: 0.028967
Make prediction for 870 samples...
epoch: 400
AUC: 0.944132910823207
TPR:  0.8663697104677061
precision:  0.9328537170263789
accuracy:  0.8988505747126436
MCC:  0.8001323455233684
400
Training on 26000 samples...
Train epoch: 401 [0/26000 (0%)]	Loss: 0.028437
Train epoch: 401 [262840/26000 (38%)]	Loss: 0.028607
Train epoch: 401 [503960/26000 (77%)]	Loss: 0.028051
Make prediction for 870 samples...
epoch: 401
AUC: 0.9462807294118891
TPR:  0.8530066815144766
precision:  0.9433497536945813
accuracy:  0.8977011494252873
MCC:  0.7997404455598408
401
Training on 26000 samples...
Train epoch: 402 [0/26000 (0%)]	Loss: 0.020488
Train epoch: 402 [261540/26000 (38%)]	Loss: 0.016720
Train epoch: 402 [513000/26000 (77%)]	Loss: 0.054299
Make prediction for 870 samples...
epoch: 402
AUC: 0.9421623137190591
TPR:  0.8641425389755011
precision:  0.9282296650717703
accuracy:  0.8954022988505748
MCC:  0.7930787482281134
402
Training on 26000 samples...
Train epoch: 403 [0/26000 (0%)]	Loss: 0.035881
Train epoch: 403 [270880/26000 (38%)]	Loss: 0.017153
Train epoch: 403 [522280/26000 (77%)]	Loss: 0.030859
Make prediction for 870 samples...
epoch: 403
AUC: 0.9424929508170704
TPR:  0.8574610244988864
precision:  0.9322033898305084
accuracy:  0.8942528735632184
MCC:  0.7915559385284204
403
Training on 26000 samples...
Train epoch: 404 [0/26000 (0%)]	Loss: 0.012039
Train epoch: 404 [258600/26000 (38%)]	Loss: 0.034229
Train epoch: 404 [522000/26000 (77%)]	Loss: 0.029870
Make prediction for 870 samples...
epoch: 404
AUC: 0.9450613397944231
TPR:  0.8418708240534521
precision:  0.942643391521197
accuracy:  0.8919540229885058
MCC:  0.7892456720295076
404
Training on 26000 samples...
Train epoch: 405 [0/26000 (0%)]	Loss: 0.024977
Train epoch: 405 [258980/26000 (38%)]	Loss: 0.015913
Train epoch: 405 [526960/26000 (77%)]	Loss: 0.026824
Make prediction for 870 samples...
epoch: 405
AUC: 0.9483862264520257
TPR:  0.8307349665924276
precision:  0.9467005076142132
accuracy:  0.8885057471264368
MCC:  0.7839390912164372
405
Training on 26000 samples...
Train epoch: 406 [0/26000 (0%)]	Loss: 0.023587
Train epoch: 406 [259080/26000 (38%)]	Loss: 0.029040
Train epoch: 406 [502640/26000 (77%)]	Loss: 0.013097
Make prediction for 870 samples...
epoch: 406
AUC: 0.9481190716768327
TPR:  0.8596881959910914
precision:  0.9437652811735942
accuracy:  0.9011494252873563
MCC:  0.8060804547332708
406
Training on 26000 samples...
Train epoch: 407 [0/26000 (0%)]	Loss: 0.026123
Train epoch: 407 [268780/26000 (38%)]	Loss: 0.015448
Train epoch: 407 [542600/26000 (77%)]	Loss: 0.032673
Make prediction for 870 samples...
epoch: 407
AUC: 0.9457014532161732
TPR:  0.8708240534521158
precision:  0.9331742243436754
accuracy:  0.9011494252873563
MCC:  0.8044434198876799
407
Training on 26000 samples...
Train epoch: 408 [0/26000 (0%)]	Loss: 0.033115
Train epoch: 408 [254640/26000 (38%)]	Loss: 0.028721
Train epoch: 408 [525120/26000 (77%)]	Loss: 0.017244
Make prediction for 870 samples...
epoch: 408
AUC: 0.945928931539605
TPR:  0.844097995545657
precision:  0.9334975369458128
accuracy:  0.8885057471264368
MCC:  0.7812990824800597
408
Training on 26000 samples...
Train epoch: 409 [0/26000 (0%)]	Loss: 0.022793
Train epoch: 409 [265120/26000 (38%)]	Loss: 0.012985
Train epoch: 409 [499840/26000 (77%)]	Loss: 0.033055
Make prediction for 870 samples...
epoch: 409
AUC: 0.9447280575996275
TPR:  0.8507795100222717
precision:  0.9362745098039216
accuracy:  0.8931034482758621
MCC:  0.7901365400715863
409
Training on 26000 samples...
Train epoch: 410 [0/26000 (0%)]	Loss: 0.017431
Train epoch: 410 [256780/26000 (38%)]	Loss: 0.013371
Train epoch: 410 [535280/26000 (77%)]	Loss: 0.029630
Make prediction for 870 samples...
epoch: 410
AUC: 0.9451988848271957
TPR:  0.8351893095768375
precision:  0.9422110552763819
accuracy:  0.8885057471264368
MCC:  0.7829906450819742
410
Training on 26000 samples...
Train epoch: 411 [0/26000 (0%)]	Loss: 0.034085
Train epoch: 411 [261120/26000 (38%)]	Loss: 0.023613
Train epoch: 411 [513360/26000 (77%)]	Loss: 0.035626
Make prediction for 870 samples...
epoch: 411
AUC: 0.9447518634706844
TPR:  0.8530066815144766
precision:  0.9364303178484108
accuracy:  0.8942528735632184
MCC:  0.7922554855400586
411
Training on 26000 samples...
Train epoch: 412 [0/26000 (0%)]	Loss: 0.014477
Train epoch: 412 [271480/26000 (38%)]	Loss: 0.010472
Train epoch: 412 [519080/26000 (77%)]	Loss: 0.020955
Make prediction for 870 samples...
epoch: 412
AUC: 0.9480106227086849
TPR:  0.8530066815144766
precision:  0.945679012345679
accuracy:  0.8988505747126436
MCC:  0.802245442831533
412
Training on 26000 samples...
Train epoch: 413 [0/26000 (0%)]	Loss: 0.021566
Train epoch: 413 [261460/26000 (38%)]	Loss: 0.010460
Train epoch: 413 [531440/26000 (77%)]	Loss: 0.022259
Make prediction for 870 samples...
epoch: 413
AUC: 0.9432203524326955
TPR:  0.8574610244988864
precision:  0.9367396593673966
accuracy:  0.896551724137931
MCC:  0.7965043033120358
413
Training on 26000 samples...
Train epoch: 414 [0/26000 (0%)]	Loss: 0.032218
Train epoch: 414 [257440/26000 (38%)]	Loss: 0.026481
Train epoch: 414 [531440/26000 (77%)]	Loss: 0.035593
Make prediction for 870 samples...
epoch: 414
AUC: 0.9447994752127981
TPR:  0.8552338530066815
precision:  0.9320388349514563
accuracy:  0.8931034482758621
MCC:  0.7894211817472887
414
Training on 26000 samples...
Train epoch: 415 [0/26000 (0%)]	Loss: 0.019377
Train epoch: 415 [263400/26000 (38%)]	Loss: 0.016420
Train epoch: 415 [527960/26000 (77%)]	Loss: 0.026574
Make prediction for 870 samples...
epoch: 415
AUC: 0.943606536563173
TPR:  0.8685968819599109
precision:  0.9133489461358314
accuracy:  0.8896551724137931
MCC:  0.7804384515143499
415
Training on 26000 samples...
Train epoch: 416 [0/26000 (0%)]	Loss: 0.023359
Train epoch: 416 [255740/26000 (38%)]	Loss: 0.034236
Train epoch: 416 [500960/26000 (77%)]	Loss: 0.017251
Make prediction for 870 samples...
epoch: 416
AUC: 0.9460558961852413
TPR:  0.8552338530066815
precision:  0.9253012048192771
accuracy:  0.8896551724137931
MCC:  0.7820217413738418
416
Training on 26000 samples...
Train epoch: 417 [0/26000 (0%)]	Loss: 0.026724
Train epoch: 417 [260140/26000 (38%)]	Loss: 0.053147
Train epoch: 417 [507120/26000 (77%)]	Loss: 0.107368
Make prediction for 870 samples...
epoch: 417
AUC: 0.9417893550725022
TPR:  0.8797327394209354
precision:  0.9122401847575058
accuracy:  0.8942528735632184
MCC:  0.789070822078435
417
Training on 26000 samples...
Train epoch: 418 [0/26000 (0%)]	Loss: 0.033956
Train epoch: 418 [260000/26000 (38%)]	Loss: 0.027175
Train epoch: 418 [521720/26000 (77%)]	Loss: 0.030424
Make prediction for 870 samples...
epoch: 418
AUC: 0.9482857127742305
TPR:  0.8485523385300668
precision:  0.9454094292803971
accuracy:  0.896551724137931
MCC:  0.7980455562691899
418
Training on 26000 samples...
Train epoch: 419 [0/26000 (0%)]	Loss: 0.028387
Train epoch: 419 [257900/26000 (38%)]	Loss: 0.020334
Train epoch: 419 [527000/26000 (77%)]	Loss: 0.042773
Make prediction for 870 samples...
epoch: 419
AUC: 0.9467859428976506
TPR:  0.8619153674832962
precision:  0.9280575539568345
accuracy:  0.8942528735632184
MCC:  0.7909242905936366
419
Training on 26000 samples...
Train epoch: 420 [0/26000 (0%)]	Loss: 0.030247
Train epoch: 420 [254680/26000 (38%)]	Loss: 0.033597
Train epoch: 420 [536000/26000 (77%)]	Loss: 0.034095
Make prediction for 870 samples...
epoch: 420
AUC: 0.9483095186452871
TPR:  0.8708240534521158
precision:  0.9376498800959233
accuracy:  0.903448275862069
MCC:  0.8093404004531002
420
Training on 26000 samples...
Train epoch: 421 [0/26000 (0%)]	Loss: 0.026202
Train epoch: 421 [257460/26000 (38%)]	Loss: 0.030102
Train epoch: 421 [508280/26000 (77%)]	Loss: 0.017680
Make prediction for 870 samples...
epoch: 421
AUC: 0.9478519169016395
TPR:  0.8619153674832962
precision:  0.9258373205741627
accuracy:  0.8931034482758621
MCC:  0.7884751472262421
421
Training on 26000 samples...
Train epoch: 422 [0/26000 (0%)]	Loss: 0.023607
Train epoch: 422 [255780/26000 (38%)]	Loss: 0.030707
Train epoch: 422 [506560/26000 (77%)]	Loss: 0.027182
Make prediction for 870 samples...
epoch: 422
AUC: 0.9443550989530708
TPR:  0.8374164810690423
precision:  0.928395061728395
accuracy:  0.8827586206896552
MCC:  0.7699680025590523
422
Training on 26000 samples...
Train epoch: 423 [0/26000 (0%)]	Loss: 0.027735
Train epoch: 423 [263640/26000 (38%)]	Loss: 0.026990
Train epoch: 423 [529280/26000 (77%)]	Loss: 0.032449
Make prediction for 870 samples...
epoch: 423
AUC: 0.9442043284363775
TPR:  0.8507795100222717
precision:  0.9271844660194175
accuracy:  0.8885057471264368
MCC:  0.7802081263436434
423
Training on 26000 samples...
Train epoch: 424 [0/26000 (0%)]	Loss: 0.026157
Train epoch: 424 [263080/26000 (38%)]	Loss: 0.018600
Train epoch: 424 [528680/26000 (77%)]	Loss: 0.019936
Make prediction for 870 samples...
epoch: 424
AUC: 0.9477804992884689
TPR:  0.8708240534521158
precision:  0.9178403755868545
accuracy:  0.8931034482758621
MCC:  0.7874491668333041
424
Training on 26000 samples...
Train epoch: 425 [0/26000 (0%)]	Loss: 0.042288
Train epoch: 425 [253220/26000 (38%)]	Loss: 0.027847
Train epoch: 425 [512760/26000 (77%)]	Loss: 0.021232
Make prediction for 870 samples...
epoch: 425
AUC: 0.9486322204529465
TPR:  0.8396436525612472
precision:  0.940149625935162
accuracy:  0.8896551724137931
MCC:  0.7846314719054195
425
Training on 26000 samples...
Train epoch: 426 [0/26000 (0%)]	Loss: 0.035915
Train epoch: 426 [248300/26000 (38%)]	Loss: 0.043974
Train epoch: 426 [523840/26000 (77%)]	Loss: 0.024526
Make prediction for 870 samples...
epoch: 426
AUC: 0.9438869168222865
TPR:  0.8374164810690423
precision:  0.9518987341772152
accuracy:  0.8942528735632184
MCC:  0.7952446567959571
426
Training on 26000 samples...
Train epoch: 427 [0/26000 (0%)]	Loss: 0.033673
Train epoch: 427 [261780/26000 (38%)]	Loss: 0.027817
Train epoch: 427 [524960/26000 (77%)]	Loss: 0.016542
Make prediction for 870 samples...
epoch: 427
AUC: 0.9501399256198784
TPR:  0.8708240534521158
precision:  0.9265402843601895
accuracy:  0.8977011494252873
MCC:  0.7971329218786545
427
Training on 26000 samples...
Train epoch: 428 [0/26000 (0%)]	Loss: 0.031322
Train epoch: 428 [271320/26000 (38%)]	Loss: 0.044239
Train epoch: 428 [520760/26000 (77%)]	Loss: 0.029811
Make prediction for 870 samples...
epoch: 428
AUC: 0.949841029683276
TPR:  0.8507795100222717
precision:  0.9455445544554455
accuracy:  0.8977011494252873
MCC:  0.8001437094201885
428
Training on 26000 samples...
Train epoch: 429 [0/26000 (0%)]	Loss: 0.019619
Train epoch: 429 [265100/26000 (38%)]	Loss: 0.028201
Train epoch: 429 [541680/26000 (77%)]	Loss: 0.017899
Make prediction for 870 samples...
epoch: 429
AUC: 0.9504573372339694
TPR:  0.8507795100222717
precision:  0.9362745098039216
accuracy:  0.8931034482758621
MCC:  0.7901365400715863
429
Training on 26000 samples...
Train epoch: 430 [0/26000 (0%)]	Loss: 0.032713
Train epoch: 430 [250000/26000 (38%)]	Loss: 0.036288
Train epoch: 430 [524720/26000 (77%)]	Loss: 0.025350
Make prediction for 870 samples...
epoch: 430
AUC: 0.9450190182458775
TPR:  0.8507795100222717
precision:  0.9385749385749386
accuracy:  0.8942528735632184
MCC:  0.7926308395520176
430
Training on 26000 samples...
Train epoch: 431 [0/26000 (0%)]	Loss: 0.030978
Train epoch: 431 [257240/26000 (38%)]	Loss: 0.011378
Train epoch: 431 [526760/26000 (77%)]	Loss: 0.019114
Make prediction for 870 samples...
epoch: 431
AUC: 0.9501557962005829
TPR:  0.8685968819599109
precision:  0.9219858156028369
accuracy:  0.8942528735632184
MCC:  0.7901034165326393
431
Training on 26000 samples...
Train epoch: 432 [0/26000 (0%)]	Loss: 0.012325
Train epoch: 432 [250800/26000 (38%)]	Loss: 0.026020
Train epoch: 432 [524440/26000 (77%)]	Loss: 0.018530
Make prediction for 870 samples...
epoch: 432
AUC: 0.945928931539605
TPR:  0.8552338530066815
precision:  0.9365853658536586
accuracy:  0.8954022988505748
MCC:  0.7943780630561358
432
Training on 26000 samples...
Train epoch: 433 [0/26000 (0%)]	Loss: 0.034951
Train epoch: 433 [263280/26000 (38%)]	Loss: 0.023527
Train epoch: 433 [503360/26000 (77%)]	Loss: 0.016364
Make prediction for 870 samples...
epoch: 433
AUC: 0.945489845473446
TPR:  0.8685968819599109
precision:  0.9307875894988067
accuracy:  0.8988505747126436
MCC:  0.7998402208709653
433
Training on 26000 samples...
Train epoch: 434 [0/26000 (0%)]	Loss: 0.030967
Train epoch: 434 [257540/26000 (38%)]	Loss: 0.020273
Train epoch: 434 [527240/26000 (77%)]	Loss: 0.040117
Make prediction for 870 samples...
epoch: 434
AUC: 0.9429875839156955
TPR:  0.8596881959910914
precision:  0.9278846153846154
accuracy:  0.8931034482758621
MCC:  0.7887736169055385
434
Training on 26000 samples...
Train epoch: 435 [0/26000 (0%)]	Loss: 0.023020
Train epoch: 435 [258600/26000 (38%)]	Loss: 0.037291
Train epoch: 435 [522440/26000 (77%)]	Loss: 0.017240
Make prediction for 870 samples...
epoch: 435
AUC: 0.9433843484333092
TPR:  0.8552338530066815
precision:  0.9365853658536586
accuracy:  0.8954022988505748
MCC:  0.7943780630561358
435
Training on 26000 samples...
Train epoch: 436 [0/26000 (0%)]	Loss: 0.024449
Train epoch: 436 [252800/26000 (38%)]	Loss: 0.008026
Train epoch: 436 [521480/26000 (77%)]	Loss: 0.031373
Make prediction for 870 samples...
epoch: 436
AUC: 0.9438022737251955
TPR:  0.8463251670378619
precision:  0.9313725490196079
accuracy:  0.8885057471264368
MCC:  0.780918598297479
436
Training on 26000 samples...
Train epoch: 437 [0/26000 (0%)]	Loss: 0.022408
Train epoch: 437 [262340/26000 (38%)]	Loss: 0.021080
Train epoch: 437 [491440/26000 (77%)]	Loss: 0.024118
Make prediction for 870 samples...
epoch: 437
AUC: 0.9448761830195366
TPR:  0.8663697104677061
precision:  0.9373493975903614
accuracy:  0.9011494252873563
MCC:  0.8050465109090289
437
Training on 26000 samples...
Train epoch: 438 [0/26000 (0%)]	Loss: 0.019968
Train epoch: 438 [258340/26000 (38%)]	Loss: 0.015175
Train epoch: 438 [497720/26000 (77%)]	Loss: 0.024956
Make prediction for 870 samples...
epoch: 438
AUC: 0.9461246687016278
TPR:  0.8507795100222717
precision:  0.9339853300733496
accuracy:  0.8919540229885058
MCC:  0.7876471624756546
438
Training on 26000 samples...
Train epoch: 439 [0/26000 (0%)]	Loss: 0.019836
Train epoch: 439 [272180/26000 (38%)]	Loss: 0.020675
Train epoch: 439 [504000/26000 (77%)]	Loss: 0.031610
Make prediction for 870 samples...
epoch: 439
AUC: 0.9436885345634796
TPR:  0.8396436525612472
precision:  0.9331683168316832
accuracy:  0.8862068965517241
MCC:  0.7770846601305327
439
Training on 26000 samples...
Train epoch: 440 [0/26000 (0%)]	Loss: 0.029095
Train epoch: 440 [255140/26000 (38%)]	Loss: 0.021385
Train epoch: 440 [532160/26000 (77%)]	Loss: 0.021292
Make prediction for 870 samples...
epoch: 440
AUC: 0.9437837580477069
TPR:  0.8663697104677061
precision:  0.9350961538461539
accuracy:  0.9
MCC:  0.8025870521837495
440
Training on 26000 samples...
Train epoch: 441 [0/26000 (0%)]	Loss: 0.020385
Train epoch: 441 [256660/26000 (38%)]	Loss: 0.018629
Train epoch: 441 [512360/26000 (77%)]	Loss: 0.015039
Make prediction for 870 samples...
epoch: 441
AUC: 0.9421490882351384
TPR:  0.8619153674832962
precision:  0.9214285714285714
accuracy:  0.8908045977011494
MCC:  0.7835906792114519
441
Training on 26000 samples...
Train epoch: 442 [0/26000 (0%)]	Loss: 0.039244
Train epoch: 442 [258780/26000 (38%)]	Loss: 0.027605
Train epoch: 442 [519640/26000 (77%)]	Loss: 0.017713
Make prediction for 870 samples...
epoch: 442
AUC: 0.9436144718535251
TPR:  0.8530066815144766
precision:  0.941031941031941
accuracy:  0.896551724137931
MCC:  0.7972404829968077
442
Training on 26000 samples...
Train epoch: 443 [0/26000 (0%)]	Loss: 0.029333
Train epoch: 443 [263760/26000 (38%)]	Loss: 0.036320
Train epoch: 443 [529320/26000 (77%)]	Loss: 0.022938
Make prediction for 870 samples...
epoch: 443
AUC: 0.9469076173497188
TPR:  0.8507795100222717
precision:  0.9455445544554455
accuracy:  0.8977011494252873
MCC:  0.8001437094201885
443
Training on 26000 samples...
Train epoch: 444 [0/26000 (0%)]	Loss: 0.007578
Train epoch: 444 [255020/26000 (38%)]	Loss: 0.026577
Train epoch: 444 [521800/26000 (77%)]	Loss: 0.026705
Make prediction for 870 samples...
epoch: 444
AUC: 0.9480502991604463
TPR:  0.8329621380846325
precision:  0.9420654911838791
accuracy:  0.8873563218390804
MCC:  0.7809124330925628
444
Training on 26000 samples...
Train epoch: 445 [0/26000 (0%)]	Loss: 0.022828
Train epoch: 445 [260980/26000 (38%)]	Loss: 0.017023
Train epoch: 445 [511040/26000 (77%)]	Loss: 0.032054
Make prediction for 870 samples...
epoch: 445
AUC: 0.9480502991604464
TPR:  0.8463251670378619
precision:  0.9359605911330049
accuracy:  0.8908045977011494
MCC:  0.785909423250005
445
Training on 26000 samples...
Train epoch: 446 [0/26000 (0%)]	Loss: 0.025420
Train epoch: 446 [257900/26000 (38%)]	Loss: 0.024198
Train epoch: 446 [502120/26000 (77%)]	Loss: 0.024096
Make prediction for 870 samples...
epoch: 446
AUC: 0.9444609028244343
TPR:  0.8329621380846325
precision:  0.9396984924623115
accuracy:  0.8862068965517241
MCC:  0.7783738298000232
446
Training on 26000 samples...
Train epoch: 447 [0/26000 (0%)]	Loss: 0.027312
Train epoch: 447 [268500/26000 (38%)]	Loss: 0.019587
Train epoch: 447 [506160/26000 (77%)]	Loss: 0.063316
Make prediction for 870 samples...
epoch: 447
AUC: 0.9461802157340937
TPR:  0.8351893095768375
precision:  0.946969696969697
accuracy:  0.8908045977011494
MCC:  0.7880749397365483
447
Training on 26000 samples...
Train epoch: 448 [0/26000 (0%)]	Loss: 0.012042
Train epoch: 448 [260140/26000 (38%)]	Loss: 0.022692
Train epoch: 448 [502320/26000 (77%)]	Loss: 0.029688
Make prediction for 870 samples...
epoch: 448
AUC: 0.948857053679594
TPR:  0.8485523385300668
precision:  0.9361179361179361
accuracy:  0.8919540229885058
MCC:  0.7880211961072277
448
Training on 26000 samples...
Train epoch: 449 [0/26000 (0%)]	Loss: 0.013819
Train epoch: 449 [264460/26000 (38%)]	Loss: 0.021453
Train epoch: 449 [506680/26000 (77%)]	Loss: 0.026337
Make prediction for 870 samples...
epoch: 449
AUC: 0.9456617767644118
TPR:  0.8507795100222717
precision:  0.9271844660194175
accuracy:  0.8885057471264368
MCC:  0.7802081263436434
449
Training on 26000 samples...
Train epoch: 450 [0/26000 (0%)]	Loss: 0.032773
Train epoch: 450 [254920/26000 (38%)]	Loss: 0.014674
Train epoch: 450 [516320/26000 (77%)]	Loss: 0.041151
Make prediction for 870 samples...
epoch: 450
AUC: 0.9426622370112523
TPR:  0.8485523385300668
precision:  0.9180722891566265
accuracy:  0.8827586206896552
MCC:  0.7682068796527296
450
Training on 26000 samples...
Train epoch: 451 [0/26000 (0%)]	Loss: 0.026268
Train epoch: 451 [257780/26000 (38%)]	Loss: 0.035896
Train epoch: 451 [525960/26000 (77%)]	Loss: 0.020471
Make prediction for 870 samples...
epoch: 451
AUC: 0.9449661163101959
TPR:  0.8507795100222717
precision:  0.9317073170731708
accuracy:  0.8908045977011494
MCC:  0.7851626631646919
451
Training on 26000 samples...
Train epoch: 452 [0/26000 (0%)]	Loss: 0.021118
Train epoch: 452 [254880/26000 (38%)]	Loss: 0.022398
Train epoch: 452 [524480/26000 (77%)]	Loss: 0.038788
Make prediction for 870 samples...
epoch: 452
AUC: 0.9476085679975031
TPR:  0.8619153674832962
precision:  0.937046004842615
accuracy:  0.8988505747126436
MCC:  0.8007678955692091
452
Training on 26000 samples...
Train epoch: 453 [0/26000 (0%)]	Loss: 0.041230
Train epoch: 453 [260680/26000 (38%)]	Loss: 0.046053
Train epoch: 453 [503640/26000 (77%)]	Loss: 0.029313
Make prediction for 870 samples...
epoch: 453
AUC: 0.9450534045040708
TPR:  0.8507795100222717
precision:  0.9294403892944039
accuracy:  0.8896551724137931
MCC:  0.7826829988087454
453
Training on 26000 samples...
Train epoch: 454 [0/26000 (0%)]	Loss: 0.015947
Train epoch: 454 [256580/26000 (38%)]	Loss: 0.021112
Train epoch: 454 [510880/26000 (77%)]	Loss: 0.017940
Make prediction for 870 samples...
epoch: 454
AUC: 0.9459500923138777
TPR:  0.8463251670378619
precision:  0.9382716049382716
accuracy:  0.8919540229885058
MCC:  0.7884122541433269
454
Training on 26000 samples...
Train epoch: 455 [0/26000 (0%)]	Loss: 0.033546
Train epoch: 455 [255280/26000 (38%)]	Loss: 0.038406
Train epoch: 455 [517280/26000 (77%)]	Loss: 0.020884
Make prediction for 870 samples...
epoch: 455
AUC: 0.9456194552158665
TPR:  0.8351893095768375
precision:  0.9566326530612245
accuracy:  0.8954022988505748
MCC:  0.7983074017638809
455
Training on 26000 samples...
Train epoch: 456 [0/26000 (0%)]	Loss: 0.023643
Train epoch: 456 [261520/26000 (38%)]	Loss: 0.034784
Train epoch: 456 [544560/26000 (77%)]	Loss: 0.016158
Make prediction for 870 samples...
epoch: 456
AUC: 0.9443894852112639
TPR:  0.8374164810690423
precision:  0.9423558897243107
accuracy:  0.8896551724137931
MCC:  0.7850722361827779
456
Training on 26000 samples...
Train epoch: 457 [0/26000 (0%)]	Loss: 0.041886
Train epoch: 457 [251700/26000 (38%)]	Loss: 0.047105
Train epoch: 457 [540200/26000 (77%)]	Loss: 0.020088
Make prediction for 870 samples...
epoch: 457
AUC: 0.942159668622275
TPR:  0.8485523385300668
precision:  0.9361179361179361
accuracy:  0.8919540229885058
MCC:  0.7880211961072277
457
Training on 26000 samples...
Train epoch: 458 [0/26000 (0%)]	Loss: 0.030848
Train epoch: 458 [258740/26000 (38%)]	Loss: 0.025404
Train epoch: 458 [506920/26000 (77%)]	Loss: 0.035419
Make prediction for 870 samples...
epoch: 458
AUC: 0.9440958794682297
TPR:  0.8619153674832962
precision:  0.9302884615384616
accuracy:  0.8954022988505748
MCC:  0.7933780953316087
458
Training on 26000 samples...
Train epoch: 459 [0/26000 (0%)]	Loss: 0.032773
Train epoch: 459 [253120/26000 (38%)]	Loss: 0.030539
Train epoch: 459 [521280/26000 (77%)]	Loss: 0.020647
Make prediction for 870 samples...
epoch: 459
AUC: 0.9489760830348783
TPR:  0.8574610244988864
precision:  0.9367396593673966
accuracy:  0.896551724137931
MCC:  0.7965043033120358
459
Training on 26000 samples...
Train epoch: 460 [0/26000 (0%)]	Loss: 0.031053
Train epoch: 460 [252140/26000 (38%)]	Loss: 0.009245
Train epoch: 460 [511640/26000 (77%)]	Loss: 0.023790
Make prediction for 870 samples...
epoch: 460
AUC: 0.9473969602547758
TPR:  0.8641425389755011
precision:  0.9394673123486683
accuracy:  0.9011494252873563
MCC:  0.8053738740896036
460
Training on 26000 samples...
Train epoch: 461 [0/26000 (0%)]	Loss: 0.025386
Train epoch: 461 [274580/26000 (38%)]	Loss: 0.028955
Train epoch: 461 [515880/26000 (77%)]	Loss: 0.023898
Make prediction for 870 samples...
epoch: 461
AUC: 0.9441752323717525
TPR:  0.8106904231625836
precision:  0.9528795811518325
accuracy:  0.8816091954022989
MCC:  0.7732984368199467
461
Training on 26000 samples...
Train epoch: 462 [0/26000 (0%)]	Loss: 0.027978
Train epoch: 462 [251840/26000 (38%)]	Loss: 0.040204
Train epoch: 462 [505720/26000 (77%)]	Loss: 0.035141
Make prediction for 870 samples...
epoch: 462
AUC: 0.9430484211417296
TPR:  0.8240534521158129
precision:  0.9390862944162437
accuracy:  0.8816091954022989
MCC:  0.7700771292907788
462
Training on 26000 samples...
Train epoch: 463 [0/26000 (0%)]	Loss: 0.036035
Train epoch: 463 [262580/26000 (38%)]	Loss: 0.033651
Train epoch: 463 [517280/26000 (77%)]	Loss: 0.019553
Make prediction for 870 samples...
epoch: 463
AUC: 0.9443736146305594
TPR:  0.8864142538975501
precision:  0.9045454545454545
accuracy:  0.8931034482758621
MCC:  0.7862962131259165
463
Training on 26000 samples...
Train epoch: 464 [0/26000 (0%)]	Loss: 0.028820
Train epoch: 464 [261220/26000 (38%)]	Loss: 0.051398
Train epoch: 464 [500960/26000 (77%)]	Loss: 0.016176
Make prediction for 870 samples...
epoch: 464
AUC: 0.9457675806357754
TPR:  0.8195991091314031
precision:  0.9509043927648578
accuracy:  0.8850574712643678
MCC:  0.7788232552581179
464
Training on 26000 samples...
Train epoch: 465 [0/26000 (0%)]	Loss: 0.027640
Train epoch: 465 [251020/26000 (38%)]	Loss: 0.019627
Train epoch: 465 [528120/26000 (77%)]	Loss: 0.029374
Make prediction for 870 samples...
epoch: 465
AUC: 0.9449687614069799
TPR:  0.8663697104677061
precision:  0.9152941176470588
accuracy:  0.8896551724137931
MCC:  0.7806608141464897
465
Training on 26000 samples...
Train epoch: 466 [0/26000 (0%)]	Loss: 0.025216
Train epoch: 466 [264600/26000 (38%)]	Loss: 0.042881
Train epoch: 466 [550400/26000 (77%)]	Loss: 0.039292
Make prediction for 870 samples...
epoch: 466
AUC: 0.9459924138624233
TPR:  0.8708240534521158
precision:  0.9265402843601895
accuracy:  0.8977011494252873
MCC:  0.7971329218786545
466
Training on 26000 samples...
Train epoch: 467 [0/26000 (0%)]	Loss: 0.021293
Train epoch: 467 [260920/26000 (38%)]	Loss: 0.020676
Train epoch: 467 [507120/26000 (77%)]	Loss: 0.021804
Make prediction for 870 samples...
epoch: 467
AUC: 0.9444132910823207
TPR:  0.8463251670378619
precision:  0.9336609336609336
accuracy:  0.8896551724137931
MCC:  0.7834115526624376
467
Training on 26000 samples...
Train epoch: 468 [0/26000 (0%)]	Loss: 0.024224
Train epoch: 468 [257100/26000 (38%)]	Loss: 0.017532
Train epoch: 468 [532720/26000 (77%)]	Loss: 0.019613
Make prediction for 870 samples...
epoch: 468
AUC: 0.9427257193340705
TPR:  0.844097995545657
precision:  0.9475
accuracy:  0.8954022988505748
MCC:  0.7963873290423805
468
Training on 26000 samples...
Train epoch: 469 [0/26000 (0%)]	Loss: 0.041597
Train epoch: 469 [252720/26000 (38%)]	Loss: 0.019350
Train epoch: 469 [521600/26000 (77%)]	Loss: 0.032746
Make prediction for 870 samples...
epoch: 469
AUC: 0.9444423871469457
TPR:  0.799554565701559
precision:  0.9547872340425532
accuracy:  0.8770114942528736
MCC:  0.7658583363415827
469
Training on 26000 samples...
Train epoch: 470 [0/26000 (0%)]	Loss: 0.049160
Train epoch: 470 [261580/26000 (38%)]	Loss: 0.021325
Train epoch: 470 [509240/26000 (77%)]	Loss: 0.021926
Make prediction for 870 samples...
epoch: 470
AUC: 0.9462648588311846
TPR:  0.8262806236080178
precision:  0.9561855670103093
accuracy:  0.8908045977011494
MCC:  0.7901188876184928
470
Training on 26000 samples...
Train epoch: 471 [0/26000 (0%)]	Loss: 0.024172
Train epoch: 471 [249880/26000 (38%)]	Loss: 0.035905
Train epoch: 471 [522680/26000 (77%)]	Loss: 0.026620
Make prediction for 870 samples...
epoch: 471
AUC: 0.9436911796602638
TPR:  0.8552338530066815
precision:  0.9365853658536586
accuracy:  0.8954022988505748
MCC:  0.7943780630561358
471
Training on 26000 samples...
Train epoch: 472 [0/26000 (0%)]	Loss: 0.029266
Train epoch: 472 [273820/26000 (38%)]	Loss: 0.020518
Train epoch: 472 [518640/26000 (77%)]	Loss: 0.018187
Make prediction for 870 samples...
epoch: 472
AUC: 0.9442254892106503
TPR:  0.844097995545657
precision:  0.9221411192214112
accuracy:  0.8827586206896552
MCC:  0.768861694305455
472
Training on 26000 samples...
Train epoch: 473 [0/26000 (0%)]	Loss: 0.029491
Train epoch: 473 [268720/26000 (38%)]	Loss: 0.041465
Train epoch: 473 [534000/26000 (77%)]	Loss: 0.022715
Make prediction for 870 samples...
epoch: 473
AUC: 0.9423448253971612
TPR:  0.8418708240534521
precision:  0.9333333333333333
accuracy:  0.8873563218390804
MCC:  0.7791901283511896
473
Training on 26000 samples...
Train epoch: 474 [0/26000 (0%)]	Loss: 0.008658
Train epoch: 474 [258780/26000 (38%)]	Loss: 0.031925
Train epoch: 474 [523760/26000 (77%)]	Loss: 0.020863
Make prediction for 870 samples...
epoch: 474
AUC: 0.9390675504816721
TPR:  0.8485523385300668
precision:  0.9361179361179361
accuracy:  0.8919540229885058
MCC:  0.7880211961072277
474
Training on 26000 samples...
Train epoch: 475 [0/26000 (0%)]	Loss: 0.019417
Train epoch: 475 [259240/26000 (38%)]	Loss: 0.028464
Train epoch: 475 [550080/26000 (77%)]	Loss: 0.034051
Make prediction for 870 samples...
epoch: 475
AUC: 0.9454633945056049
TPR:  0.8485523385300668
precision:  0.943069306930693
accuracy:  0.8954022988505748
MCC:  0.7955318995622573
475
Training on 26000 samples...
Train epoch: 476 [0/26000 (0%)]	Loss: 0.029183
Train epoch: 476 [263300/26000 (38%)]	Loss: 0.012152
Train epoch: 476 [496080/26000 (77%)]	Loss: 0.038498
Make prediction for 870 samples...
epoch: 476
AUC: 0.9420565098476953
TPR:  0.8730512249443207
precision:  0.9095127610208816
accuracy:  0.8896551724137931
MCC:  0.7800433415188195
476
Training on 26000 samples...
Train epoch: 477 [0/26000 (0%)]	Loss: 0.041759
Train epoch: 477 [253560/26000 (38%)]	Loss: 0.034133
Train epoch: 477 [521800/26000 (77%)]	Loss: 0.019029
Make prediction for 870 samples...
epoch: 477
AUC: 0.9452332710853891
TPR:  0.844097995545657
precision:  0.9522613065326633
accuracy:  0.8977011494252873
MCC:  0.8014579062097786
477
Training on 26000 samples...
Train epoch: 478 [0/26000 (0%)]	Loss: 0.015018
Train epoch: 478 [250980/26000 (38%)]	Loss: 0.019065
Train epoch: 478 [528440/26000 (77%)]	Loss: 0.019823
Make prediction for 870 samples...
epoch: 478
AUC: 0.9443101323077411
TPR:  0.8663697104677061
precision:  0.9196217494089834
accuracy:  0.8919540229885058
MCC:  0.7855015810444091
478
Training on 26000 samples...
Train epoch: 479 [0/26000 (0%)]	Loss: 0.012562
Train epoch: 479 [257000/26000 (38%)]	Loss: 0.019170
Train epoch: 479 [505800/26000 (77%)]	Loss: 0.048613
Make prediction for 870 samples...
epoch: 479
AUC: 0.9455533277962641
TPR:  0.8418708240534521
precision:  0.945
accuracy:  0.8931034482758621
MCC:  0.7917722822411625
479
Training on 26000 samples...
Train epoch: 480 [0/26000 (0%)]	Loss: 0.018369
Train epoch: 480 [262060/26000 (38%)]	Loss: 0.019076
Train epoch: 480 [511560/26000 (77%)]	Loss: 0.034041
Make prediction for 870 samples...
epoch: 480
AUC: 0.9437546619830819
TPR:  0.8418708240534521
precision:  0.945
accuracy:  0.8931034482758621
MCC:  0.7917722822411625
480
Training on 26000 samples...
Train epoch: 481 [0/26000 (0%)]	Loss: 0.029355
Train epoch: 481 [251580/26000 (38%)]	Loss: 0.025387
Train epoch: 481 [516120/26000 (77%)]	Loss: 0.040995
Make prediction for 870 samples...
epoch: 481
AUC: 0.945780806119696
TPR:  0.8641425389755011
precision:  0.9371980676328503
accuracy:  0.9
MCC:  0.8029053097187083
481
Training on 26000 samples...
Train epoch: 482 [0/26000 (0%)]	Loss: 0.016318
Train epoch: 482 [254040/26000 (38%)]	Loss: 0.030897
Train epoch: 482 [515240/26000 (77%)]	Loss: 0.008861
Make prediction for 870 samples...
epoch: 482
AUC: 0.9440376873389797
TPR:  0.8641425389755011
precision:  0.9282296650717703
accuracy:  0.8954022988505748
MCC:  0.7930787482281134
482
Training on 26000 samples...
Train epoch: 483 [0/26000 (0%)]	Loss: 0.026485
Train epoch: 483 [271820/26000 (38%)]	Loss: 0.018354
Train epoch: 483 [532400/26000 (77%)]	Loss: 0.021046
Make prediction for 870 samples...
epoch: 483
AUC: 0.9429082310121727
TPR:  0.8530066815144766
precision:  0.9387254901960784
accuracy:  0.8954022988505748
MCC:  0.79474551095864
483
Training on 26000 samples...
Train epoch: 484 [0/26000 (0%)]	Loss: 0.016781
Train epoch: 484 [250380/26000 (38%)]	Loss: 0.009635
Train epoch: 484 [507200/26000 (77%)]	Loss: 0.026862
Make prediction for 870 samples...
epoch: 484
AUC: 0.9470504525760597
TPR:  0.8663697104677061
precision:  0.9328537170263789
accuracy:  0.8988505747126436
MCC:  0.8001323455233684
484
Training on 26000 samples...
Train epoch: 485 [0/26000 (0%)]	Loss: 0.016807
Train epoch: 485 [259000/26000 (38%)]	Loss: 0.017003
Train epoch: 485 [529280/26000 (77%)]	Loss: 0.021596
Make prediction for 870 samples...
epoch: 485
AUC: 0.9457728708293437
TPR:  0.8775055679287305
precision:  0.9227166276346604
accuracy:  0.8988505747126436
MCC:  0.7988419006376546
485
Training on 26000 samples...
Train epoch: 486 [0/26000 (0%)]	Loss: 0.029634
Train epoch: 486 [262020/26000 (38%)]	Loss: 0.019129
Train epoch: 486 [513280/26000 (77%)]	Loss: 0.026771
Make prediction for 870 samples...
epoch: 486
AUC: 0.9453390749567526
TPR:  0.8574610244988864
precision:  0.927710843373494
accuracy:  0.8919540229885058
MCC:  0.7866266952808793
486
Training on 26000 samples...
Train epoch: 487 [0/26000 (0%)]	Loss: 0.053594
Train epoch: 487 [258540/26000 (38%)]	Loss: 0.014066
Train epoch: 487 [524520/26000 (77%)]	Loss: 0.032360
Make prediction for 870 samples...
epoch: 487
AUC: 0.9465425939935143
TPR:  0.8619153674832962
precision:  0.9280575539568345
accuracy:  0.8942528735632184
MCC:  0.7909242905936366
487
Training on 26000 samples...
Train epoch: 488 [0/26000 (0%)]	Loss: 0.028947
Train epoch: 488 [257120/26000 (38%)]	Loss: 0.017154
Train epoch: 488 [534000/26000 (77%)]	Loss: 0.015034
Make prediction for 870 samples...
epoch: 488
AUC: 0.9459712530881504
TPR:  0.8574610244988864
precision:  0.9344660194174758
accuracy:  0.8954022988505748
MCC:  0.7940277094491114
488
Training on 26000 samples...
Train epoch: 489 [0/26000 (0%)]	Loss: 0.027696
Train epoch: 489 [248640/26000 (38%)]	Loss: 0.020427
Train epoch: 489 [493880/26000 (77%)]	Loss: 0.021797
Make prediction for 870 samples...
epoch: 489
AUC: 0.9453813965052981
TPR:  0.888641425389755
precision:  0.9006772009029346
accuracy:  0.8919540229885058
MCC:  0.7838547239665495
489
Training on 26000 samples...
Train epoch: 490 [0/26000 (0%)]	Loss: 0.012160
Train epoch: 490 [256220/26000 (38%)]	Loss: 0.040350
Train epoch: 490 [513280/26000 (77%)]	Loss: 0.016353
Make prediction for 870 samples...
epoch: 490
AUC: 0.9478095953530941
TPR:  0.8552338530066815
precision:  0.9458128078817734
accuracy:  0.9
MCC:  0.8043507863297861
490
Training on 26000 samples...
Train epoch: 491 [0/26000 (0%)]	Loss: 0.014873
Train epoch: 491 [256340/26000 (38%)]	Loss: 0.019743
Train epoch: 491 [521320/26000 (77%)]	Loss: 0.038442
Make prediction for 870 samples...
epoch: 491
AUC: 0.9496320670373328
TPR:  0.8752783964365256
precision:  0.9290780141843972
accuracy:  0.9011494252873563
MCC:  0.8039089229973295
491
Training on 26000 samples...
Train epoch: 492 [0/26000 (0%)]	Loss: 0.016070
Train epoch: 492 [255300/26000 (38%)]	Loss: 0.026964
Train epoch: 492 [510920/26000 (77%)]	Loss: 0.031939
Make prediction for 870 samples...
epoch: 492
AUC: 0.9472356093509462
TPR:  0.8663697104677061
precision:  0.9088785046728972
accuracy:  0.8862068965517241
MCC:  0.7734324561951736
492
Training on 26000 samples...
Train epoch: 493 [0/26000 (0%)]	Loss: 0.035779
Train epoch: 493 [255460/26000 (38%)]	Loss: 0.015504
Train epoch: 493 [512920/26000 (77%)]	Loss: 0.024667
Make prediction for 870 samples...
epoch: 493
AUC: 0.9476403091589121
TPR:  0.8685968819599109
precision:  0.9263657957244655
accuracy:  0.896551724137931
MCC:  0.7949626776843765
493
Training on 26000 samples...
Train epoch: 494 [0/26000 (0%)]	Loss: 0.023420
Train epoch: 494 [262960/26000 (38%)]	Loss: 0.027721
Train epoch: 494 [511640/26000 (77%)]	Loss: 0.028461
Make prediction for 870 samples...
epoch: 494
AUC: 0.9418131609435589
TPR:  0.8708240534521158
precision:  0.9178403755868545
accuracy:  0.8931034482758621
MCC:  0.7874491668333041
494
Training on 26000 samples...
Train epoch: 495 [0/26000 (0%)]	Loss: 0.010237
Train epoch: 495 [252420/26000 (38%)]	Loss: 0.032202
Train epoch: 495 [515720/26000 (77%)]	Loss: 0.022779
Make prediction for 870 samples...
epoch: 495
AUC: 0.9442492950817071
TPR:  0.8552338530066815
precision:  0.9343065693430657
accuracy:  0.8942528735632184
MCC:  0.791897201810939
495
Training on 26000 samples...
Train epoch: 496 [0/26000 (0%)]	Loss: 0.012151
Train epoch: 496 [260100/26000 (38%)]	Loss: 0.027437
Train epoch: 496 [511400/26000 (77%)]	Loss: 0.020564
Make prediction for 870 samples...
epoch: 496
AUC: 0.9431568701098773
TPR:  0.8596881959910914
precision:  0.9278846153846154
accuracy:  0.8931034482758621
MCC:  0.7887736169055385
496
Training on 26000 samples...
Train epoch: 497 [0/26000 (0%)]	Loss: 0.030315
Train epoch: 497 [252760/26000 (38%)]	Loss: 0.024159
Train epoch: 497 [525920/26000 (77%)]	Loss: 0.025549
Make prediction for 870 samples...
epoch: 497
AUC: 0.9448417967613434
TPR:  0.8530066815144766
precision:  0.9433497536945813
accuracy:  0.8977011494252873
MCC:  0.7997404455598408
497
Training on 26000 samples...
Train epoch: 498 [0/26000 (0%)]	Loss: 0.012007
Train epoch: 498 [255460/26000 (38%)]	Loss: 0.021614
Train epoch: 498 [519360/26000 (77%)]	Loss: 0.034420
Make prediction for 870 samples...
epoch: 498
AUC: 0.9427177840437181
TPR:  0.821826280623608
precision:  0.9559585492227979
accuracy:  0.8885057471264368
MCC:  0.7860442358263102
498
Training on 26000 samples...
Train epoch: 499 [0/26000 (0%)]	Loss: 0.032956
Train epoch: 499 [265880/26000 (38%)]	Loss: 0.028613
Train epoch: 499 [499040/26000 (77%)]	Loss: 0.042052
Make prediction for 870 samples...
epoch: 499
AUC: 0.9436065365631728
TPR:  0.8530066815144766
precision:  0.9296116504854369
accuracy:  0.8908045977011494
MCC:  0.7848146540454661
499
Training on 26000 samples...
Train epoch: 500 [0/26000 (0%)]	Loss: 0.015471
Train epoch: 500 [255640/26000 (38%)]	Loss: 0.015887
Train epoch: 500 [516840/26000 (77%)]	Loss: 0.014854
Make prediction for 870 samples...
epoch: 500
AUC: 0.9439636246290252
TPR:  0.8396436525612472
precision:  0.9448621553884712
accuracy:  0.8919540229885058
MCC:  0.7896881546892152
500
Training on 26000 samples...
Train epoch: 501 [0/26000 (0%)]	Loss: 0.022735
Train epoch: 501 [259720/26000 (38%)]	Loss: 0.047161
Train epoch: 501 [515160/26000 (77%)]	Loss: 0.033383
Make prediction for 870 samples...
epoch: 501
AUC: 0.9480502991604463
TPR:  0.8574610244988864
precision:  0.941320293398533
accuracy:  0.8988505747126436
MCC:  0.8014721316688668
501
Training on 26000 samples...
Train epoch: 502 [0/26000 (0%)]	Loss: 0.033246
Train epoch: 502 [255360/26000 (38%)]	Loss: 0.029317
Train epoch: 502 [512320/26000 (77%)]	Loss: 0.019379
Make prediction for 870 samples...
epoch: 502
AUC: 0.9435139581757297
TPR:  0.8552338530066815
precision:  0.9320388349514563
accuracy:  0.8931034482758621
MCC:  0.7894211817472887
502
Training on 26000 samples...
Train epoch: 503 [0/26000 (0%)]	Loss: 0.034206
Train epoch: 503 [270540/26000 (38%)]	Loss: 0.022303
Train epoch: 503 [523640/26000 (77%)]	Loss: 0.032329
Make prediction for 870 samples...
epoch: 503
AUC: 0.9419242550084908
TPR:  0.8485523385300668
precision:  0.9247572815533981
accuracy:  0.8862068965517241
MCC:  0.7756015986418209
503
Training on 26000 samples...
Train epoch: 504 [0/26000 (0%)]	Loss: 0.022962
Train epoch: 504 [255800/26000 (38%)]	Loss: 0.029202
Train epoch: 504 [528240/26000 (77%)]	Loss: 0.017363
Make prediction for 870 samples...
epoch: 504
AUC: 0.9482301657417646
TPR:  0.8507795100222717
precision:  0.9432098765432099
accuracy:  0.896551724137931
MCC:  0.7976343799354643
504
Training on 26000 samples...
Train epoch: 505 [0/26000 (0%)]	Loss: 0.031631
Train epoch: 505 [261860/26000 (38%)]	Loss: 0.019076
Train epoch: 505 [506600/26000 (77%)]	Loss: 0.032587
Make prediction for 870 samples...
epoch: 505
AUC: 0.9456432610869231
TPR:  0.8775055679287305
precision:  0.9270588235294117
accuracy:  0.9011494252873563
MCC:  0.8036673148851993
505
Training on 26000 samples...
Train epoch: 506 [0/26000 (0%)]	Loss: 0.018998
Train epoch: 506 [262560/26000 (38%)]	Loss: 0.044808
Train epoch: 506 [527680/26000 (77%)]	Loss: 0.010759
Make prediction for 870 samples...
epoch: 506
AUC: 0.947899528643753
TPR:  0.8685968819599109
precision:  0.9241706161137441
accuracy:  0.8954022988505748
MCC:  0.7925307821364357
506
Training on 26000 samples...
Train epoch: 507 [0/26000 (0%)]	Loss: 0.027349
Train epoch: 507 [255600/26000 (38%)]	Loss: 0.020715
Train epoch: 507 [505720/26000 (77%)]	Loss: 0.021470
Make prediction for 870 samples...
epoch: 507
AUC: 0.9473334779319575
TPR:  0.8596881959910914
precision:  0.9346246973365617
accuracy:  0.896551724137931
MCC:  0.7961619170488148
507
Training on 26000 samples...
Train epoch: 508 [0/26000 (0%)]	Loss: 0.025671
Train epoch: 508 [263700/26000 (38%)]	Loss: 0.028701
Train epoch: 508 [506880/26000 (77%)]	Loss: 0.013184
Make prediction for 870 samples...
epoch: 508
AUC: 0.9442810362431161
TPR:  0.8552338530066815
precision:  0.9343065693430657
accuracy:  0.8942528735632184
MCC:  0.791897201810939
508
Training on 26000 samples...
Train epoch: 509 [0/26000 (0%)]	Loss: 0.022206
Train epoch: 509 [268960/26000 (38%)]	Loss: 0.038163
Train epoch: 509 [523960/26000 (77%)]	Loss: 0.020917
Make prediction for 870 samples...
epoch: 509
AUC: 0.9467621370265938
TPR:  0.8530066815144766
precision:  0.9575
accuracy:  0.9045977011494253
MCC:  0.8148475162472528
509
Training on 26000 samples...
Train epoch: 510 [0/26000 (0%)]	Loss: 0.018083
Train epoch: 510 [253260/26000 (38%)]	Loss: 0.022062
Train epoch: 510 [531560/26000 (77%)]	Loss: 0.026860
Make prediction for 870 samples...
epoch: 510
AUC: 0.9458892550878436
TPR:  0.8351893095768375
precision:  0.9517766497461929
accuracy:  0.8931034482758621
MCC:  0.7931803991668763
510
Training on 26000 samples...
Train epoch: 511 [0/26000 (0%)]	Loss: 0.022208
Train epoch: 511 [260280/26000 (38%)]	Loss: 0.027521
Train epoch: 511 [519680/26000 (77%)]	Loss: 0.010730
Make prediction for 870 samples...
epoch: 511
AUC: 0.9457940316036163
TPR:  0.8596881959910914
precision:  0.9256594724220624
accuracy:  0.8919540229885058
MCC:  0.7863202631287707
511
Training on 26000 samples...
Train epoch: 512 [0/26000 (0%)]	Loss: 0.030145
Train epoch: 512 [261260/26000 (38%)]	Loss: 0.027570
Train epoch: 512 [502560/26000 (77%)]	Loss: 0.037999
Make prediction for 870 samples...
epoch: 512
AUC: 0.9480476540636622
TPR:  0.8530066815144766
precision:  0.9551122194513716
accuracy:  0.903448275862069
MCC:  0.812316672649948
512
Training on 26000 samples...
Train epoch: 513 [0/26000 (0%)]	Loss: 0.032818
Train epoch: 513 [255380/26000 (38%)]	Loss: 0.025054
Train epoch: 513 [528960/26000 (77%)]	Loss: 0.017878
Make prediction for 870 samples...
epoch: 513
AUC: 0.9447571536642525
TPR:  0.8730512249443207
precision:  0.9267139479905437
accuracy:  0.8988505747126436
MCC:  0.7993070875090994
513
Training on 26000 samples...
Train epoch: 514 [0/26000 (0%)]	Loss: 0.043790
Train epoch: 514 [258440/26000 (38%)]	Loss: 0.026028
Train epoch: 514 [525880/26000 (77%)]	Loss: 0.047798
Make prediction for 870 samples...
epoch: 514
AUC: 0.9499785747160489
TPR:  0.8530066815144766
precision:  0.9527363184079602
accuracy:  0.9022988505747126
MCC:  0.8097910889970032
514
Training on 26000 samples...
Train epoch: 515 [0/26000 (0%)]	Loss: 0.026390
Train epoch: 515 [260760/26000 (38%)]	Loss: 0.034531
Train epoch: 515 [533480/26000 (77%)]	Loss: 0.036066
Make prediction for 870 samples...
epoch: 515
AUC: 0.9468785212850939
TPR:  0.8507795100222717
precision:  0.9478908188585607
accuracy:  0.8988505747126436
MCC:  0.80265813796072
515
Training on 26000 samples...
Train epoch: 516 [0/26000 (0%)]	Loss: 0.018926
Train epoch: 516 [256340/26000 (38%)]	Loss: 0.017633
Train epoch: 516 [520040/26000 (77%)]	Loss: 0.036826
Make prediction for 870 samples...
epoch: 516
AUC: 0.943207126948775
TPR:  0.844097995545657
precision:  0.9427860696517413
accuracy:  0.8931034482758621
MCC:  0.7913375752606264
516
Training on 26000 samples...
Train epoch: 517 [0/26000 (0%)]	Loss: 0.031675
Train epoch: 517 [260600/26000 (38%)]	Loss: 0.022061
Train epoch: 517 [514240/26000 (77%)]	Loss: 0.017896
Make prediction for 870 samples...
epoch: 517
AUC: 0.943984785403298
TPR:  0.8574610244988864
precision:  0.9482758620689655
accuracy:  0.9022988505747126
MCC:  0.8089611270997313
517
Training on 26000 samples...
Train epoch: 518 [0/26000 (0%)]	Loss: 0.014816
Train epoch: 518 [271560/26000 (38%)]	Loss: 0.021478
Train epoch: 518 [518280/26000 (77%)]	Loss: 0.018395
Make prediction for 870 samples...
epoch: 518
AUC: 0.9445164498569002
TPR:  0.8596881959910914
precision:  0.9346246973365617
accuracy:  0.896551724137931
MCC:  0.7961619170488148
518
Training on 26000 samples...
Train epoch: 519 [0/26000 (0%)]	Loss: 0.029883
Train epoch: 519 [258200/26000 (38%)]	Loss: 0.023963
Train epoch: 519 [520600/26000 (77%)]	Loss: 0.030660
Make prediction for 870 samples...
epoch: 519
AUC: 0.945402557279571
TPR:  0.8708240534521158
precision:  0.9376498800959233
accuracy:  0.903448275862069
MCC:  0.8093404004531002
519
Training on 26000 samples...
Train epoch: 520 [0/26000 (0%)]	Loss: 0.016349
Train epoch: 520 [267160/26000 (38%)]	Loss: 0.028875
Train epoch: 520 [491360/26000 (77%)]	Loss: 0.021702
Make prediction for 870 samples...
epoch: 520
AUC: 0.9423157293325364
TPR:  0.8396436525612472
precision:  0.9262899262899262
accuracy:  0.8827586206896552
MCC:  0.7695826223280675
520
Training on 26000 samples...
Train epoch: 521 [0/26000 (0%)]	Loss: 0.019456
Train epoch: 521 [257820/26000 (38%)]	Loss: 0.026302
Train epoch: 521 [520080/26000 (77%)]	Loss: 0.029114
Make prediction for 870 samples...
epoch: 521
AUC: 0.9477090816752984
TPR:  0.8374164810690423
precision:  0.947103274559194
accuracy:  0.8919540229885058
MCC:  0.7901479074350087
521
Training on 26000 samples...
Train epoch: 522 [0/26000 (0%)]	Loss: 0.012900
Train epoch: 522 [254080/26000 (38%)]	Loss: 0.031326
Train epoch: 522 [520120/26000 (77%)]	Loss: 0.018553
Make prediction for 870 samples...
epoch: 522
AUC: 0.9428103624311613
TPR:  0.8596881959910914
precision:  0.9278846153846154
accuracy:  0.8931034482758621
MCC:  0.7887736169055385
522
Training on 26000 samples...
Train epoch: 523 [0/26000 (0%)]	Loss: 0.024247
Train epoch: 523 [255100/26000 (38%)]	Loss: 0.023726
Train epoch: 523 [512040/26000 (77%)]	Loss: 0.040595
Make prediction for 870 samples...
epoch: 523
AUC: 0.9473916700612076
TPR:  0.8619153674832962
precision:  0.9148936170212766
accuracy:  0.8873563218390804
MCC:  0.7762979100679489
523
Training on 26000 samples...
Train epoch: 524 [0/26000 (0%)]	Loss: 0.035626
Train epoch: 524 [269000/26000 (38%)]	Loss: 0.040082
Train epoch: 524 [506160/26000 (77%)]	Loss: 0.014763
Make prediction for 870 samples...
epoch: 524
AUC: 0.9438181443059002
TPR:  0.8262806236080178
precision:  0.9440203562340967
accuracy:  0.8850574712643678
MCC:  0.7772544766018309
524
Training on 26000 samples...
Train epoch: 525 [0/26000 (0%)]	Loss: 0.015307
Train epoch: 525 [267100/26000 (38%)]	Loss: 0.033587
Train epoch: 525 [526200/26000 (77%)]	Loss: 0.021771
Make prediction for 870 samples...
epoch: 525
AUC: 0.9390146485459903
TPR:  0.844097995545657
precision:  0.9312039312039312
accuracy:  0.8873563218390804
MCC:  0.7788019092176476
525
Training on 26000 samples...
Train epoch: 526 [0/26000 (0%)]	Loss: 0.022006
Train epoch: 526 [253920/26000 (38%)]	Loss: 0.010607
Train epoch: 526 [528720/26000 (77%)]	Loss: 0.031599
Make prediction for 870 samples...
epoch: 526
AUC: 0.9416094884911839
TPR:  0.8708240534521158
precision:  0.9156908665105387
accuracy:  0.8919540229885058
MCC:  0.7850393137951761
526
Training on 26000 samples...
Train epoch: 527 [0/26000 (0%)]	Loss: 0.022811
Train epoch: 527 [251680/26000 (38%)]	Loss: 0.018842
Train epoch: 527 [525080/26000 (77%)]	Loss: 0.016820
Make prediction for 870 samples...
epoch: 527
AUC: 0.944974051600548
TPR:  0.8507795100222717
precision:  0.9294403892944039
accuracy:  0.8896551724137931
MCC:  0.7826829988087454
527
Training on 26000 samples...
Train epoch: 528 [0/26000 (0%)]	Loss: 0.016491
Train epoch: 528 [249440/26000 (38%)]	Loss: 0.027322
Train epoch: 528 [516800/26000 (77%)]	Loss: 0.037601
Make prediction for 870 samples...
epoch: 528
AUC: 0.9471694819313439
TPR:  0.8485523385300668
precision:  0.9361179361179361
accuracy:  0.8919540229885058
MCC:  0.7880211961072277
528
Training on 26000 samples...
Train epoch: 529 [0/26000 (0%)]	Loss: 0.028829
Train epoch: 529 [254620/26000 (38%)]	Loss: 0.027889
Train epoch: 529 [544640/26000 (77%)]	Loss: 0.019916
Make prediction for 870 samples...
epoch: 529
AUC: 0.9459765432817187
TPR:  0.8530066815144766
precision:  0.9364303178484108
accuracy:  0.8942528735632184
MCC:  0.7922554855400586
529
Training on 26000 samples...
Train epoch: 530 [0/26000 (0%)]	Loss: 0.009756
Train epoch: 530 [264920/26000 (38%)]	Loss: 0.038793
Train epoch: 530 [533560/26000 (77%)]	Loss: 0.018303
Make prediction for 870 samples...
epoch: 530
AUC: 0.9434002190140137
TPR:  0.8195991091314031
precision:  0.9435897435897436
accuracy:  0.8816091954022989
MCC:  0.7710820485904571
530
Training on 26000 samples...
Train epoch: 531 [0/26000 (0%)]	Loss: 0.023842
Train epoch: 531 [252020/26000 (38%)]	Loss: 0.024533
Train epoch: 531 [527800/26000 (77%)]	Loss: 0.046192
Make prediction for 870 samples...
epoch: 531
AUC: 0.9445138047601161
TPR:  0.8507795100222717
precision:  0.9294403892944039
accuracy:  0.8896551724137931
MCC:  0.7826829988087454
531
Training on 26000 samples...
Train epoch: 532 [0/26000 (0%)]	Loss: 0.026475
Train epoch: 532 [262680/26000 (38%)]	Loss: 0.029577
Train epoch: 532 [518320/26000 (77%)]	Loss: 0.049157
Make prediction for 870 samples...
epoch: 532
AUC: 0.9452306259886051
TPR:  0.8552338530066815
precision:  0.9343065693430657
accuracy:  0.8942528735632184
MCC:  0.791897201810939
532
Training on 26000 samples...
Train epoch: 533 [0/26000 (0%)]	Loss: 0.022949
Train epoch: 533 [257400/26000 (38%)]	Loss: 0.012034
Train epoch: 533 [521360/26000 (77%)]	Loss: 0.030482
Make prediction for 870 samples...
epoch: 533
AUC: 0.9384274370599219
TPR:  0.8285077951002228
precision:  0.9441624365482234
accuracy:  0.8862068965517241
MCC:  0.7793184372412177
533
Training on 26000 samples...
Train epoch: 534 [0/26000 (0%)]	Loss: 0.038421
Train epoch: 534 [261320/26000 (38%)]	Loss: 0.035041
Train epoch: 534 [536240/26000 (77%)]	Loss: 0.016577
Make prediction for 870 samples...
epoch: 534
AUC: 0.9442281343074344
TPR:  0.8685968819599109
precision:  0.9176470588235294
accuracy:  0.8919540229885058
MCC:  0.7852621142942317
534
Training on 26000 samples...
Train epoch: 535 [0/26000 (0%)]	Loss: 0.022000
Train epoch: 535 [256080/26000 (38%)]	Loss: 0.013698
Train epoch: 535 [519360/26000 (77%)]	Loss: 0.031278
Make prediction for 870 samples...
epoch: 535
AUC: 0.9453258494728323
TPR:  0.8596881959910914
precision:  0.9323671497584541
accuracy:  0.8954022988505748
MCC:  0.7936944018577001
535
Training on 26000 samples...
Train epoch: 536 [0/26000 (0%)]	Loss: 0.023926
Train epoch: 536 [255060/26000 (38%)]	Loss: 0.018277
Train epoch: 536 [509360/26000 (77%)]	Loss: 0.024137
Make prediction for 870 samples...
epoch: 536
AUC: 0.9444820635987071
TPR:  0.8685968819599109
precision:  0.9285714285714286
accuracy:  0.8977011494252873
MCC:  0.7973991436820608
536
Training on 26000 samples...
Train epoch: 537 [0/26000 (0%)]	Loss: 0.013302
Train epoch: 537 [266340/26000 (38%)]	Loss: 0.020524
Train epoch: 537 [512240/26000 (77%)]	Loss: 0.020145
Make prediction for 870 samples...
epoch: 537
AUC: 0.9461061530241391
TPR:  0.8752783964365256
precision:  0.9225352112676056
accuracy:  0.8977011494252873
MCC:  0.7966513049047765
537
Training on 26000 samples...
Train epoch: 538 [0/26000 (0%)]	Loss: 0.020093
Train epoch: 538 [253340/26000 (38%)]	Loss: 0.015023
Train epoch: 538 [524880/26000 (77%)]	Loss: 0.017766
Make prediction for 870 samples...
epoch: 538
AUC: 0.9460585412820255
TPR:  0.8552338530066815
precision:  0.9343065693430657
accuracy:  0.8942528735632184
MCC:  0.791897201810939
538
Training on 26000 samples...
Train epoch: 539 [0/26000 (0%)]	Loss: 0.027650
Train epoch: 539 [259520/26000 (38%)]	Loss: 0.039397
Train epoch: 539 [504680/26000 (77%)]	Loss: 0.044010
Make prediction for 870 samples...
epoch: 539
AUC: 0.9506980410413217
TPR:  0.8663697104677061
precision:  0.9284009546539379
accuracy:  0.896551724137931
MCC:  0.7952370218542506
539
Training on 26000 samples...
Train epoch: 540 [0/26000 (0%)]	Loss: 0.020760
Train epoch: 540 [257680/26000 (38%)]	Loss: 0.030404
Train epoch: 540 [494320/26000 (77%)]	Loss: 0.027952
Make prediction for 870 samples...
epoch: 540
AUC: 0.9477434679334917
TPR:  0.8574610244988864
precision:  0.9390243902439024
accuracy:  0.8977011494252873
MCC:  0.7989857630018578
540
Training on 26000 samples...
Train epoch: 541 [0/26000 (0%)]	Loss: 0.022517
Train epoch: 541 [260620/26000 (38%)]	Loss: 0.026550
Train epoch: 541 [563160/26000 (77%)]	Loss: 0.037225
Make prediction for 870 samples...
epoch: 541
AUC: 0.9456406159901392
TPR:  0.8641425389755011
precision:  0.9326923076923077
accuracy:  0.8977011494252873
MCC:  0.7979825737576791
541
Training on 26000 samples...
Train epoch: 542 [0/26000 (0%)]	Loss: 0.027653
Train epoch: 542 [262680/26000 (38%)]	Loss: 0.019010
Train epoch: 542 [511960/26000 (77%)]	Loss: 0.033700
Make prediction for 870 samples...
epoch: 542
AUC: 0.9445772870829343
TPR:  0.8507795100222717
precision:  0.9478908188585607
accuracy:  0.8988505747126436
MCC:  0.80265813796072
542
Training on 26000 samples...
Train epoch: 543 [0/26000 (0%)]	Loss: 0.036143
Train epoch: 543 [260480/26000 (38%)]	Loss: 0.020081
Train epoch: 543 [528320/26000 (77%)]	Loss: 0.028196
Make prediction for 870 samples...
epoch: 543
AUC: 0.947000195737162
TPR:  0.8730512249443207
precision:  0.9355608591885441
accuracy:  0.903448275862069
MCC:  0.8090466189043946
543
Training on 26000 samples...
Train epoch: 544 [0/26000 (0%)]	Loss: 0.024730
Train epoch: 544 [260260/26000 (38%)]	Loss: 0.012201
Train epoch: 544 [509960/26000 (77%)]	Loss: 0.016729
Make prediction for 870 samples...
epoch: 544
AUC: 0.9479894619344121
TPR:  0.8485523385300668
precision:  0.9454094292803971
accuracy:  0.896551724137931
MCC:  0.7980455562691899
544
Training on 26000 samples...
Train epoch: 545 [0/26000 (0%)]	Loss: 0.032522
Train epoch: 545 [255020/26000 (38%)]	Loss: 0.019949
Train epoch: 545 [509840/26000 (77%)]	Loss: 0.012432
Make prediction for 870 samples...
epoch: 545
AUC: 0.943786403144491
TPR:  0.8574610244988864
precision:  0.9367396593673966
accuracy:  0.896551724137931
MCC:  0.7965043033120358
545
Training on 26000 samples...
Train epoch: 546 [0/26000 (0%)]	Loss: 0.016508
Train epoch: 546 [247640/26000 (38%)]	Loss: 0.026615
Train epoch: 546 [525280/26000 (77%)]	Loss: 0.035739
Make prediction for 870 samples...
epoch: 546
AUC: 0.9450719201815595
TPR:  0.8752783964365256
precision:  0.9312796208530806
accuracy:  0.9022988505747126
MCC:  0.806337201363092
546
Training on 26000 samples...
Train epoch: 547 [0/26000 (0%)]	Loss: 0.023740
Train epoch: 547 [257900/26000 (38%)]	Loss: 0.012492
Train epoch: 547 [509720/26000 (77%)]	Loss: 0.031628
Make prediction for 870 samples...
epoch: 547
AUC: 0.9439953657904343
TPR:  0.8285077951002228
precision:  0.9587628865979382
accuracy:  0.8931034482758621
MCC:  0.794746059714429
547
Training on 26000 samples...
Train epoch: 548 [0/26000 (0%)]	Loss: 0.024986
Train epoch: 548 [258540/26000 (38%)]	Loss: 0.032886
Train epoch: 548 [499240/26000 (77%)]	Loss: 0.021977
Make prediction for 870 samples...
epoch: 548
AUC: 0.9464103391543096
TPR:  0.8574610244988864
precision:  0.9322033898305084
accuracy:  0.8942528735632184
MCC:  0.7915559385284204
548
Training on 26000 samples...
Train epoch: 549 [0/26000 (0%)]	Loss: 0.023645
Train epoch: 549 [261280/26000 (38%)]	Loss: 0.022313
Train epoch: 549 [526040/26000 (77%)]	Loss: 0.028213
Make prediction for 870 samples...
epoch: 549
AUC: 0.9477619836109803
TPR:  0.8775055679287305
precision:  0.9292452830188679
accuracy:  0.9022988505747126
MCC:  0.8060867631112859
549
Training on 26000 samples...
Train epoch: 550 [0/26000 (0%)]	Loss: 0.015792
Train epoch: 550 [262740/26000 (38%)]	Loss: 0.035738
Train epoch: 550 [514800/26000 (77%)]	Loss: 0.026457
Make prediction for 870 samples...
epoch: 550
AUC: 0.9452993985049913
TPR:  0.8574610244988864
precision:  0.9344660194174758
accuracy:  0.8954022988505748
MCC:  0.7940277094491114
550
Training on 26000 samples...
Train epoch: 551 [0/26000 (0%)]	Loss: 0.017493
Train epoch: 551 [258780/26000 (38%)]	Loss: 0.013828
Train epoch: 551 [500240/26000 (77%)]	Loss: 0.015212
Make prediction for 870 samples...
epoch: 551
AUC: 0.9479973972247645
TPR:  0.8485523385300668
precision:  0.9384236453201971
accuracy:  0.8931034482758621
MCC:  0.7905197640199503
551
Training on 26000 samples...
Train epoch: 552 [0/26000 (0%)]	Loss: 0.020786
Train epoch: 552 [263160/26000 (38%)]	Loss: 0.009687
Train epoch: 552 [506040/26000 (77%)]	Loss: 0.041451
Make prediction for 870 samples...
epoch: 552
AUC: 0.9484867401298215
TPR:  0.8619153674832962
precision:  0.9439024390243902
accuracy:  0.9022988505747126
MCC:  0.8082011628933017
552
Training on 26000 samples...
Train epoch: 553 [0/26000 (0%)]	Loss: 0.019993
Train epoch: 553 [268800/26000 (38%)]	Loss: 0.033439
Train epoch: 553 [521040/26000 (77%)]	Loss: 0.103296
Make prediction for 870 samples...
epoch: 553
AUC: 0.9523961931767084
TPR:  0.8418708240534521
precision:  0.9402985074626866
accuracy:  0.8908045977011494
MCC:  0.7867241968265323
553
Training on 26000 samples...
Train epoch: 554 [0/26000 (0%)]	Loss: 0.018541
Train epoch: 554 [262840/26000 (38%)]	Loss: 0.034362
Train epoch: 554 [512360/26000 (77%)]	Loss: 0.021612
Make prediction for 870 samples...
epoch: 554
AUC: 0.9476746954171054
TPR:  0.8574610244988864
precision:  0.9322033898305084
accuracy:  0.8942528735632184
MCC:  0.7915559385284204
554
Training on 26000 samples...
Train epoch: 555 [0/26000 (0%)]	Loss: 0.018860
Train epoch: 555 [269320/26000 (38%)]	Loss: 0.027576
Train epoch: 555 [539360/26000 (77%)]	Loss: 0.021688
Make prediction for 870 samples...
epoch: 555
AUC: 0.9474154759322643
TPR:  0.8596881959910914
precision:  0.9168646080760094
accuracy:  0.8873563218390804
MCC:  0.7765528040671008
555
Training on 26000 samples...
Train epoch: 556 [0/26000 (0%)]	Loss: 0.016560
Train epoch: 556 [253560/26000 (38%)]	Loss: 0.038790
Train epoch: 556 [523760/26000 (77%)]	Loss: 0.022587
Make prediction for 870 samples...
epoch: 556
AUC: 0.9475133445132757
TPR:  0.8396436525612472
precision:  0.9496221662468514
accuracy:  0.8942528735632184
MCC:  0.7947656446062318
556
Training on 26000 samples...
Train epoch: 557 [0/26000 (0%)]	Loss: 0.036151
Train epoch: 557 [257020/26000 (38%)]	Loss: 0.020452
Train epoch: 557 [521000/26000 (77%)]	Loss: 0.016773
Make prediction for 870 samples...
epoch: 557
AUC: 0.9440033010807864
TPR:  0.8685968819599109
precision:  0.9176470588235294
accuracy:  0.8919540229885058
MCC:  0.7852621142942317
557
Training on 26000 samples...
Train epoch: 558 [0/26000 (0%)]	Loss: 0.029522
Train epoch: 558 [260440/26000 (38%)]	Loss: 0.033051
Train epoch: 558 [511080/26000 (77%)]	Loss: 0.041699
Make prediction for 870 samples...
epoch: 558
AUC: 0.9484126774198668
TPR:  0.8507795100222717
precision:  0.9339853300733496
accuracy:  0.8919540229885058
MCC:  0.7876471624756546
558
Training on 26000 samples...
Train epoch: 559 [0/26000 (0%)]	Loss: 0.035646
Train epoch: 559 [265560/26000 (38%)]	Loss: 0.028083
Train epoch: 559 [495880/26000 (77%)]	Loss: 0.028908
Make prediction for 870 samples...
epoch: 559
AUC: 0.9452094652143321
TPR:  0.8685968819599109
precision:  0.9241706161137441
accuracy:  0.8954022988505748
MCC:  0.7925307821364357
559
Training on 26000 samples...
Train epoch: 560 [0/26000 (0%)]	Loss: 0.024133
Train epoch: 560 [269180/26000 (38%)]	Loss: 0.032707
Train epoch: 560 [521120/26000 (77%)]	Loss: 0.027565
Make prediction for 870 samples...
epoch: 560
AUC: 0.9416861962979226
TPR:  0.8307349665924276
precision:  0.9395465994962217
accuracy:  0.8850574712643678
MCC:  0.7762946959213397
560
Training on 26000 samples...
Train epoch: 561 [0/26000 (0%)]	Loss: 0.020112
Train epoch: 561 [256140/26000 (38%)]	Loss: 0.015530
Train epoch: 561 [514120/26000 (77%)]	Loss: 0.029263
Make prediction for 870 samples...
epoch: 561
AUC: 0.9414243317162976
TPR:  0.8195991091314031
precision:  0.9484536082474226
accuracy:  0.8839080459770114
MCC:  0.7762373713306842
561
Training on 26000 samples...
Train epoch: 562 [0/26000 (0%)]	Loss: 0.023421
Train epoch: 562 [262880/26000 (38%)]	Loss: 0.023146
Train epoch: 562 [513960/26000 (77%)]	Loss: 0.027642
Make prediction for 870 samples...
epoch: 562
AUC: 0.9414084611355931
TPR:  0.8351893095768375
precision:  0.9328358208955224
accuracy:  0.8839080459770114
MCC:  0.7728840615242496
562
Training on 26000 samples...
Train epoch: 563 [0/26000 (0%)]	Loss: 0.024185
Train epoch: 563 [260180/26000 (38%)]	Loss: 0.025415
Train epoch: 563 [526880/26000 (77%)]	Loss: 0.012262
Make prediction for 870 samples...
epoch: 563
AUC: 0.9451539181818662
TPR:  0.8485523385300668
precision:  0.9525
accuracy:  0.9
MCC:  0.8056174226448167
563
Training on 26000 samples...
Train epoch: 564 [0/26000 (0%)]	Loss: 0.018899
Train epoch: 564 [265840/26000 (38%)]	Loss: 0.025669
Train epoch: 564 [516480/26000 (77%)]	Loss: 0.010316
Make prediction for 870 samples...
epoch: 564
AUC: 0.9453232043760481
TPR:  0.8418708240534521
precision:  0.9379652605459057
accuracy:  0.8896551724137931
MCC:  0.7842078111945994
564
Training on 26000 samples...
Train epoch: 565 [0/26000 (0%)]	Loss: 0.027671
Train epoch: 565 [252580/26000 (38%)]	Loss: 0.024791
Train epoch: 565 [520200/26000 (77%)]	Loss: 0.024757
Make prediction for 870 samples...
epoch: 565
AUC: 0.9430854524967069
TPR:  0.8841870824053452
precision:  0.8981900452488688
accuracy:  0.8885057471264368
MCC:  0.7769966610624325
565
Training on 26000 samples...
Train epoch: 566 [0/26000 (0%)]	Loss: 0.036982
Train epoch: 566 [257780/26000 (38%)]	Loss: 0.013309
Train epoch: 566 [534960/26000 (77%)]	Loss: 0.009337
Make prediction for 870 samples...
epoch: 566
AUC: 0.9459289315396049
TPR:  0.8685968819599109
precision:  0.9263657957244655
accuracy:  0.896551724137931
MCC:  0.7949626776843765
566
Training on 26000 samples...
Train epoch: 567 [0/26000 (0%)]	Loss: 0.023857
Train epoch: 567 [248160/26000 (38%)]	Loss: 0.026390
Train epoch: 567 [521720/26000 (77%)]	Loss: 0.031267
Make prediction for 870 samples...
epoch: 567
AUC: 0.9449158594712981
TPR:  0.8351893095768375
precision:  0.9422110552763819
accuracy:  0.8885057471264368
MCC:  0.7829906450819742
567
Training on 26000 samples...
Train epoch: 568 [0/26000 (0%)]	Loss: 0.022549
Train epoch: 568 [264480/26000 (38%)]	Loss: 0.012669
Train epoch: 568 [514960/26000 (77%)]	Loss: 0.027763
Make prediction for 870 samples...
epoch: 568
AUC: 0.9469605192854006
TPR:  0.8507795100222717
precision:  0.9362745098039216
accuracy:  0.8931034482758621
MCC:  0.7901365400715863
568
Training on 26000 samples...
Train epoch: 569 [0/26000 (0%)]	Loss: 0.022692
Train epoch: 569 [253560/26000 (38%)]	Loss: 0.019786
Train epoch: 569 [520560/26000 (77%)]	Loss: 0.030937
Make prediction for 870 samples...
epoch: 569
AUC: 0.9475477307714689
TPR:  0.8641425389755011
precision:  0.9371980676328503
accuracy:  0.9
MCC:  0.8029053097187083
569
Training on 26000 samples...
Train epoch: 570 [0/26000 (0%)]	Loss: 0.034589
Train epoch: 570 [255040/26000 (38%)]	Loss: 0.014231
Train epoch: 570 [529560/26000 (77%)]	Loss: 0.024588
Make prediction for 870 samples...
epoch: 570
AUC: 0.947404895545128
TPR:  0.8485523385300668
precision:  0.9501246882793017
accuracy:  0.8988505747126436
MCC:  0.8030882724017718
570
Training on 26000 samples...
Train epoch: 571 [0/26000 (0%)]	Loss: 0.030452
Train epoch: 571 [259660/26000 (38%)]	Loss: 0.028542
Train epoch: 571 [529280/26000 (77%)]	Loss: 0.024613
Make prediction for 870 samples...
epoch: 571
AUC: 0.9494865867142079
TPR:  0.844097995545657
precision:  0.9475
accuracy:  0.8954022988505748
MCC:  0.7963873290423805
571
Training on 26000 samples...
Train epoch: 572 [0/26000 (0%)]	Loss: 0.030260
Train epoch: 572 [255740/26000 (38%)]	Loss: 0.021929
Train epoch: 572 [536360/26000 (77%)]	Loss: 0.036750
Make prediction for 870 samples...
epoch: 572
AUC: 0.9462992450893778
TPR:  0.844097995545657
precision:  0.949874686716792
accuracy:  0.896551724137931
MCC:  0.7989199917020897
572
Training on 26000 samples...
Train epoch: 573 [0/26000 (0%)]	Loss: 0.027319
Train epoch: 573 [264900/26000 (38%)]	Loss: 0.024893
Train epoch: 573 [521600/26000 (77%)]	Loss: 0.019843
Make prediction for 870 samples...
epoch: 573
AUC: 0.9478043051595257
TPR:  0.8574610244988864
precision:  0.9210526315789473
accuracy:  0.8885057471264368
MCC:  0.7792679452224996
573
Training on 26000 samples...
Train epoch: 574 [0/26000 (0%)]	Loss: 0.014900
Train epoch: 574 [261420/26000 (38%)]	Loss: 0.026577
Train epoch: 574 [516200/26000 (77%)]	Loss: 0.028480
Make prediction for 870 samples...
epoch: 574
AUC: 0.9484417734844919
TPR:  0.8530066815144766
precision:  0.9341463414634147
accuracy:  0.8931034482758621
MCC:  0.7897703631104138
574
Training on 26000 samples...
Train epoch: 575 [0/26000 (0%)]	Loss: 0.034533
Train epoch: 575 [248020/26000 (38%)]	Loss: 0.023655
Train epoch: 575 [523600/26000 (77%)]	Loss: 0.021833
Make prediction for 870 samples...
epoch: 575
AUC: 0.9469525839950483
TPR:  0.8463251670378619
precision:  0.9429280397022333
accuracy:  0.8942528735632184
MCC:  0.7934329745776597
575
Training on 26000 samples...
Train epoch: 576 [0/26000 (0%)]	Loss: 0.027163
Train epoch: 576 [259340/26000 (38%)]	Loss: 0.024824
Train epoch: 576 [518160/26000 (77%)]	Loss: 0.016985
Make prediction for 870 samples...
epoch: 576
AUC: 0.9460082844431278
TPR:  0.8485523385300668
precision:  0.9384236453201971
accuracy:  0.8931034482758621
MCC:  0.7905197640199503
576
Training on 26000 samples...
Train epoch: 577 [0/26000 (0%)]	Loss: 0.022719
Train epoch: 577 [259980/26000 (38%)]	Loss: 0.045664
Train epoch: 577 [499960/26000 (77%)]	Loss: 0.023476
Make prediction for 870 samples...
epoch: 577
AUC: 0.945175078956139
TPR:  0.8507795100222717
precision:  0.9160671462829736
accuracy:  0.8827586206896552
MCC:  0.767904153269307
577
Training on 26000 samples...
Train epoch: 578 [0/26000 (0%)]	Loss: 0.023906
Train epoch: 578 [259040/26000 (38%)]	Loss: 0.035125
Train epoch: 578 [509680/26000 (77%)]	Loss: 0.016303
Make prediction for 870 samples...
epoch: 578
AUC: 0.9462066667019347
TPR:  0.8463251670378619
precision:  0.9429280397022333
accuracy:  0.8942528735632184
MCC:  0.7934329745776597
578
Training on 26000 samples...
Train epoch: 579 [0/26000 (0%)]	Loss: 0.015075
Train epoch: 579 [261460/26000 (38%)]	Loss: 0.017417
Train epoch: 579 [555560/26000 (77%)]	Loss: 0.025635
Make prediction for 870 samples...
epoch: 579
AUC: 0.9465954959291961
TPR:  0.844097995545657
precision:  0.9358024691358025
accuracy:  0.8896551724137931
MCC:  0.7838011912472583
579
Training on 26000 samples...
Train epoch: 580 [0/26000 (0%)]	Loss: 0.025040
Train epoch: 580 [263320/26000 (38%)]	Loss: 0.036723
Train epoch: 580 [528640/26000 (77%)]	Loss: 0.020520
Make prediction for 870 samples...
epoch: 580
AUC: 0.9475662464489576
TPR:  0.8463251670378619
precision:  0.9405940594059405
accuracy:  0.8931034482758621
MCC:  0.7909200897043261
580
Training on 26000 samples...
Train epoch: 581 [0/26000 (0%)]	Loss: 0.022111
Train epoch: 581 [260880/26000 (38%)]	Loss: 0.019622
Train epoch: 581 [523760/26000 (77%)]	Loss: 0.012902
Make prediction for 870 samples...
epoch: 581
AUC: 0.945204175020764
TPR:  0.8351893095768375
precision:  0.9422110552763819
accuracy:  0.8885057471264368
MCC:  0.7829906450819742
581
Training on 26000 samples...
Train epoch: 582 [0/26000 (0%)]	Loss: 0.033817
Train epoch: 582 [256020/26000 (38%)]	Loss: 0.032773
Train epoch: 582 [526000/26000 (77%)]	Loss: 0.036295
Make prediction for 870 samples...
epoch: 582
AUC: 0.9472488348348668
TPR:  0.8418708240534521
precision:  0.949748743718593
accuracy:  0.8954022988505748
MCC:  0.7968410909278275
582
Training on 26000 samples...
Train epoch: 583 [0/26000 (0%)]	Loss: 0.028386
Train epoch: 583 [264300/26000 (38%)]	Loss: 0.028975
Train epoch: 583 [508120/26000 (77%)]	Loss: 0.021689
Make prediction for 870 samples...
epoch: 583
AUC: 0.9482407461289009
TPR:  0.8485523385300668
precision:  0.9407407407407408
accuracy:  0.8942528735632184
MCC:  0.7930233170393957
583
Training on 26000 samples...
Train epoch: 584 [0/26000 (0%)]	Loss: 0.029806
Train epoch: 584 [249680/26000 (38%)]	Loss: 0.012340
Train epoch: 584 [525600/26000 (77%)]	Loss: 0.027403
Make prediction for 870 samples...
epoch: 584
AUC: 0.9496241317469808
TPR:  0.8507795100222717
precision:  0.9385749385749386
accuracy:  0.8942528735632184
MCC:  0.7926308395520176
584
Training on 26000 samples...
Train epoch: 585 [0/26000 (0%)]	Loss: 0.025227
Train epoch: 585 [252400/26000 (38%)]	Loss: 0.025739
Train epoch: 585 [510120/26000 (77%)]	Loss: 0.036892
Make prediction for 870 samples...
epoch: 585
AUC: 0.9473334779319575
TPR:  0.8574610244988864
precision:  0.941320293398533
accuracy:  0.8988505747126436
MCC:  0.8014721316688668
585
Training on 26000 samples...
Train epoch: 586 [0/26000 (0%)]	Loss: 0.016485
Train epoch: 586 [247740/26000 (38%)]	Loss: 0.022275
Train epoch: 586 [527920/26000 (77%)]	Loss: 0.015301
Make prediction for 870 samples...
epoch: 586
AUC: 0.9469446487046962
TPR:  0.8663697104677061
precision:  0.9239904988123515
accuracy:  0.8942528735632184
MCC:  0.7903602092800576
586
Training on 26000 samples...
Train epoch: 587 [0/26000 (0%)]	Loss: 0.017328
Train epoch: 587 [256420/26000 (38%)]	Loss: 0.022906
Train epoch: 587 [526560/26000 (77%)]	Loss: 0.028262
Make prediction for 870 samples...
epoch: 587
AUC: 0.9497299356183443
TPR:  0.8351893095768375
precision:  0.9398496240601504
accuracy:  0.8873563218390804
MCC:  0.7804563176763406
587
Training on 26000 samples...
Train epoch: 588 [0/26000 (0%)]	Loss: 0.017374
Train epoch: 588 [253820/26000 (38%)]	Loss: 0.022254
Train epoch: 588 [546840/26000 (77%)]	Loss: 0.019385
Make prediction for 870 samples...
epoch: 588
AUC: 0.9450639848912071
TPR:  0.8351893095768375
precision:  0.9351620947630923
accuracy:  0.8850574712643678
MCC:  0.7754030716572433
588
Training on 26000 samples...
Train epoch: 589 [0/26000 (0%)]	Loss: 0.024199
Train epoch: 589 [263760/26000 (38%)]	Loss: 0.021806
Train epoch: 589 [510800/26000 (77%)]	Loss: 0.033240
Make prediction for 870 samples...
epoch: 589
AUC: 0.9486269302593783
TPR:  0.8374164810690423
precision:  0.9543147208121827
accuracy:  0.8954022988505748
MCC:  0.7978010531420958
589
Training on 26000 samples...
Train epoch: 590 [0/26000 (0%)]	Loss: 0.025548
Train epoch: 590 [258860/26000 (38%)]	Loss: 0.023653
Train epoch: 590 [534680/26000 (77%)]	Loss: 0.022823
Make prediction for 870 samples...
epoch: 590
AUC: 0.9465584645742188
TPR:  0.8574610244988864
precision:  0.9254807692307693
accuracy:  0.8908045977011494
MCC:  0.7841691384794681
590
Training on 26000 samples...
Train epoch: 591 [0/26000 (0%)]	Loss: 0.021056
Train epoch: 591 [265440/26000 (38%)]	Loss: 0.022312
Train epoch: 591 [514280/26000 (77%)]	Loss: 0.029053
Make prediction for 870 samples...
epoch: 591
AUC: 0.939726179580911
TPR:  0.8463251670378619
precision:  0.9134615384615384
accuracy:  0.8793103448275862
MCC:  0.7611467463491165
591
Training on 26000 samples...
Train epoch: 592 [0/26000 (0%)]	Loss: 0.028649
Train epoch: 592 [261040/26000 (38%)]	Loss: 0.016635
Train epoch: 592 [525280/26000 (77%)]	Loss: 0.040353
Make prediction for 870 samples...
epoch: 592
AUC: 0.9447492183739004
TPR:  0.8329621380846325
precision:  0.935
accuracy:  0.8839080459770114
MCC:  0.7733120950362901
592
Training on 26000 samples...
Train epoch: 593 [0/26000 (0%)]	Loss: 0.026011
Train epoch: 593 [258920/26000 (38%)]	Loss: 0.026748
Train epoch: 593 [503520/26000 (77%)]	Loss: 0.031178
Make prediction for 870 samples...
epoch: 593
AUC: 0.9434980875950251
TPR:  0.8418708240534521
precision:  0.9242053789731052
accuracy:  0.8827586206896552
MCC:  0.7692138702180383
593
Training on 26000 samples...
Train epoch: 594 [0/26000 (0%)]	Loss: 0.022118
Train epoch: 594 [258640/26000 (38%)]	Loss: 0.012601
Train epoch: 594 [518400/26000 (77%)]	Loss: 0.038033
Make prediction for 870 samples...
epoch: 594
AUC: 0.9466827841230709
TPR:  0.8552338530066815
precision:  0.927536231884058
accuracy:  0.8908045977011494
MCC:  0.784483493996692
594
Training on 26000 samples...
Train epoch: 595 [0/26000 (0%)]	Loss: 0.024792
Train epoch: 595 [262520/26000 (38%)]	Loss: 0.031051
Train epoch: 595 [520240/26000 (77%)]	Loss: 0.013475
Make prediction for 870 samples...
epoch: 595
AUC: 0.9463521470250598
TPR:  0.8351893095768375
precision:  0.9493670886075949
accuracy:  0.8919540229885058
MCC:  0.7906250003247357
595
Training on 26000 samples...
Train epoch: 596 [0/26000 (0%)]	Loss: 0.012865
Train epoch: 596 [255240/26000 (38%)]	Loss: 0.017435
Train epoch: 596 [506640/26000 (77%)]	Loss: 0.012129
Make prediction for 870 samples...
epoch: 596
AUC: 0.9470266467050029
TPR:  0.8663697104677061
precision:  0.9196217494089834
accuracy:  0.8919540229885058
MCC:  0.7855015810444091
596
Training on 26000 samples...
Train epoch: 597 [0/26000 (0%)]	Loss: 0.017040
Train epoch: 597 [248260/26000 (38%)]	Loss: 0.009064
Train epoch: 597 [525360/26000 (77%)]	Loss: 0.032019
Make prediction for 870 samples...
epoch: 597
AUC: 0.9452412063757412
TPR:  0.8552338530066815
precision:  0.9481481481481482
accuracy:  0.9011494252873563
MCC:  0.8068565057276016
597
Training on 26000 samples...
Train epoch: 598 [0/26000 (0%)]	Loss: 0.027822
Train epoch: 598 [258420/26000 (38%)]	Loss: 0.025493
Train epoch: 598 [507600/26000 (77%)]	Loss: 0.044202
Make prediction for 870 samples...
epoch: 598
AUC: 0.944421226372673
TPR:  0.8530066815144766
precision:  0.927360774818402
accuracy:  0.8896551724137931
MCC:  0.7823439814876316
598
Training on 26000 samples...
Train epoch: 599 [0/26000 (0%)]	Loss: 0.020193
Train epoch: 599 [259200/26000 (38%)]	Loss: 0.030621
Train epoch: 599 [518800/26000 (77%)]	Loss: 0.026283
Make prediction for 870 samples...
epoch: 599
AUC: 0.9457755159261279
TPR:  0.8708240534521158
precision:  0.9376498800959233
accuracy:  0.903448275862069
MCC:  0.8093404004531002
599
Training on 26000 samples...
Train epoch: 600 [0/26000 (0%)]	Loss: 0.016829
Train epoch: 600 [254540/26000 (38%)]	Loss: 0.023705
Train epoch: 600 [530320/26000 (77%)]	Loss: 0.025178
Make prediction for 870 samples...
epoch: 600
AUC: 0.9428950055282523
TPR:  0.8396436525612472
precision:  0.9354838709677419
accuracy:  0.8873563218390804
MCC:  0.7795952295030693
600
Training on 26000 samples...
Train epoch: 601 [0/26000 (0%)]	Loss: 0.030136
Train epoch: 601 [249880/26000 (38%)]	Loss: 0.038260
Train epoch: 601 [492000/26000 (77%)]	Loss: 0.035957
Make prediction for 870 samples...
epoch: 601
AUC: 0.9457570002486392
TPR:  0.8775055679287305
precision:  0.9314420803782506
accuracy:  0.903448275862069
MCC:  0.8085107584855596
601
Training on 26000 samples...
Train epoch: 602 [0/26000 (0%)]	Loss: 0.024126
Train epoch: 602 [267680/26000 (38%)]	Loss: 0.023515
Train epoch: 602 [529520/26000 (77%)]	Loss: 0.018876
Make prediction for 870 samples...
epoch: 602
AUC: 0.9474816033518666
TPR:  0.8708240534521158
precision:  0.9221698113207547
accuracy:  0.8954022988505748
MCC:  0.7922820962277366
602
Training on 26000 samples...
Train epoch: 603 [0/26000 (0%)]	Loss: 0.030765
Train epoch: 603 [256760/26000 (38%)]	Loss: 0.031923
Train epoch: 603 [510400/26000 (77%)]	Loss: 0.029024
Make prediction for 870 samples...
epoch: 603
AUC: 0.9474075406419121
TPR:  0.8307349665924276
precision:  0.951530612244898
accuracy:  0.8908045977011494
MCC:  0.7890619518958736
603
Training on 26000 samples...
Train epoch: 604 [0/26000 (0%)]	Loss: 0.030243
Train epoch: 604 [254680/26000 (38%)]	Loss: 0.025301
Train epoch: 604 [514880/26000 (77%)]	Loss: 0.013810
Make prediction for 870 samples...
epoch: 604
AUC: 0.9447730242449571
TPR:  0.8374164810690423
precision:  0.947103274559194
accuracy:  0.8919540229885058
MCC:  0.7901479074350087
604
Training on 26000 samples...
Train epoch: 605 [0/26000 (0%)]	Loss: 0.027476
Train epoch: 605 [258940/26000 (38%)]	Loss: 0.024201
Train epoch: 605 [527680/26000 (77%)]	Loss: 0.014213
Make prediction for 870 samples...
epoch: 605
AUC: 0.9471879976088324
TPR:  0.8530066815144766
precision:  0.9387254901960784
accuracy:  0.8954022988505748
MCC:  0.79474551095864
605
Training on 26000 samples...
Train epoch: 606 [0/26000 (0%)]	Loss: 0.013168
Train epoch: 606 [259580/26000 (38%)]	Loss: 0.013786
Train epoch: 606 [525080/26000 (77%)]	Loss: 0.012569
Make prediction for 870 samples...
epoch: 606
AUC: 0.9493199456168103
TPR:  0.8285077951002228
precision:  0.9465648854961832
accuracy:  0.8873563218390804
MCC:  0.7818761533813624
606
Training on 26000 samples...
Train epoch: 607 [0/26000 (0%)]	Loss: 0.017181
Train epoch: 607 [265160/26000 (38%)]	Loss: 0.018597
Train epoch: 607 [513440/26000 (77%)]	Loss: 0.022099
Make prediction for 870 samples...
epoch: 607
AUC: 0.9485872538076168
TPR:  0.8396436525612472
precision:  0.9425
accuracy:  0.8908045977011494
MCC:  0.7871572354399443
607
Training on 26000 samples...
Train epoch: 608 [0/26000 (0%)]	Loss: 0.022152
Train epoch: 608 [268480/26000 (38%)]	Loss: 0.016448
Train epoch: 608 [519600/26000 (77%)]	Loss: 0.014507
Make prediction for 870 samples...
epoch: 608
AUC: 0.9453602357310255
TPR:  0.8663697104677061
precision:  0.9196217494089834
accuracy:  0.8919540229885058
MCC:  0.7855015810444091
608
Training on 26000 samples...
Train epoch: 609 [0/26000 (0%)]	Loss: 0.031971
Train epoch: 609 [269560/26000 (38%)]	Loss: 0.024506
Train epoch: 609 [527720/26000 (77%)]	Loss: 0.021025
Make prediction for 870 samples...
epoch: 609
AUC: 0.9462542784440484
TPR:  0.8262806236080178
precision:  0.9537275064267352
accuracy:  0.8896551724137931
MCC:  0.7875350515132649
609
Training on 26000 samples...
Train epoch: 610 [0/26000 (0%)]	Loss: 0.027297
Train epoch: 610 [259160/26000 (38%)]	Loss: 0.021114
Train epoch: 610 [519720/26000 (77%)]	Loss: 0.035842
Make prediction for 870 samples...
epoch: 610
AUC: 0.9474763131582985
TPR:  0.8374164810690423
precision:  0.9376558603491272
accuracy:  0.8873563218390804
MCC:  0.7800172717813314
610
Training on 26000 samples...
Train epoch: 611 [0/26000 (0%)]	Loss: 0.024104
Train epoch: 611 [253480/26000 (38%)]	Loss: 0.028337
Train epoch: 611 [520800/26000 (77%)]	Loss: 0.035285
Make prediction for 870 samples...
epoch: 611
AUC: 0.9479815266440598
TPR:  0.8530066815144766
precision:  0.9341463414634147
accuracy:  0.8931034482758621
MCC:  0.7897703631104138
611
Training on 26000 samples...
Train epoch: 612 [0/26000 (0%)]	Loss: 0.014956
Train epoch: 612 [258780/26000 (38%)]	Loss: 0.026241
Train epoch: 612 [527080/26000 (77%)]	Loss: 0.012084
Make prediction for 870 samples...
epoch: 612
AUC: 0.9435933110792525
TPR:  0.8463251670378619
precision:  0.9405940594059405
accuracy:  0.8931034482758621
MCC:  0.7909200897043261
612
Training on 26000 samples...
Train epoch: 613 [0/26000 (0%)]	Loss: 0.039805
Train epoch: 613 [254540/26000 (38%)]	Loss: 0.036743
Train epoch: 613 [511280/26000 (77%)]	Loss: 0.026725
Make prediction for 870 samples...
epoch: 613
AUC: 0.9453523004406731
TPR:  0.8730512249443207
precision:  0.9095127610208816
accuracy:  0.8896551724137931
MCC:  0.7800433415188195
613
Training on 26000 samples...
Train epoch: 614 [0/26000 (0%)]	Loss: 0.019252
Train epoch: 614 [260280/26000 (38%)]	Loss: 0.018062
Train epoch: 614 [515920/26000 (77%)]	Loss: 0.022882
Make prediction for 870 samples...
epoch: 614
AUC: 0.947116579995662
TPR:  0.8685968819599109
precision:  0.9307875894988067
accuracy:  0.8988505747126436
MCC:  0.7998402208709653
614
Training on 26000 samples...
Train epoch: 615 [0/26000 (0%)]	Loss: 0.016036
Train epoch: 615 [258860/26000 (38%)]	Loss: 0.035577
Train epoch: 615 [543280/26000 (77%)]	Loss: 0.017095
Make prediction for 870 samples...
epoch: 615
AUC: 0.9481772638060827
TPR:  0.8775055679287305
precision:  0.9120370370370371
accuracy:  0.8931034482758621
MCC:  0.7868551768632567
615
Training on 26000 samples...
Train epoch: 616 [0/26000 (0%)]	Loss: 0.018982
Train epoch: 616 [253220/26000 (38%)]	Loss: 0.013019
Train epoch: 616 [509160/26000 (77%)]	Loss: 0.024741
Make prediction for 870 samples...
epoch: 616
AUC: 0.9433288014008433
TPR:  0.8307349665924276
precision:  0.9467005076142132
accuracy:  0.8885057471264368
MCC:  0.7839390912164372
616
Training on 26000 samples...
Train epoch: 617 [0/26000 (0%)]	Loss: 0.017976
Train epoch: 617 [270820/26000 (38%)]	Loss: 0.020326
Train epoch: 617 [514680/26000 (77%)]	Loss: 0.018802
Make prediction for 870 samples...
epoch: 617
AUC: 0.9471932878024006
TPR:  0.8574610244988864
precision:  0.9299516908212561
accuracy:  0.8931034482758621
MCC:  0.7890889479271961
617
Training on 26000 samples...
Train epoch: 618 [0/26000 (0%)]	Loss: 0.013942
Train epoch: 618 [254520/26000 (38%)]	Loss: 0.020501
Train epoch: 618 [518560/26000 (77%)]	Loss: 0.016041
Make prediction for 870 samples...
epoch: 618
AUC: 0.9480873305154236
TPR:  0.8574610244988864
precision:  0.9144893111638955
accuracy:  0.8850574712643678
MCC:  0.7719503356627819
618
Training on 26000 samples...
Train epoch: 619 [0/26000 (0%)]	Loss: 0.016036
Train epoch: 619 [259380/26000 (38%)]	Loss: 0.038237
Train epoch: 619 [509880/26000 (77%)]	Loss: 0.029311
Make prediction for 870 samples...
epoch: 619
AUC: 0.9452755926339346
TPR:  0.8574610244988864
precision:  0.918854415274463
accuracy:  0.8873563218390804
MCC:  0.7768242257873919
619
Training on 26000 samples...
Train epoch: 620 [0/26000 (0%)]	Loss: 0.038247
Train epoch: 620 [259580/26000 (38%)]	Loss: 0.018963
Train epoch: 620 [534880/26000 (77%)]	Loss: 0.030929
Make prediction for 870 samples...
epoch: 620
AUC: 0.9440323971454115
TPR:  0.8619153674832962
precision:  0.9258373205741627
accuracy:  0.8931034482758621
MCC:  0.7884751472262421
620
Training on 26000 samples...
Train epoch: 621 [0/26000 (0%)]	Loss: 0.010277
Train epoch: 621 [261240/26000 (38%)]	Loss: 0.016967
Train epoch: 621 [503480/26000 (77%)]	Loss: 0.018030
Make prediction for 870 samples...
epoch: 621
AUC: 0.9465029175417529
TPR:  0.8574610244988864
precision:  0.9299516908212561
accuracy:  0.8931034482758621
MCC:  0.7890889479271961
621
Training on 26000 samples...
Train epoch: 622 [0/26000 (0%)]	Loss: 0.030191
Train epoch: 622 [253780/26000 (38%)]	Loss: 0.025031
Train epoch: 622 [537760/26000 (77%)]	Loss: 0.030276
Make prediction for 870 samples...
epoch: 622
AUC: 0.9452174005046845
TPR:  0.821826280623608
precision:  0.9510309278350515
accuracy:  0.8862068965517241
MCC:  0.7808645434266204
622
Training on 26000 samples...
Train epoch: 623 [0/26000 (0%)]	Loss: 0.016824
Train epoch: 623 [255840/26000 (38%)]	Loss: 0.019681
Train epoch: 623 [528440/26000 (77%)]	Loss: 0.028331
Make prediction for 870 samples...
epoch: 623
AUC: 0.9422072803643886
TPR:  0.8418708240534521
precision:  0.9402985074626866
accuracy:  0.8908045977011494
MCC:  0.7867241968265323
623
Training on 26000 samples...
Train epoch: 624 [0/26000 (0%)]	Loss: 0.023496
Train epoch: 624 [258960/26000 (38%)]	Loss: 0.017841
Train epoch: 624 [526120/26000 (77%)]	Loss: 0.020356
Make prediction for 870 samples...
epoch: 624
AUC: 0.9453126239889117
TPR:  0.8485523385300668
precision:  0.943069306930693
accuracy:  0.8954022988505748
MCC:  0.7955318995622573
624
Training on 26000 samples...
Train epoch: 625 [0/26000 (0%)]	Loss: 0.030053
Train epoch: 625 [260860/26000 (38%)]	Loss: 0.016686
Train epoch: 625 [507560/26000 (77%)]	Loss: 0.033463
Make prediction for 870 samples...
epoch: 625
AUC: 0.9482037147739236
TPR:  0.8596881959910914
precision:  0.9346246973365617
accuracy:  0.896551724137931
MCC:  0.7961619170488148
625
Training on 26000 samples...
Train epoch: 626 [0/26000 (0%)]	Loss: 0.026872
Train epoch: 626 [257820/26000 (38%)]	Loss: 0.018441
Train epoch: 626 [517880/26000 (77%)]	Loss: 0.031744
Make prediction for 870 samples...
epoch: 626
AUC: 0.9416280041686724
TPR:  0.8351893095768375
precision:  0.946969696969697
accuracy:  0.8908045977011494
MCC:  0.7880749397365483
626
Training on 26000 samples...
Train epoch: 627 [0/26000 (0%)]	Loss: 0.022023
Train epoch: 627 [265320/26000 (38%)]	Loss: 0.023704
Train epoch: 627 [508560/26000 (77%)]	Loss: 0.062751
Make prediction for 870 samples...
epoch: 627
AUC: 0.9428024271408091
TPR:  0.8262806236080178
precision:  0.9512820512820512
accuracy:  0.8885057471264368
MCC:  0.784956741088362
627
Training on 26000 samples...
Train epoch: 628 [0/26000 (0%)]	Loss: 0.027218
Train epoch: 628 [257340/26000 (38%)]	Loss: 0.021122
Train epoch: 628 [545520/26000 (77%)]	Loss: 0.021638
Make prediction for 870 samples...
epoch: 628
AUC: 0.9470663231567643
TPR:  0.8285077951002228
precision:  0.9441624365482234
accuracy:  0.8862068965517241
MCC:  0.7793184372412177
628
Training on 26000 samples...
Train epoch: 629 [0/26000 (0%)]	Loss: 0.012657
Train epoch: 629 [251040/26000 (38%)]	Loss: 0.011064
Train epoch: 629 [527720/26000 (77%)]	Loss: 0.037851
Make prediction for 870 samples...
epoch: 629
AUC: 0.9467727174137301
TPR:  0.8374164810690423
precision:  0.9447236180904522
accuracy:  0.8908045977011494
MCC:  0.7876074603639254
629
Training on 26000 samples...
Train epoch: 630 [0/26000 (0%)]	Loss: 0.043663
Train epoch: 630 [269900/26000 (38%)]	Loss: 0.019688
Train epoch: 630 [510400/26000 (77%)]	Loss: 0.038691
Make prediction for 870 samples...
epoch: 630
AUC: 0.9466140116066846
TPR:  0.8530066815144766
precision:  0.9364303178484108
accuracy:  0.8942528735632184
MCC:  0.7922554855400586
630
Training on 26000 samples...
Train epoch: 631 [0/26000 (0%)]	Loss: 0.025022
Train epoch: 631 [250180/26000 (38%)]	Loss: 0.018042
Train epoch: 631 [506400/26000 (77%)]	Loss: 0.014183
Make prediction for 870 samples...
epoch: 631
AUC: 0.9433314464976275
TPR:  0.8552338530066815
precision:  0.9343065693430657
accuracy:  0.8942528735632184
MCC:  0.791897201810939
631
Training on 26000 samples...
Train epoch: 632 [0/26000 (0%)]	Loss: 0.029606
Train epoch: 632 [267440/26000 (38%)]	Loss: 0.024285
Train epoch: 632 [518480/26000 (77%)]	Loss: 0.018580
Make prediction for 870 samples...
epoch: 632
AUC: 0.9447068968253549
TPR:  0.8663697104677061
precision:  0.9441747572815534
accuracy:  0.9045977011494253
MCC:  0.812453820256402
632
Training on 26000 samples...
Train epoch: 633 [0/26000 (0%)]	Loss: 0.044440
Train epoch: 633 [252780/26000 (38%)]	Loss: 0.022058
Train epoch: 633 [537720/26000 (77%)]	Loss: 0.015410
Make prediction for 870 samples...
epoch: 633
AUC: 0.9454739748927413
TPR:  0.8374164810690423
precision:  0.9447236180904522
accuracy:  0.8908045977011494
MCC:  0.7876074603639254
633
Training on 26000 samples...
Train epoch: 634 [0/26000 (0%)]	Loss: 0.033886
Train epoch: 634 [264480/26000 (38%)]	Loss: 0.027809
Train epoch: 634 [518640/26000 (77%)]	Loss: 0.025830
Make prediction for 870 samples...
epoch: 634
AUC: 0.9428923604314681
TPR:  0.8641425389755011
precision:  0.9238095238095239
accuracy:  0.8931034482758621
MCC:  0.7881935007016548
634
Training on 26000 samples...
Train epoch: 635 [0/26000 (0%)]	Loss: 0.022395
Train epoch: 635 [259460/26000 (38%)]	Loss: 0.015022
Train epoch: 635 [514640/26000 (77%)]	Loss: 0.030758
Make prediction for 870 samples...
epoch: 635
AUC: 0.9440059461775707
TPR:  0.8641425389755011
precision:  0.9371980676328503
accuracy:  0.9
MCC:  0.8029053097187083
635
Training on 26000 samples...
Train epoch: 636 [0/26000 (0%)]	Loss: 0.013004
Train epoch: 636 [251600/26000 (38%)]	Loss: 0.034656
Train epoch: 636 [516040/26000 (77%)]	Loss: 0.033178
Make prediction for 870 samples...
epoch: 636
AUC: 0.9453840416020822
TPR:  0.8552338530066815
precision:  0.9411764705882353
accuracy:  0.8977011494252873
MCC:  0.7993544818456937
636
Training on 26000 samples...
Train epoch: 637 [0/26000 (0%)]	Loss: 0.021865
Train epoch: 637 [262500/26000 (38%)]	Loss: 0.015901
Train epoch: 637 [493560/26000 (77%)]	Loss: 0.016360
Make prediction for 870 samples...
epoch: 637
AUC: 0.9449952123748208
TPR:  0.8552338530066815
precision:  0.9343065693430657
accuracy:  0.8942528735632184
MCC:  0.791897201810939
637
Training on 26000 samples...
Train epoch: 638 [0/26000 (0%)]	Loss: 0.016169
Train epoch: 638 [266760/26000 (38%)]	Loss: 0.019117
Train epoch: 638 [508320/26000 (77%)]	Loss: 0.015814
Make prediction for 870 samples...
epoch: 638
AUC: 0.9474683778679462
TPR:  0.8552338530066815
precision:  0.9343065693430657
accuracy:  0.8942528735632184
MCC:  0.791897201810939
638
Training on 26000 samples...
Train epoch: 639 [0/26000 (0%)]	Loss: 0.012990
Train epoch: 639 [253900/26000 (38%)]	Loss: 0.032262
Train epoch: 639 [499000/26000 (77%)]	Loss: 0.033414
Make prediction for 870 samples...
epoch: 639
AUC: 0.9466193018002529
TPR:  0.8463251670378619
precision:  0.9290953545232273
accuracy:  0.8873563218390804
MCC:  0.7784305163468465
639
Training on 26000 samples...
Train epoch: 640 [0/26000 (0%)]	Loss: 0.029632
Train epoch: 640 [259820/26000 (38%)]	Loss: 0.017624
Train epoch: 640 [531080/26000 (77%)]	Loss: 0.024172
Make prediction for 870 samples...
epoch: 640
AUC: 0.9461537647662528
TPR:  0.8463251670378619
precision:  0.9405940594059405
accuracy:  0.8931034482758621
MCC:  0.7909200897043261
640
Training on 26000 samples...
Train epoch: 641 [0/26000 (0%)]	Loss: 0.015782
Train epoch: 641 [255200/26000 (38%)]	Loss: 0.033205
Train epoch: 641 [528480/26000 (77%)]	Loss: 0.025428
Make prediction for 870 samples...
epoch: 641
AUC: 0.9445561263086617
TPR:  0.8485523385300668
precision:  0.9361179361179361
accuracy:  0.8919540229885058
MCC:  0.7880211961072277
641
Training on 26000 samples...
Train epoch: 642 [0/26000 (0%)]	Loss: 0.022216
Train epoch: 642 [269100/26000 (38%)]	Loss: 0.025993
Train epoch: 642 [530680/26000 (77%)]	Loss: 0.023698
Make prediction for 870 samples...
epoch: 642
AUC: 0.9472488348348667
TPR:  0.8507795100222717
precision:  0.9339853300733496
accuracy:  0.8919540229885058
MCC:  0.7876471624756546
642
Training on 26000 samples...
Train epoch: 643 [0/26000 (0%)]	Loss: 0.017275
Train epoch: 643 [257820/26000 (38%)]	Loss: 0.014597
Train epoch: 643 [518680/26000 (77%)]	Loss: 0.017144
Make prediction for 870 samples...
epoch: 643
AUC: 0.9464314999285824
TPR:  0.8485523385300668
precision:  0.9501246882793017
accuracy:  0.8988505747126436
MCC:  0.8030882724017718
643
Training on 26000 samples...
Train epoch: 644 [0/26000 (0%)]	Loss: 0.016700
Train epoch: 644 [261440/26000 (38%)]	Loss: 0.016311
Train epoch: 644 [511080/26000 (77%)]	Loss: 0.026119
Make prediction for 870 samples...
epoch: 644
AUC: 0.9415407159747976
TPR:  0.8619153674832962
precision:  0.9192399049881235
accuracy:  0.8896551724137931
MCC:  0.7811552724714197
644
Training on 26000 samples...
Train epoch: 645 [0/26000 (0%)]	Loss: 0.020238
Train epoch: 645 [250020/26000 (38%)]	Loss: 0.025579
Train epoch: 645 [522960/26000 (77%)]	Loss: 0.022016
Make prediction for 870 samples...
epoch: 645
AUC: 0.9440641383068207
TPR:  0.8396436525612472
precision:  0.952020202020202
accuracy:  0.8954022988505748
MCC:  0.7973123081745095
645
Training on 26000 samples...
Train epoch: 646 [0/26000 (0%)]	Loss: 0.041953
Train epoch: 646 [273100/26000 (38%)]	Loss: 0.015248
Train epoch: 646 [529720/26000 (77%)]	Loss: 0.021283
Make prediction for 870 samples...
epoch: 646
AUC: 0.9404165498415588
TPR:  0.844097995545657
precision:  0.9358024691358025
accuracy:  0.8896551724137931
MCC:  0.7838011912472583
646
Training on 26000 samples...
Train epoch: 647 [0/26000 (0%)]	Loss: 0.025381
Train epoch: 647 [264740/26000 (38%)]	Loss: 0.014465
Train epoch: 647 [528800/26000 (77%)]	Loss: 0.017824
Make prediction for 870 samples...
epoch: 647
AUC: 0.9426728173983886
TPR:  0.8663697104677061
precision:  0.9261904761904762
accuracy:  0.8954022988505748
MCC:  0.7927963221918578
647
Training on 26000 samples...
Train epoch: 648 [0/26000 (0%)]	Loss: 0.021930
Train epoch: 648 [252700/26000 (38%)]	Loss: 0.034395
Train epoch: 648 [501200/26000 (77%)]	Loss: 0.024125
Make prediction for 870 samples...
epoch: 648
AUC: 0.9454316533441958
TPR:  0.8641425389755011
precision:  0.9394673123486683
accuracy:  0.9011494252873563
MCC:  0.8053738740896036
648
Training on 26000 samples...
Train epoch: 649 [0/26000 (0%)]	Loss: 0.022003
Train epoch: 649 [264100/26000 (38%)]	Loss: 0.026756
Train epoch: 649 [490400/26000 (77%)]	Loss: 0.012485
Make prediction for 870 samples...
epoch: 649
AUC: 0.9494336847785261
TPR:  0.8507795100222717
precision:  0.9408866995073891
accuracy:  0.8954022988505748
MCC:  0.7951301047898955
649
Training on 26000 samples...
Train epoch: 650 [0/26000 (0%)]	Loss: 0.019603
Train epoch: 650 [266620/26000 (38%)]	Loss: 0.026590
Train epoch: 650 [507400/26000 (77%)]	Loss: 0.017029
Make prediction for 870 samples...
epoch: 650
AUC: 0.9490660163255373
TPR:  0.8418708240534521
precision:  0.9402985074626866
accuracy:  0.8908045977011494
MCC:  0.7867241968265323
650
Training on 26000 samples...
Train epoch: 651 [0/26000 (0%)]	Loss: 0.018917
Train epoch: 651 [255300/26000 (38%)]	Loss: 0.015795
Train epoch: 651 [526800/26000 (77%)]	Loss: 0.024910
Make prediction for 870 samples...
epoch: 651
AUC: 0.9456273905062187
TPR:  0.8351893095768375
precision:  0.9422110552763819
accuracy:  0.8885057471264368
MCC:  0.7829906450819742
651
Training on 26000 samples...
Train epoch: 652 [0/26000 (0%)]	Loss: 0.043125
Train epoch: 652 [253660/26000 (38%)]	Loss: 0.030637
Train epoch: 652 [544040/26000 (77%)]	Loss: 0.024473
Make prediction for 870 samples...
epoch: 652
AUC: 0.9481322971607531
TPR:  0.8552338530066815
precision:  0.9458128078817734
accuracy:  0.9
MCC:  0.8043507863297861
652
Training on 26000 samples...
Train epoch: 653 [0/26000 (0%)]	Loss: 0.019291
Train epoch: 653 [254120/26000 (38%)]	Loss: 0.023904
Train epoch: 653 [511840/26000 (77%)]	Loss: 0.027080
Make prediction for 870 samples...
epoch: 653
AUC: 0.9489126007120601
TPR:  0.8351893095768375
precision:  0.9566326530612245
accuracy:  0.8954022988505748
MCC:  0.7983074017638809
653
Training on 26000 samples...
Train epoch: 654 [0/26000 (0%)]	Loss: 0.031322
Train epoch: 654 [267480/26000 (38%)]	Loss: 0.026196
Train epoch: 654 [525320/26000 (77%)]	Loss: 0.023911
Make prediction for 870 samples...
epoch: 654
AUC: 0.9448312163742071
TPR:  0.8619153674832962
precision:  0.9347826086956522
accuracy:  0.8977011494252873
MCC:  0.7982998557882043
654
Training on 26000 samples...
Train epoch: 655 [0/26000 (0%)]	Loss: 0.019741
Train epoch: 655 [260200/26000 (38%)]	Loss: 0.028617
Train epoch: 655 [526600/26000 (77%)]	Loss: 0.022290
Make prediction for 870 samples...
epoch: 655
AUC: 0.942630495849843
TPR:  0.8730512249443207
precision:  0.9355608591885441
accuracy:  0.903448275862069
MCC:  0.8090466189043946
655
Training on 26000 samples...
Train epoch: 656 [0/26000 (0%)]	Loss: 0.015855
Train epoch: 656 [264000/26000 (38%)]	Loss: 0.025387
Train epoch: 656 [520960/26000 (77%)]	Loss: 0.020497
Make prediction for 870 samples...
epoch: 656
AUC: 0.94827248729031
TPR:  0.8463251670378619
precision:  0.945273631840796
accuracy:  0.8954022988505748
MCC:  0.7959509536947206
656
Training on 26000 samples...
Train epoch: 657 [0/26000 (0%)]	Loss: 0.009785
Train epoch: 657 [263580/26000 (38%)]	Loss: 0.018718
Train epoch: 657 [514680/26000 (77%)]	Loss: 0.016995
Make prediction for 870 samples...
epoch: 657
AUC: 0.9419507059763317
TPR:  0.8685968819599109
precision:  0.9263657957244655
accuracy:  0.896551724137931
MCC:  0.7949626776843765
657
Training on 26000 samples...
Train epoch: 658 [0/26000 (0%)]	Loss: 0.011398
Train epoch: 658 [261420/26000 (38%)]	Loss: 0.024687
Train epoch: 658 [528480/26000 (77%)]	Loss: 0.033168
Make prediction for 870 samples...
epoch: 658
AUC: 0.9444873537922753
TPR:  0.8641425389755011
precision:  0.9349397590361446
accuracy:  0.8988505747126436
MCC:  0.8004415570019915
658
Training on 26000 samples...
Train epoch: 659 [0/26000 (0%)]	Loss: 0.017911
Train epoch: 659 [254040/26000 (38%)]	Loss: 0.034477
Train epoch: 659 [517000/26000 (77%)]	Loss: 0.034488
Make prediction for 870 samples...
epoch: 659
AUC: 0.9448735379227525
TPR:  0.8775055679287305
precision:  0.9205607476635514
accuracy:  0.8977011494252873
MCC:  0.7964358555610135
659
Training on 26000 samples...
Train epoch: 660 [0/26000 (0%)]	Loss: 0.041825
Train epoch: 660 [255160/26000 (38%)]	Loss: 0.009179
Train epoch: 660 [545560/26000 (77%)]	Loss: 0.034531
Make prediction for 870 samples...
epoch: 660
AUC: 0.9455321670219914
TPR:  0.844097995545657
precision:  0.949874686716792
accuracy:  0.896551724137931
MCC:  0.7989199917020897
660
Training on 26000 samples...
Train epoch: 661 [0/26000 (0%)]	Loss: 0.027695
Train epoch: 661 [242580/26000 (38%)]	Loss: 0.025136
Train epoch: 661 [526520/26000 (77%)]	Loss: 0.021165
Make prediction for 870 samples...
epoch: 661
AUC: 0.9459051256685483
TPR:  0.8307349665924276
precision:  0.9588688946015425
accuracy:  0.8942528735632184
MCC:  0.7967870955459238
661
Training on 26000 samples...
Train epoch: 662 [0/26000 (0%)]	Loss: 0.023856
Train epoch: 662 [264740/26000 (38%)]	Loss: 0.032863
Train epoch: 662 [497240/26000 (77%)]	Loss: 0.015639
Make prediction for 870 samples...
epoch: 662
AUC: 0.9488041517439122
TPR:  0.8663697104677061
precision:  0.9328537170263789
accuracy:  0.8988505747126436
MCC:  0.8001323455233684
662
Training on 26000 samples...
Train epoch: 663 [0/26000 (0%)]	Loss: 0.032649
Train epoch: 663 [253440/26000 (38%)]	Loss: 0.038321
Train epoch: 663 [518040/26000 (77%)]	Loss: 0.024776
Make prediction for 870 samples...
epoch: 663
AUC: 0.9447307026964117
TPR:  0.8485523385300668
precision:  0.9292682926829269
accuracy:  0.8885057471264368
MCC:  0.7805549632189699
663
Training on 26000 samples...
Train epoch: 664 [0/26000 (0%)]	Loss: 0.025909
Train epoch: 664 [256220/26000 (38%)]	Loss: 0.017041
Train epoch: 664 [504280/26000 (77%)]	Loss: 0.027756
Make prediction for 870 samples...
epoch: 664
AUC: 0.9493622671653557
TPR:  0.8485523385300668
precision:  0.943069306930693
accuracy:  0.8954022988505748
MCC:  0.7955318995622573
664
Training on 26000 samples...
Train epoch: 665 [0/26000 (0%)]	Loss: 0.023674
Train epoch: 665 [257080/26000 (38%)]	Loss: 0.026114
Train epoch: 665 [516760/26000 (77%)]	Loss: 0.025024
Make prediction for 870 samples...
epoch: 665
AUC: 0.949113628067651
TPR:  0.8485523385300668
precision:  0.9548872180451128
accuracy:  0.9011494252873563
MCC:  0.8081518287149643
665
Training on 26000 samples...
Train epoch: 666 [0/26000 (0%)]	Loss: 0.023613
Train epoch: 666 [264380/26000 (38%)]	Loss: 0.027772
Train epoch: 666 [529040/26000 (77%)]	Loss: 0.020142
Make prediction for 870 samples...
epoch: 666
AUC: 0.9476985012881621
TPR:  0.8641425389755011
precision:  0.9463414634146341
accuracy:  0.9045977011494253
MCC:  0.8128088628390236
666
Training on 26000 samples...
Train epoch: 667 [0/26000 (0%)]	Loss: 0.026794
Train epoch: 667 [262720/26000 (38%)]	Loss: 0.016252
Train epoch: 667 [515440/26000 (77%)]	Loss: 0.026826
Make prediction for 870 samples...
epoch: 667
AUC: 0.9484840950330372
TPR:  0.8708240534521158
precision:  0.9354066985645934
accuracy:  0.9022988505747126
MCC:  0.8068895512337271
667
Training on 26000 samples...
Train epoch: 668 [0/26000 (0%)]	Loss: 0.015505
Train epoch: 668 [268500/26000 (38%)]	Loss: 0.017460
Train epoch: 668 [526760/26000 (77%)]	Loss: 0.023553
Make prediction for 870 samples...
epoch: 668
AUC: 0.9470769035439007
TPR:  0.8530066815144766
precision:  0.9341463414634147
accuracy:  0.8931034482758621
MCC:  0.7897703631104138
668
Training on 26000 samples...
Train epoch: 669 [0/26000 (0%)]	Loss: 0.017331
Train epoch: 669 [267040/26000 (38%)]	Loss: 0.016008
Train epoch: 669 [498000/26000 (77%)]	Loss: 0.018389
Make prediction for 870 samples...
epoch: 669
AUC: 0.9470557427696279
TPR:  0.8730512249443207
precision:  0.9158878504672897
accuracy:  0.8931034482758621
MCC:  0.7872344958146775
669
Training on 26000 samples...
Train epoch: 670 [0/26000 (0%)]	Loss: 0.030616
Train epoch: 670 [268180/26000 (38%)]	Loss: 0.029911
Train epoch: 670 [515920/26000 (77%)]	Loss: 0.034740
Make prediction for 870 samples...
epoch: 670
AUC: 0.9459606727010141
TPR:  0.8619153674832962
precision:  0.9485294117647058
accuracy:  0.9045977011494253
MCC:  0.8131813945068547
670
Training on 26000 samples...
Train epoch: 671 [0/26000 (0%)]	Loss: 0.032703
Train epoch: 671 [252640/26000 (38%)]	Loss: 0.020898
Train epoch: 671 [530680/26000 (77%)]	Loss: 0.028103
Make prediction for 870 samples...
epoch: 671
AUC: 0.9429214564960932
TPR:  0.844097995545657
precision:  0.949874686716792
accuracy:  0.896551724137931
MCC:  0.7989199917020897
671
Training on 26000 samples...
Train epoch: 672 [0/26000 (0%)]	Loss: 0.044239
Train epoch: 672 [258480/26000 (38%)]	Loss: 0.027320
Train epoch: 672 [497440/26000 (77%)]	Loss: 0.031523
Make prediction for 870 samples...
epoch: 672
AUC: 0.9468176840590596
TPR:  0.8708240534521158
precision:  0.9178403755868545
accuracy:  0.8931034482758621
MCC:  0.7874491668333041
672
Training on 26000 samples...
Train epoch: 673 [0/26000 (0%)]	Loss: 0.016711
Train epoch: 673 [258160/26000 (38%)]	Loss: 0.007060
Train epoch: 673 [509320/26000 (77%)]	Loss: 0.032333
Make prediction for 870 samples...
epoch: 673
AUC: 0.9492326574229352
TPR:  0.8619153674832962
precision:  0.9462102689486552
accuracy:  0.903448275862069
MCC:  0.8106887777976749
673
Training on 26000 samples...
Train epoch: 674 [0/26000 (0%)]	Loss: 0.031312
Train epoch: 674 [269300/26000 (38%)]	Loss: 0.029885
Train epoch: 674 [507520/26000 (77%)]	Loss: 0.040492
Make prediction for 870 samples...
epoch: 674
AUC: 0.9465425939935143
TPR:  0.8685968819599109
precision:  0.9241706161137441
accuracy:  0.8954022988505748
MCC:  0.7925307821364357
674
Training on 26000 samples...
Train epoch: 675 [0/26000 (0%)]	Loss: 0.017367
Train epoch: 675 [252520/26000 (38%)]	Loss: 0.022569
Train epoch: 675 [520920/26000 (77%)]	Loss: 0.023667
Make prediction for 870 samples...
epoch: 675
AUC: 0.9479127541276736
TPR:  0.8641425389755011
precision:  0.9349397590361446
accuracy:  0.8988505747126436
MCC:  0.8004415570019915
675
Training on 26000 samples...
Train epoch: 676 [0/26000 (0%)]	Loss: 0.018007
Train epoch: 676 [260440/26000 (38%)]	Loss: 0.020869
Train epoch: 676 [501920/26000 (77%)]	Loss: 0.018589
Make prediction for 870 samples...
epoch: 676
AUC: 0.9496796787794466
TPR:  0.8596881959910914
precision:  0.9346246973365617
accuracy:  0.896551724137931
MCC:  0.7961619170488148
676
Training on 26000 samples...
Train epoch: 677 [0/26000 (0%)]	Loss: 0.025002
Train epoch: 677 [254460/26000 (38%)]	Loss: 0.030928
Train epoch: 677 [506440/26000 (77%)]	Loss: 0.023241
Make prediction for 870 samples...
epoch: 677
AUC: 0.947984171740844
TPR:  0.8507795100222717
precision:  0.9455445544554455
accuracy:  0.8977011494252873
MCC:  0.8001437094201885
677
Training on 26000 samples...
Train epoch: 678 [0/26000 (0%)]	Loss: 0.014165
Train epoch: 678 [254860/26000 (38%)]	Loss: 0.028148
Train epoch: 678 [515200/26000 (77%)]	Loss: 0.040751
Make prediction for 870 samples...
epoch: 678
AUC: 0.9493992985203329
TPR:  0.8641425389755011
precision:  0.9394673123486683
accuracy:  0.9011494252873563
MCC:  0.8053738740896036
678
Training on 26000 samples...
Train epoch: 679 [0/26000 (0%)]	Loss: 0.014804
Train epoch: 679 [254540/26000 (38%)]	Loss: 0.014343
Train epoch: 679 [513640/26000 (77%)]	Loss: 0.018575
Make prediction for 870 samples...
epoch: 679
AUC: 0.9476852758042418
TPR:  0.8374164810690423
precision:  0.947103274559194
accuracy:  0.8919540229885058
MCC:  0.7901479074350087
679
Training on 26000 samples...
Train epoch: 680 [0/26000 (0%)]	Loss: 0.021671
Train epoch: 680 [251320/26000 (38%)]	Loss: 0.016699
Train epoch: 680 [510800/26000 (77%)]	Loss: 0.025308
Make prediction for 870 samples...
epoch: 680
AUC: 0.9471694819313439
TPR:  0.8262806236080178
precision:  0.958656330749354
accuracy:  0.8919540229885058
MCC:  0.7927082986416824
680
Training on 26000 samples...
Train epoch: 681 [0/26000 (0%)]	Loss: 0.018779
Train epoch: 681 [260360/26000 (38%)]	Loss: 0.011025
Train epoch: 681 [532720/26000 (77%)]	Loss: 0.028233
Make prediction for 870 samples...
epoch: 681
AUC: 0.9487221537436055
TPR:  0.844097995545657
precision:  0.9475
accuracy:  0.8954022988505748
MCC:  0.7963873290423805
681
Training on 26000 samples...
Train epoch: 682 [0/26000 (0%)]	Loss: 0.036918
Train epoch: 682 [254860/26000 (38%)]	Loss: 0.012884
Train epoch: 682 [523080/26000 (77%)]	Loss: 0.022730
Make prediction for 870 samples...
epoch: 682
AUC: 0.9519623973041175
TPR:  0.8596881959910914
precision:  0.9368932038834952
accuracy:  0.8977011494252873
MCC:  0.7986342371509341
682
Training on 26000 samples...
Train epoch: 683 [0/26000 (0%)]	Loss: 0.031902
Train epoch: 683 [255680/26000 (38%)]	Loss: 0.017172
Train epoch: 683 [520400/26000 (77%)]	Loss: 0.027124
Make prediction for 870 samples...
epoch: 683
AUC: 0.9449846319876845
TPR:  0.8507795100222717
precision:  0.9478908188585607
accuracy:  0.8988505747126436
MCC:  0.80265813796072
683
Training on 26000 samples...
Train epoch: 684 [0/26000 (0%)]	Loss: 0.022999
Train epoch: 684 [278420/26000 (38%)]	Loss: 0.017958
Train epoch: 684 [504840/26000 (77%)]	Loss: 0.032851
Make prediction for 870 samples...
epoch: 684
AUC: 0.9449079241809457
TPR:  0.8619153674832962
precision:  0.9347826086956522
accuracy:  0.8977011494252873
MCC:  0.7982998557882043
684
Training on 26000 samples...
Train epoch: 685 [0/26000 (0%)]	Loss: 0.006957
Train epoch: 685 [258620/26000 (38%)]	Loss: 0.033494
Train epoch: 685 [515280/26000 (77%)]	Loss: 0.015693
Make prediction for 870 samples...
epoch: 685
AUC: 0.9497061297472875
TPR:  0.8507795100222717
precision:  0.9502487562189055
accuracy:  0.9
MCC:  0.805177710562909
685
Training on 26000 samples...
Train epoch: 686 [0/26000 (0%)]	Loss: 0.021650
Train epoch: 686 [259240/26000 (38%)]	Loss: 0.043707
Train epoch: 686 [509080/26000 (77%)]	Loss: 0.031864
Make prediction for 870 samples...
epoch: 686
AUC: 0.945175078956139
TPR:  0.8596881959910914
precision:  0.9484029484029484
accuracy:  0.903448275862069
MCC:  0.8110694133311778
686
Training on 26000 samples...
Train epoch: 687 [0/26000 (0%)]	Loss: 0.016818
Train epoch: 687 [259220/26000 (38%)]	Loss: 0.014598
Train epoch: 687 [547840/26000 (77%)]	Loss: 0.019106
Make prediction for 870 samples...
epoch: 687
AUC: 0.9447624438578207
TPR:  0.8708240534521158
precision:  0.9265402843601895
accuracy:  0.8977011494252873
MCC:  0.7971329218786545
687
Training on 26000 samples...
Train epoch: 688 [0/26000 (0%)]	Loss: 0.036958
Train epoch: 688 [254160/26000 (38%)]	Loss: 0.021005
Train epoch: 688 [525040/26000 (77%)]	Loss: 0.023184
Make prediction for 870 samples...
epoch: 688
AUC: 0.9476958561913781
TPR:  0.8663697104677061
precision:  0.9261904761904762
accuracy:  0.8954022988505748
MCC:  0.7927963221918578
688
Training on 26000 samples...
Train epoch: 689 [0/26000 (0%)]	Loss: 0.017202
Train epoch: 689 [257380/26000 (38%)]	Loss: 0.015121
Train epoch: 689 [511040/26000 (77%)]	Loss: 0.013276
Make prediction for 870 samples...
epoch: 689
AUC: 0.9481428775478895
TPR:  0.8574610244988864
precision:  0.9367396593673966
accuracy:  0.896551724137931
MCC:  0.7965043033120358
689
Training on 26000 samples...
Train epoch: 690 [0/26000 (0%)]	Loss: 0.026698
Train epoch: 690 [255680/26000 (38%)]	Loss: 0.016437
Train epoch: 690 [520160/26000 (77%)]	Loss: 0.026977
Make prediction for 870 samples...
epoch: 690
AUC: 0.9460770569595142
TPR:  0.8240534521158129
precision:  0.9536082474226805
accuracy:  0.8885057471264368
MCC:  0.7854917155225566
690
Training on 26000 samples...
Train epoch: 691 [0/26000 (0%)]	Loss: 0.013237
Train epoch: 691 [259800/26000 (38%)]	Loss: 0.027043
Train epoch: 691 [489000/26000 (77%)]	Loss: 0.023218
Make prediction for 870 samples...
epoch: 691
AUC: 0.947201223092753
TPR:  0.8619153674832962
precision:  0.9325301204819277
accuracy:  0.896551724137931
MCC:  0.7958366030949541
691
Training on 26000 samples...
Train epoch: 692 [0/26000 (0%)]	Loss: 0.022358
Train epoch: 692 [255960/26000 (38%)]	Loss: 0.021765
Train epoch: 692 [508440/26000 (77%)]	Loss: 0.022646
Make prediction for 870 samples...
epoch: 692
AUC: 0.9519121404652197
TPR:  0.8574610244988864
precision:  0.9482758620689655
accuracy:  0.9022988505747126
MCC:  0.8089611270997313
692
Training on 26000 samples...
Train epoch: 693 [0/26000 (0%)]	Loss: 0.028364
Train epoch: 693 [275020/26000 (38%)]	Loss: 0.024500
Train epoch: 693 [522320/26000 (77%)]	Loss: 0.023004
Make prediction for 870 samples...
epoch: 693
AUC: 0.9448973437938095
TPR:  0.8641425389755011
precision:  0.9371980676328503
accuracy:  0.9
MCC:  0.8029053097187083
693
Training on 26000 samples...
Train epoch: 694 [0/26000 (0%)]	Loss: 0.014286
Train epoch: 694 [270560/26000 (38%)]	Loss: 0.026572
Train epoch: 694 [525040/26000 (77%)]	Loss: 0.025406
Make prediction for 870 samples...
epoch: 694
AUC: 0.946045315798105
TPR:  0.8708240534521158
precision:  0.9354066985645934
accuracy:  0.9022988505747126
MCC:  0.8068895512337271
694
Training on 26000 samples...
Train epoch: 695 [0/26000 (0%)]	Loss: 0.009248
Train epoch: 695 [270740/26000 (38%)]	Loss: 0.020013
Train epoch: 695 [528400/26000 (77%)]	Loss: 0.016989
Make prediction for 870 samples...
epoch: 695
AUC: 0.9495103925852648
TPR:  0.8463251670378619
precision:  0.9523809523809523
accuracy:  0.8988505747126436
MCC:  0.803535910208527
695
Training on 26000 samples...
Train epoch: 696 [0/26000 (0%)]	Loss: 0.045643
Train epoch: 696 [252120/26000 (38%)]	Loss: 0.035354
Train epoch: 696 [519160/26000 (77%)]	Loss: 0.029630
Make prediction for 870 samples...
epoch: 696
AUC: 0.9461193785080596
TPR:  0.844097995545657
precision:  0.949874686716792
accuracy:  0.896551724137931
MCC:  0.7989199917020897
696
Training on 26000 samples...
Train epoch: 697 [0/26000 (0%)]	Loss: 0.024305
Train epoch: 697 [260040/26000 (38%)]	Loss: 0.007100
Train epoch: 697 [519680/26000 (77%)]	Loss: 0.021197
Make prediction for 870 samples...
epoch: 697
AUC: 0.9458628041200028
TPR:  0.8351893095768375
precision:  0.9541984732824428
accuracy:  0.8942528735632184
MCC:  0.795741183719957
697
Training on 26000 samples...
Train epoch: 698 [0/26000 (0%)]	Loss: 0.030986
Train epoch: 698 [255660/26000 (38%)]	Loss: 0.016304
Train epoch: 698 [509200/26000 (77%)]	Loss: 0.023730
Make prediction for 870 samples...
epoch: 698
AUC: 0.9480000423215486
TPR:  0.8730512249443207
precision:  0.9333333333333333
accuracy:  0.9022988505747126
MCC:  0.8066047866624667
698
Training on 26000 samples...
Train epoch: 699 [0/26000 (0%)]	Loss: 0.030339
Train epoch: 699 [253700/26000 (38%)]	Loss: 0.040536
Train epoch: 699 [505720/26000 (77%)]	Loss: 0.012144
Make prediction for 870 samples...
epoch: 699
AUC: 0.94815610303181
TPR:  0.844097995545657
precision:  0.9427860696517413
accuracy:  0.8931034482758621
MCC:  0.7913375752606264
699
Training on 26000 samples...
Train epoch: 700 [0/26000 (0%)]	Loss: 0.038263
Train epoch: 700 [267400/26000 (38%)]	Loss: 0.027012
Train epoch: 700 [529680/26000 (77%)]	Loss: 0.013736
Make prediction for 870 samples...
epoch: 700
AUC: 0.9474392818033212
TPR:  0.8641425389755011
precision:  0.9394673123486683
accuracy:  0.9011494252873563
MCC:  0.8053738740896036
700
Training on 26000 samples...
Train epoch: 701 [0/26000 (0%)]	Loss: 0.010410
Train epoch: 701 [252360/26000 (38%)]	Loss: 0.014593
Train epoch: 701 [532160/26000 (77%)]	Loss: 0.020498
Make prediction for 870 samples...
epoch: 701
AUC: 0.9499600590385602
TPR:  0.8574610244988864
precision:  0.9436274509803921
accuracy:  0.9
MCC:  0.8039634527327473
701
Training on 26000 samples...
Train epoch: 702 [0/26000 (0%)]	Loss: 0.018616
Train epoch: 702 [255700/26000 (38%)]	Loss: 0.022922
Train epoch: 702 [518280/26000 (77%)]	Loss: 0.028233
Make prediction for 870 samples...
epoch: 702
AUC: 0.9478307561273666
TPR:  0.8396436525612472
precision:  0.952020202020202
accuracy:  0.8954022988505748
MCC:  0.7973123081745095
702
Training on 26000 samples...
Train epoch: 703 [0/26000 (0%)]	Loss: 0.015810
Train epoch: 703 [254700/26000 (38%)]	Loss: 0.018158
Train epoch: 703 [502840/26000 (77%)]	Loss: 0.025290
Make prediction for 870 samples...
epoch: 703
AUC: 0.9492432378100716
TPR:  0.8663697104677061
precision:  0.9373493975903614
accuracy:  0.9011494252873563
MCC:  0.8050465109090289
703
Training on 26000 samples...
Train epoch: 704 [0/26000 (0%)]	Loss: 0.045710
Train epoch: 704 [259820/26000 (38%)]	Loss: 0.027715
Train epoch: 704 [520240/26000 (77%)]	Loss: 0.019865
Make prediction for 870 samples...
epoch: 704
AUC: 0.94897079284131
TPR:  0.8396436525612472
precision:  0.9472361809045227
accuracy:  0.8931034482758621
MCC:  0.7922242756458764
704
Training on 26000 samples...
Train epoch: 705 [0/26000 (0%)]	Loss: 0.030151
Train epoch: 705 [251260/26000 (38%)]	Loss: 0.034952
Train epoch: 705 [540000/26000 (77%)]	Loss: 0.022111
Make prediction for 870 samples...
epoch: 705
AUC: 0.9445534812118777
TPR:  0.8285077951002228
precision:  0.9538461538461539
accuracy:  0.8908045977011494
MCC:  0.7895816385876636
705
Training on 26000 samples...
Train epoch: 706 [0/26000 (0%)]	Loss: 0.008549
Train epoch: 706 [263100/26000 (38%)]	Loss: 0.037208
Train epoch: 706 [532920/26000 (77%)]	Loss: 0.020949
Make prediction for 870 samples...
epoch: 706
AUC: 0.9467594919298098
TPR:  0.8485523385300668
precision:  0.9384236453201971
accuracy:  0.8931034482758621
MCC:  0.7905197640199503
706
Training on 26000 samples...
Train epoch: 707 [0/26000 (0%)]	Loss: 0.018622
Train epoch: 707 [259900/26000 (38%)]	Loss: 0.018349
Train epoch: 707 [518760/26000 (77%)]	Loss: 0.023932
Make prediction for 870 samples...
epoch: 707
AUC: 0.9440509128229
TPR:  0.8463251670378619
precision:  0.9382716049382716
accuracy:  0.8919540229885058
MCC:  0.7884122541433269
707
Training on 26000 samples...
Train epoch: 708 [0/26000 (0%)]	Loss: 0.048482
Train epoch: 708 [257160/26000 (38%)]	Loss: 0.023728
Train epoch: 708 [526800/26000 (77%)]	Loss: 0.018637
Make prediction for 870 samples...
epoch: 708
AUC: 0.9451988848271958
TPR:  0.8552338530066815
precision:  0.9253012048192771
accuracy:  0.8896551724137931
MCC:  0.7820217413738418
708
Training on 26000 samples...
Train epoch: 709 [0/26000 (0%)]	Loss: 0.019536
Train epoch: 709 [256920/26000 (38%)]	Loss: 0.043130
Train epoch: 709 [534560/26000 (77%)]	Loss: 0.027142
Make prediction for 870 samples...
epoch: 709
AUC: 0.9465187881224574
TPR:  0.8752783964365256
precision:  0.9357142857142857
accuracy:  0.9045977011494253
MCC:  0.8112076081526697
709
Training on 26000 samples...
Train epoch: 710 [0/26000 (0%)]	Loss: 0.017981
Train epoch: 710 [272080/26000 (38%)]	Loss: 0.019405
Train epoch: 710 [538000/26000 (77%)]	Loss: 0.015416
Make prediction for 870 samples...
epoch: 710
AUC: 0.9461352490887642
TPR:  0.8463251670378619
precision:  0.945273631840796
accuracy:  0.8954022988505748
MCC:  0.7959509536947206
710
Training on 26000 samples...
Train epoch: 711 [0/26000 (0%)]	Loss: 0.026595
Train epoch: 711 [254380/26000 (38%)]	Loss: 0.023547
Train epoch: 711 [510000/26000 (77%)]	Loss: 0.032166
Make prediction for 870 samples...
epoch: 711
AUC: 0.9519094953684356
TPR:  0.8530066815144766
precision:  0.9387254901960784
accuracy:  0.8954022988505748
MCC:  0.79474551095864
711
Training on 26000 samples...
Train epoch: 712 [0/26000 (0%)]	Loss: 0.023136
Train epoch: 712 [260840/26000 (38%)]	Loss: 0.010859
Train epoch: 712 [526320/26000 (77%)]	Loss: 0.017644
Make prediction for 870 samples...
epoch: 712
AUC: 0.9475609562553894
TPR:  0.8730512249443207
precision:  0.9095127610208816
accuracy:  0.8896551724137931
MCC:  0.7800433415188195
712
Training on 26000 samples...
Train epoch: 713 [0/26000 (0%)]	Loss: 0.034813
Train epoch: 713 [264440/26000 (38%)]	Loss: 0.017128
Train epoch: 713 [502600/26000 (77%)]	Loss: 0.024640
Make prediction for 870 samples...
epoch: 713
AUC: 0.945262367150014
TPR:  0.8507795100222717
precision:  0.9455445544554455
accuracy:  0.8977011494252873
MCC:  0.8001437094201885
713
Training on 26000 samples...
Train epoch: 714 [0/26000 (0%)]	Loss: 0.026547
Train epoch: 714 [259880/26000 (38%)]	Loss: 0.021124
Train epoch: 714 [499480/26000 (77%)]	Loss: 0.038566
Make prediction for 870 samples...
epoch: 714
AUC: 0.9450613397944232
TPR:  0.844097995545657
precision:  0.949874686716792
accuracy:  0.896551724137931
MCC:  0.7989199917020897
714
Training on 26000 samples...
Train epoch: 715 [0/26000 (0%)]	Loss: 0.029302
Train epoch: 715 [271720/26000 (38%)]	Loss: 0.011762
Train epoch: 715 [526200/26000 (77%)]	Loss: 0.028391
Make prediction for 870 samples...
epoch: 715
AUC: 0.9472673505123552
TPR:  0.8485523385300668
precision:  0.9501246882793017
accuracy:  0.8988505747126436
MCC:  0.8030882724017718
715
Training on 26000 samples...
Train epoch: 716 [0/26000 (0%)]	Loss: 0.022500
Train epoch: 716 [260460/26000 (38%)]	Loss: 0.020333
Train epoch: 716 [503680/26000 (77%)]	Loss: 0.019590
Make prediction for 870 samples...
epoch: 716
AUC: 0.9480450089668783
TPR:  0.8619153674832962
precision:  0.9302884615384616
accuracy:  0.8954022988505748
MCC:  0.7933780953316087
716
Training on 26000 samples...
Train epoch: 717 [0/26000 (0%)]	Loss: 0.034450
Train epoch: 717 [267100/26000 (38%)]	Loss: 0.043482
Train epoch: 717 [524320/26000 (77%)]	Loss: 0.025373
Make prediction for 870 samples...
epoch: 717
AUC: 0.9462251823794233
TPR:  0.8708240534521158
precision:  0.9156908665105387
accuracy:  0.8919540229885058
MCC:  0.7850393137951761
717
Training on 26000 samples...
Train epoch: 718 [0/26000 (0%)]	Loss: 0.023213
Train epoch: 718 [265360/26000 (38%)]	Loss: 0.022853
Train epoch: 718 [520400/26000 (77%)]	Loss: 0.019319
Make prediction for 870 samples...
epoch: 718
AUC: 0.9466140116066847
TPR:  0.8663697104677061
precision:  0.9328537170263789
accuracy:  0.8988505747126436
MCC:  0.8001323455233684
718
Training on 26000 samples...
Train epoch: 719 [0/26000 (0%)]	Loss: 0.021914
Train epoch: 719 [249180/26000 (38%)]	Loss: 0.020310
Train epoch: 719 [520840/26000 (77%)]	Loss: 0.025366
Make prediction for 870 samples...
epoch: 719
AUC: 0.9439900755968662
TPR:  0.8530066815144766
precision:  0.9387254901960784
accuracy:  0.8954022988505748
MCC:  0.79474551095864
719
Training on 26000 samples...
Train epoch: 720 [0/26000 (0%)]	Loss: 0.019746
Train epoch: 720 [250280/26000 (38%)]	Loss: 0.022745
Train epoch: 720 [528160/26000 (77%)]	Loss: 0.025173
Make prediction for 870 samples...
epoch: 720
AUC: 0.9482539716128213
TPR:  0.8485523385300668
precision:  0.9407407407407408
accuracy:  0.8942528735632184
MCC:  0.7930233170393957
720
Training on 26000 samples...
Train epoch: 721 [0/26000 (0%)]	Loss: 0.021085
Train epoch: 721 [261920/26000 (38%)]	Loss: 0.028685
Train epoch: 721 [503520/26000 (77%)]	Loss: 0.046108
Make prediction for 870 samples...
epoch: 721
AUC: 0.9431436446259569
TPR:  0.8485523385300668
precision:  0.9338235294117647
accuracy:  0.8908045977011494
MCC:  0.7855275691845327
721
Training on 26000 samples...
Train epoch: 722 [0/26000 (0%)]	Loss: 0.025922
Train epoch: 722 [264860/26000 (38%)]	Loss: 0.026962
Train epoch: 722 [517040/26000 (77%)]	Loss: 0.028082
Make prediction for 870 samples...
epoch: 722
AUC: 0.9465425939935143
TPR:  0.8596881959910914
precision:  0.9391727493917275
accuracy:  0.8988505747126436
MCC:  0.8011114048131326
722
Training on 26000 samples...
Train epoch: 723 [0/26000 (0%)]	Loss: 0.018790
Train epoch: 723 [251100/26000 (38%)]	Loss: 0.029466
Train epoch: 723 [500920/26000 (77%)]	Loss: 0.027334
Make prediction for 870 samples...
epoch: 723
AUC: 0.9497299356183442
TPR:  0.8485523385300668
precision:  0.9384236453201971
accuracy:  0.8931034482758621
MCC:  0.7905197640199503
723
Training on 26000 samples...
Train epoch: 724 [0/26000 (0%)]	Loss: 0.023740
Train epoch: 724 [259820/26000 (38%)]	Loss: 0.020314
Train epoch: 724 [499800/26000 (77%)]	Loss: 0.026238
Make prediction for 870 samples...
epoch: 724
AUC: 0.9471033545117415
TPR:  0.8574610244988864
precision:  0.927710843373494
accuracy:  0.8919540229885058
MCC:  0.7866266952808793
724
Training on 26000 samples...
Train epoch: 725 [0/26000 (0%)]	Loss: 0.011599
Train epoch: 725 [262660/26000 (38%)]	Loss: 0.019674
Train epoch: 725 [532560/26000 (77%)]	Loss: 0.016686
Make prediction for 870 samples...
epoch: 725
AUC: 0.9454581043120367
TPR:  0.844097995545657
precision:  0.9404466501240695
accuracy:  0.8919540229885058
MCC:  0.7888203928861296
725
Training on 26000 samples...
Train epoch: 726 [0/26000 (0%)]	Loss: 0.027356
Train epoch: 726 [257740/26000 (38%)]	Loss: 0.022985
Train epoch: 726 [497040/26000 (77%)]	Loss: 0.022409
Make prediction for 870 samples...
epoch: 726
AUC: 0.9494786514238557
TPR:  0.844097995545657
precision:  0.9475
accuracy:  0.8954022988505748
MCC:  0.7963873290423805
726
Training on 26000 samples...
Train epoch: 727 [0/26000 (0%)]	Loss: 0.024032
Train epoch: 727 [275440/26000 (38%)]	Loss: 0.025923
Train epoch: 727 [515440/26000 (77%)]	Loss: 0.028567
Make prediction for 870 samples...
epoch: 727
AUC: 0.949864835554333
TPR:  0.8752783964365256
precision:  0.9268867924528302
accuracy:  0.9
MCC:  0.8014852074834362
727
Training on 26000 samples...
Train epoch: 728 [0/26000 (0%)]	Loss: 0.013313
Train epoch: 728 [259720/26000 (38%)]	Loss: 0.035273
Train epoch: 728 [510880/26000 (77%)]	Loss: 0.024436
Make prediction for 870 samples...
epoch: 728
AUC: 0.9477223071592188
TPR:  0.8396436525612472
precision:  0.9354838709677419
accuracy:  0.8873563218390804
MCC:  0.7795952295030693
728
Training on 26000 samples...
Train epoch: 729 [0/26000 (0%)]	Loss: 0.021238
Train epoch: 729 [259180/26000 (38%)]	Loss: 0.023138
Train epoch: 729 [521520/26000 (77%)]	Loss: 0.025935
Make prediction for 870 samples...
epoch: 729
AUC: 0.947637664062128
TPR:  0.8574610244988864
precision:  0.9344660194174758
accuracy:  0.8954022988505748
MCC:  0.7940277094491114
729
Training on 26000 samples...
Train epoch: 730 [0/26000 (0%)]	Loss: 0.017749
Train epoch: 730 [250600/26000 (38%)]	Loss: 0.039669
Train epoch: 730 [525320/26000 (77%)]	Loss: 0.034011
Make prediction for 870 samples...
epoch: 730
AUC: 0.9478254659337985
TPR:  0.8507795100222717
precision:  0.9408866995073891
accuracy:  0.8954022988505748
MCC:  0.7951301047898955
730
Training on 26000 samples...
Train epoch: 731 [0/26000 (0%)]	Loss: 0.024564
Train epoch: 731 [259720/26000 (38%)]	Loss: 0.014317
Train epoch: 731 [523840/26000 (77%)]	Loss: 0.021759
Make prediction for 870 samples...
epoch: 731
AUC: 0.9488623438731623
TPR:  0.8463251670378619
precision:  0.9382716049382716
accuracy:  0.8919540229885058
MCC:  0.7884122541433269
731
Training on 26000 samples...
Train epoch: 732 [0/26000 (0%)]	Loss: 0.032174
Train epoch: 732 [255300/26000 (38%)]	Loss: 0.033030
Train epoch: 732 [527400/26000 (77%)]	Loss: 0.027606
Make prediction for 870 samples...
epoch: 732
AUC: 0.9486533812272191
TPR:  0.8418708240534521
precision:  0.9473684210526315
accuracy:  0.8942528735632184
MCC:  0.7943040731956524
732
Training on 26000 samples...
Train epoch: 733 [0/26000 (0%)]	Loss: 0.017927
Train epoch: 733 [257160/26000 (38%)]	Loss: 0.018810
Train epoch: 733 [508480/26000 (77%)]	Loss: 0.013894
Make prediction for 870 samples...
epoch: 733
AUC: 0.9487777007760714
TPR:  0.8418708240534521
precision:  0.945
accuracy:  0.8931034482758621
MCC:  0.7917722822411625
733
Training on 26000 samples...
Train epoch: 734 [0/26000 (0%)]	Loss: 0.017363
Train epoch: 734 [260700/26000 (38%)]	Loss: 0.008812
Train epoch: 734 [539920/26000 (77%)]	Loss: 0.030570
Make prediction for 870 samples...
epoch: 734
AUC: 0.9473890249644236
TPR:  0.8329621380846325
precision:  0.949238578680203
accuracy:  0.8908045977011494
MCC:  0.7885597451916568
734
Training on 26000 samples...
Train epoch: 735 [0/26000 (0%)]	Loss: 0.044994
Train epoch: 735 [285660/26000 (38%)]	Loss: 0.031382
Train epoch: 735 [503240/26000 (77%)]	Loss: 0.007559
Make prediction for 870 samples...
epoch: 735
AUC: 0.9452147554079003
TPR:  0.8619153674832962
precision:  0.9236276849642004
accuracy:  0.8919540229885058
MCC:  0.7860306238208212
735
Training on 26000 samples...
Train epoch: 736 [0/26000 (0%)]	Loss: 0.048993
Train epoch: 736 [259960/26000 (38%)]	Loss: 0.015565
Train epoch: 736 [508200/26000 (77%)]	Loss: 0.006598
Make prediction for 870 samples...
epoch: 736
AUC: 0.9417761295885816
TPR:  0.8819599109131403
precision:  0.8959276018099548
accuracy:  0.8862068965517241
MCC:  0.7723959811892646
736
Training on 26000 samples...
Train epoch: 737 [0/26000 (0%)]	Loss: 0.017075
Train epoch: 737 [254620/26000 (38%)]	Loss: 0.016408
Train epoch: 737 [528640/26000 (77%)]	Loss: 0.009004
Make prediction for 870 samples...
epoch: 737
AUC: 0.9435642150146275
TPR:  0.8396436525612472
precision:  0.9496221662468514
accuracy:  0.8942528735632184
MCC:  0.7947656446062318
737
Training on 26000 samples...
Train epoch: 738 [0/26000 (0%)]	Loss: 0.029099
Train epoch: 738 [265500/26000 (38%)]	Loss: 0.014399
Train epoch: 738 [534240/26000 (77%)]	Loss: 0.020499
Make prediction for 870 samples...
epoch: 738
AUC: 0.9478016600627417
TPR:  0.8463251670378619
precision:  0.95
accuracy:  0.8977011494252873
MCC:  0.8010023758435986
738
Training on 26000 samples...
Train epoch: 739 [0/26000 (0%)]	Loss: 0.025178
Train epoch: 739 [260220/26000 (38%)]	Loss: 0.030729
Train epoch: 739 [498000/26000 (77%)]	Loss: 0.030048
Make prediction for 870 samples...
epoch: 739
AUC: 0.947293801480196
TPR:  0.844097995545657
precision:  0.9475
accuracy:  0.8954022988505748
MCC:  0.7963873290423805
739
Training on 26000 samples...
Train epoch: 740 [0/26000 (0%)]	Loss: 0.015307
Train epoch: 740 [269940/26000 (38%)]	Loss: 0.023426
Train epoch: 740 [510200/26000 (77%)]	Loss: 0.016574
Make prediction for 870 samples...
epoch: 740
AUC: 0.9451856593432754
TPR:  0.8641425389755011
precision:  0.9394673123486683
accuracy:  0.9011494252873563
MCC:  0.8053738740896036
740
Training on 26000 samples...
Train epoch: 741 [0/26000 (0%)]	Loss: 0.017504
Train epoch: 741 [261980/26000 (38%)]	Loss: 0.009988
Train epoch: 741 [508880/26000 (77%)]	Loss: 0.027730
Make prediction for 870 samples...
epoch: 741
AUC: 0.9436911796602637
TPR:  0.8396436525612472
precision:  0.9425
accuracy:  0.8908045977011494
MCC:  0.7871572354399443
741
Training on 26000 samples...
Train epoch: 742 [0/26000 (0%)]	Loss: 0.008987
Train epoch: 742 [262680/26000 (38%)]	Loss: 0.016601
Train epoch: 742 [519480/26000 (77%)]	Loss: 0.010898
Make prediction for 870 samples...
epoch: 742
AUC: 0.951806336593856
TPR:  0.8530066815144766
precision:  0.948019801980198
accuracy:  0.9
MCC:  0.8047555192781197
742
Training on 26000 samples...
Train epoch: 743 [0/26000 (0%)]	Loss: 0.011089
Train epoch: 743 [272380/26000 (38%)]	Loss: 0.021146
Train epoch: 743 [512600/26000 (77%)]	Loss: 0.032164
Make prediction for 870 samples...
epoch: 743
AUC: 0.9482566167096053
TPR:  0.8329621380846325
precision:  0.9540816326530612
accuracy:  0.8931034482758621
MCC:  0.7936846768298772
743
Training on 26000 samples...
Train epoch: 744 [0/26000 (0%)]	Loss: 0.035702
Train epoch: 744 [262120/26000 (38%)]	Loss: 0.034140
Train epoch: 744 [534440/26000 (77%)]	Loss: 0.017810
Make prediction for 870 samples...
epoch: 744
AUC: 0.9462331176697756
TPR:  0.8463251670378619
precision:  0.9476309226932669
accuracy:  0.896551724137931
MCC:  0.7984740722776837
744
Training on 26000 samples...
Train epoch: 745 [0/26000 (0%)]	Loss: 0.026928
Train epoch: 745 [258780/26000 (38%)]	Loss: 0.025357
Train epoch: 745 [501040/26000 (77%)]	Loss: 0.013257
Make prediction for 870 samples...
epoch: 745
AUC: 0.9491850456808214
TPR:  0.8574610244988864
precision:  0.9436274509803921
accuracy:  0.9
MCC:  0.8039634527327473
745
Training on 26000 samples...
Train epoch: 746 [0/26000 (0%)]	Loss: 0.030479
Train epoch: 746 [271280/26000 (38%)]	Loss: 0.024127
Train epoch: 746 [524440/26000 (77%)]	Loss: 0.024277
Make prediction for 870 samples...
epoch: 746
AUC: 0.9504599823307536
TPR:  0.8596881959910914
precision:  0.9368932038834952
accuracy:  0.8977011494252873
MCC:  0.7986342371509341
746
Training on 26000 samples...
Train epoch: 747 [0/26000 (0%)]	Loss: 0.022388
Train epoch: 747 [249740/26000 (38%)]	Loss: 0.011902
Train epoch: 747 [527920/26000 (77%)]	Loss: 0.028417
Make prediction for 870 samples...
epoch: 747
AUC: 0.9528326341460833
TPR:  0.8574610244988864
precision:  0.9529702970297029
accuracy:  0.9045977011494253
MCC:  0.8139791389939821
747
Training on 26000 samples...
Train epoch: 748 [0/26000 (0%)]	Loss: 0.025103
Train epoch: 748 [266200/26000 (38%)]	Loss: 0.013906
Train epoch: 748 [510000/26000 (77%)]	Loss: 0.022818
Make prediction for 870 samples...
epoch: 748
AUC: 0.9472276740605938
TPR:  0.8552338530066815
precision:  0.9504950495049505
accuracy:  0.9022988505747126
MCC:  0.8093673291360509
748
Training on 26000 samples...
Train epoch: 749 [0/26000 (0%)]	Loss: 0.026613
Train epoch: 749 [258760/26000 (38%)]	Loss: 0.030256
Train epoch: 749 [515680/26000 (77%)]	Loss: 0.025353
Make prediction for 870 samples...
epoch: 749
AUC: 0.9451671436657867
TPR:  0.8329621380846325
precision:  0.9444444444444444
accuracy:  0.8885057471264368
MCC:  0.7834562555175677
749
Training on 26000 samples...
Train epoch: 750 [0/26000 (0%)]	Loss: 0.018064
Train epoch: 750 [249340/26000 (38%)]	Loss: 0.020609
Train epoch: 750 [516680/26000 (77%)]	Loss: 0.018393
Make prediction for 870 samples...
epoch: 750
AUC: 0.9483994519359462
TPR:  0.8574610244988864
precision:  0.9459459459459459
accuracy:  0.9011494252873563
MCC:  0.8064597698863878
750
Training on 26000 samples...
Train epoch: 751 [0/26000 (0%)]	Loss: 0.022484
Train epoch: 751 [275400/26000 (38%)]	Loss: 0.010366
Train epoch: 751 [518680/26000 (77%)]	Loss: 0.015859
Make prediction for 870 samples...
epoch: 751
AUC: 0.9476879209010258
TPR:  0.844097995545657
precision:  0.949874686716792
accuracy:  0.896551724137931
MCC:  0.7989199917020897
751
Training on 26000 samples...
Train epoch: 752 [0/26000 (0%)]	Loss: 0.018550
Train epoch: 752 [266380/26000 (38%)]	Loss: 0.019049
Train epoch: 752 [511720/26000 (77%)]	Loss: 0.029483
Make prediction for 870 samples...
epoch: 752
AUC: 0.9458416433457301
TPR:  0.8641425389755011
precision:  0.9282296650717703
accuracy:  0.8954022988505748
MCC:  0.7930787482281134
752
Training on 26000 samples...
Train epoch: 753 [0/26000 (0%)]	Loss: 0.026902
Train epoch: 753 [258480/26000 (38%)]	Loss: 0.021575
Train epoch: 753 [534120/26000 (77%)]	Loss: 0.022233
Make prediction for 870 samples...
epoch: 753
AUC: 0.948476159742685
TPR:  0.8663697104677061
precision:  0.9511002444987775
accuracy:  0.9080459770114943
MCC:  0.819905423926483
753
Training on 26000 samples...
Train epoch: 754 [0/26000 (0%)]	Loss: 0.017543
Train epoch: 754 [258100/26000 (38%)]	Loss: 0.022546
Train epoch: 754 [506720/26000 (77%)]	Loss: 0.027793
Make prediction for 870 samples...
epoch: 754
AUC: 0.9463151156700823
TPR:  0.8463251670378619
precision:  0.9547738693467337
accuracy:  0.9
MCC:  0.8060747214917297
754
Training on 26000 samples...
Train epoch: 755 [0/26000 (0%)]	Loss: 0.026105
Train epoch: 755 [262520/26000 (38%)]	Loss: 0.030479
Train epoch: 755 [507560/26000 (77%)]	Loss: 0.023995
Make prediction for 870 samples...
epoch: 755
AUC: 0.9459262864428208
TPR:  0.8708240534521158
precision:  0.9135514018691588
accuracy:  0.8908045977011494
MCC:  0.7826338159415096
755
Training on 26000 samples...
Train epoch: 756 [0/26000 (0%)]	Loss: 0.025447
Train epoch: 756 [269400/26000 (38%)]	Loss: 0.019243
Train epoch: 756 [544880/26000 (77%)]	Loss: 0.032904
Make prediction for 870 samples...
epoch: 756
AUC: 0.9438657560480139
TPR:  0.8507795100222717
precision:  0.9432098765432099
accuracy:  0.896551724137931
MCC:  0.7976343799354643
756
Training on 26000 samples...
Train epoch: 757 [0/26000 (0%)]	Loss: 0.024246
Train epoch: 757 [264960/26000 (38%)]	Loss: 0.021203
Train epoch: 757 [529600/26000 (77%)]	Loss: 0.031513
Make prediction for 870 samples...
epoch: 757
AUC: 0.9480264932893896
TPR:  0.8596881959910914
precision:  0.946078431372549
accuracy:  0.9022988505747126
MCC:  0.808572423619801
757
Training on 26000 samples...
Train epoch: 758 [0/26000 (0%)]	Loss: 0.025161
Train epoch: 758 [257220/26000 (38%)]	Loss: 0.030200
Train epoch: 758 [531920/26000 (77%)]	Loss: 0.016799
Make prediction for 870 samples...
epoch: 758
AUC: 0.9427812663665363
TPR:  0.8552338530066815
precision:  0.9253012048192771
accuracy:  0.8896551724137931
MCC:  0.7820217413738418
758
Training on 26000 samples...
Train epoch: 759 [0/26000 (0%)]	Loss: 0.025352
Train epoch: 759 [263800/26000 (38%)]	Loss: 0.019228
Train epoch: 759 [498600/26000 (77%)]	Loss: 0.023967
Make prediction for 870 samples...
epoch: 759
AUC: 0.9433182210137069
TPR:  0.8463251670378619
precision:  0.945273631840796
accuracy:  0.8954022988505748
MCC:  0.7959509536947206
759
Training on 26000 samples...
Train epoch: 760 [0/26000 (0%)]	Loss: 0.019440
Train epoch: 760 [267520/26000 (38%)]	Loss: 0.011907
Train epoch: 760 [516160/26000 (77%)]	Loss: 0.021656
Make prediction for 870 samples...
epoch: 760
AUC: 0.9460876373466505
TPR:  0.8596881959910914
precision:  0.9391727493917275
accuracy:  0.8988505747126436
MCC:  0.8011114048131326
760
Training on 26000 samples...
Train epoch: 761 [0/26000 (0%)]	Loss: 0.010553
Train epoch: 761 [248640/26000 (38%)]	Loss: 0.018300
Train epoch: 761 [532640/26000 (77%)]	Loss: 0.010758
Make prediction for 870 samples...
epoch: 761
AUC: 0.9471959328991848
TPR:  0.8463251670378619
precision:  0.945273631840796
accuracy:  0.8954022988505748
MCC:  0.7959509536947206
761
Training on 26000 samples...
Train epoch: 762 [0/26000 (0%)]	Loss: 0.020813
Train epoch: 762 [268140/26000 (38%)]	Loss: 0.022578
Train epoch: 762 [513080/26000 (77%)]	Loss: 0.012990
Make prediction for 870 samples...
epoch: 762
AUC: 0.9469367134143438
TPR:  0.8619153674832962
precision:  0.9485294117647058
accuracy:  0.9045977011494253
MCC:  0.8131813945068547
762
Training on 26000 samples...
Train epoch: 763 [0/26000 (0%)]	Loss: 0.018288
Train epoch: 763 [274060/26000 (38%)]	Loss: 0.020701
Train epoch: 763 [512480/26000 (77%)]	Loss: 0.014172
Make prediction for 870 samples...
epoch: 763
AUC: 0.9450507594072868
TPR:  0.8596881959910914
precision:  0.9301204819277108
accuracy:  0.8942528735632184
MCC:  0.7912316491879167
763
Training on 26000 samples...
Train epoch: 764 [0/26000 (0%)]	Loss: 0.019268
Train epoch: 764 [258280/26000 (38%)]	Loss: 0.014853
Train epoch: 764 [521040/26000 (77%)]	Loss: 0.023903
Make prediction for 870 samples...
epoch: 764
AUC: 0.9465108528321051
TPR:  0.8418708240534521
precision:  0.9473684210526315
accuracy:  0.8942528735632184
MCC:  0.7943040731956524
764
Training on 26000 samples...
Train epoch: 765 [0/26000 (0%)]	Loss: 0.018506
Train epoch: 765 [259280/26000 (38%)]	Loss: 0.021993
Train epoch: 765 [515720/26000 (77%)]	Loss: 0.026756
Make prediction for 870 samples...
epoch: 765
AUC: 0.946971099672537
TPR:  0.8552338530066815
precision:  0.9411764705882353
accuracy:  0.8977011494252873
MCC:  0.7993544818456937
765
Training on 26000 samples...
Train epoch: 766 [0/26000 (0%)]	Loss: 0.026348
Train epoch: 766 [257680/26000 (38%)]	Loss: 0.017592
Train epoch: 766 [521880/26000 (77%)]	Loss: 0.023159
Make prediction for 870 samples...
epoch: 766
AUC: 0.9498569002639806
TPR:  0.8552338530066815
precision:  0.9458128078817734
accuracy:  0.9
MCC:  0.8043507863297861
766
Training on 26000 samples...
Train epoch: 767 [0/26000 (0%)]	Loss: 0.019906
Train epoch: 767 [256340/26000 (38%)]	Loss: 0.017602
Train epoch: 767 [549960/26000 (77%)]	Loss: 0.022088
Make prediction for 870 samples...
epoch: 767
AUC: 0.9458469335392983
TPR:  0.8418708240534521
precision:  0.942643391521197
accuracy:  0.8919540229885058
MCC:  0.7892456720295076
767
Training on 26000 samples...
Train epoch: 768 [0/26000 (0%)]	Loss: 0.022302
Train epoch: 768 [259220/26000 (38%)]	Loss: 0.023078
Train epoch: 768 [513720/26000 (77%)]	Loss: 0.029793
Make prediction for 870 samples...
epoch: 768
AUC: 0.949896576715742
TPR:  0.8485523385300668
precision:  0.9407407407407408
accuracy:  0.8942528735632184
MCC:  0.7930233170393957
768
Training on 26000 samples...
Train epoch: 769 [0/26000 (0%)]	Loss: 0.015044
Train epoch: 769 [254400/26000 (38%)]	Loss: 0.010315
Train epoch: 769 [521320/26000 (77%)]	Loss: 0.030701
Make prediction for 870 samples...
epoch: 769
AUC: 0.947523924900412
TPR:  0.8485523385300668
precision:  0.9407407407407408
accuracy:  0.8942528735632184
MCC:  0.7930233170393957
769
Training on 26000 samples...
Train epoch: 770 [0/26000 (0%)]	Loss: 0.027084
Train epoch: 770 [255520/26000 (38%)]	Loss: 0.023400
Train epoch: 770 [534280/26000 (77%)]	Loss: 0.013907
Make prediction for 870 samples...
epoch: 770
AUC: 0.9483835813552417
TPR:  0.8396436525612472
precision:  0.9448621553884712
accuracy:  0.8919540229885058
MCC:  0.7896881546892152
770
Training on 26000 samples...
Train epoch: 771 [0/26000 (0%)]	Loss: 0.026083
Train epoch: 771 [253300/26000 (38%)]	Loss: 0.011969
Train epoch: 771 [508720/26000 (77%)]	Loss: 0.030472
Make prediction for 870 samples...
epoch: 771
AUC: 0.9465134979288893
TPR:  0.8418708240534521
precision:  0.9264705882352942
accuracy:  0.8839080459770114
MCC:  0.7717006565233716
771
Training on 26000 samples...
Train epoch: 772 [0/26000 (0%)]	Loss: 0.014080
Train epoch: 772 [257440/26000 (38%)]	Loss: 0.039676
Train epoch: 772 [529520/26000 (77%)]	Loss: 0.018867
Make prediction for 870 samples...
epoch: 772
AUC: 0.9479339149019462
TPR:  0.8485523385300668
precision:  0.9454094292803971
accuracy:  0.896551724137931
MCC:  0.7980455562691899
772
Training on 26000 samples...
Train epoch: 773 [0/26000 (0%)]	Loss: 0.020440
Train epoch: 773 [264200/26000 (38%)]	Loss: 0.036504
Train epoch: 773 [533360/26000 (77%)]	Loss: 0.018917
Make prediction for 870 samples...
epoch: 773
AUC: 0.94821429516106
TPR:  0.8530066815144766
precision:  0.9341463414634147
accuracy:  0.8931034482758621
MCC:  0.7897703631104138
773
Training on 26000 samples...
Train epoch: 774 [0/26000 (0%)]	Loss: 0.017730
Train epoch: 774 [281160/26000 (38%)]	Loss: 0.022039
Train epoch: 774 [532680/26000 (77%)]	Loss: 0.019650
Make prediction for 870 samples...
epoch: 774
AUC: 0.9481719736125145
TPR:  0.8641425389755011
precision:  0.9238095238095239
accuracy:  0.8931034482758621
MCC:  0.7881935007016548
774
Training on 26000 samples...
Train epoch: 775 [0/26000 (0%)]	Loss: 0.013054
Train epoch: 775 [266620/26000 (38%)]	Loss: 0.014819
Train epoch: 775 [511240/26000 (77%)]	Loss: 0.022586
Make prediction for 870 samples...
epoch: 775
AUC: 0.948246036322469
TPR:  0.8619153674832962
precision:  0.9347826086956522
accuracy:  0.8977011494252873
MCC:  0.7982998557882043
775
Training on 26000 samples...
Train epoch: 776 [0/26000 (0%)]	Loss: 0.022712
Train epoch: 776 [269080/26000 (38%)]	Loss: 0.048288
Train epoch: 776 [524480/26000 (77%)]	Loss: 0.018199
Make prediction for 870 samples...
epoch: 776
AUC: 0.9475133445132757
TPR:  0.8485523385300668
precision:  0.9315403422982885
accuracy:  0.8896551724137931
MCC:  0.7830388394112505
776
Training on 26000 samples...
Train epoch: 777 [0/26000 (0%)]	Loss: 0.015349
Train epoch: 777 [253280/26000 (38%)]	Loss: 0.018324
Train epoch: 777 [506760/26000 (77%)]	Loss: 0.013789
Make prediction for 870 samples...
epoch: 777
AUC: 0.9494469102624465
TPR:  0.8351893095768375
precision:  0.9566326530612245
accuracy:  0.8954022988505748
MCC:  0.7983074017638809
777
Training on 26000 samples...
Train epoch: 778 [0/26000 (0%)]	Loss: 0.037880
Train epoch: 778 [252920/26000 (38%)]	Loss: 0.027420
Train epoch: 778 [515280/26000 (77%)]	Loss: 0.038719
Make prediction for 870 samples...
epoch: 778
AUC: 0.9508937782033445
TPR:  0.8596881959910914
precision:  0.9346246973365617
accuracy:  0.896551724137931
MCC:  0.7961619170488148
778
Training on 26000 samples...
Train epoch: 779 [0/26000 (0%)]	Loss: 0.024514
Train epoch: 779 [254780/26000 (38%)]	Loss: 0.027633
Train epoch: 779 [506600/26000 (77%)]	Loss: 0.021241
Make prediction for 870 samples...
epoch: 779
AUC: 0.9452359161821732
TPR:  0.8285077951002228
precision:  0.9489795918367347
accuracy:  0.8885057471264368
MCC:  0.78443922696187
779
Training on 26000 samples...
Train epoch: 780 [0/26000 (0%)]	Loss: 0.022145
Train epoch: 780 [255680/26000 (38%)]	Loss: 0.017619
Train epoch: 780 [522200/26000 (77%)]	Loss: 0.017071
Make prediction for 870 samples...
epoch: 780
AUC: 0.9465954959291961
TPR:  0.8530066815144766
precision:  0.9364303178484108
accuracy:  0.8942528735632184
MCC:  0.7922554855400586
780
Training on 26000 samples...
Train epoch: 781 [0/26000 (0%)]	Loss: 0.016767
Train epoch: 781 [257440/26000 (38%)]	Loss: 0.037065
Train epoch: 781 [519920/26000 (77%)]	Loss: 0.022858
Make prediction for 870 samples...
epoch: 781
AUC: 0.9486930576789805
TPR:  0.8507795100222717
precision:  0.9455445544554455
accuracy:  0.8977011494252873
MCC:  0.8001437094201885
781
Training on 26000 samples...
Train epoch: 782 [0/26000 (0%)]	Loss: 0.031395
Train epoch: 782 [253480/26000 (38%)]	Loss: 0.014671
Train epoch: 782 [522040/26000 (77%)]	Loss: 0.024695
Make prediction for 870 samples...
epoch: 782
AUC: 0.9450692750847753
TPR:  0.8552338530066815
precision:  0.9230769230769231
accuracy:  0.8885057471264368
MCC:  0.7795646600533978
782
Training on 26000 samples...
Train epoch: 783 [0/26000 (0%)]	Loss: 0.013203
Train epoch: 783 [264220/26000 (38%)]	Loss: 0.029091
Train epoch: 783 [504240/26000 (77%)]	Loss: 0.025715
Make prediction for 870 samples...
epoch: 783
AUC: 0.9471853525120484
TPR:  0.8552338530066815
precision:  0.9365853658536586
accuracy:  0.8954022988505748
MCC:  0.7943780630561358
783
Training on 26000 samples...
Train epoch: 784 [0/26000 (0%)]	Loss: 0.023932
Train epoch: 784 [246180/26000 (38%)]	Loss: 0.024007
Train epoch: 784 [517560/26000 (77%)]	Loss: 0.018016
Make prediction for 870 samples...
epoch: 784
AUC: 0.9469658094789688
TPR:  0.8485523385300668
precision:  0.9338235294117647
accuracy:  0.8908045977011494
MCC:  0.7855275691845327
784
Training on 26000 samples...
Train epoch: 785 [0/26000 (0%)]	Loss: 0.027395
Train epoch: 785 [255040/26000 (38%)]	Loss: 0.028494
Train epoch: 785 [521120/26000 (77%)]	Loss: 0.028138
Make prediction for 870 samples...
epoch: 785
AUC: 0.9494654259399351
TPR:  0.8507795100222717
precision:  0.9362745098039216
accuracy:  0.8931034482758621
MCC:  0.7901365400715863
785
Training on 26000 samples...
Train epoch: 786 [0/26000 (0%)]	Loss: 0.022058
Train epoch: 786 [255260/26000 (38%)]	Loss: 0.024604
Train epoch: 786 [524000/26000 (77%)]	Loss: 0.010797
Make prediction for 870 samples...
epoch: 786
AUC: 0.9480238481926054
TPR:  0.8374164810690423
precision:  0.9543147208121827
accuracy:  0.8954022988505748
MCC:  0.7978010531420958
786
Training on 26000 samples...
Train epoch: 787 [0/26000 (0%)]	Loss: 0.024006
Train epoch: 787 [264260/26000 (38%)]	Loss: 0.014205
Train epoch: 787 [503840/26000 (77%)]	Loss: 0.052836
Make prediction for 870 samples...
epoch: 787
AUC: 0.9456908728290367
TPR:  0.8708240534521158
precision:  0.9287410926365796
accuracy:  0.8988505747126436
MCC:  0.7995651460886953
787
Training on 26000 samples...
Train epoch: 788 [0/26000 (0%)]	Loss: 0.032808
Train epoch: 788 [272000/26000 (38%)]	Loss: 0.015053
Train epoch: 788 [544920/26000 (77%)]	Loss: 0.019185
Make prediction for 870 samples...
epoch: 788
AUC: 0.949200916261526
TPR:  0.8463251670378619
precision:  0.95
accuracy:  0.8977011494252873
MCC:  0.8010023758435986
788
Training on 26000 samples...
Train epoch: 789 [0/26000 (0%)]	Loss: 0.023494
Train epoch: 789 [270320/26000 (38%)]	Loss: 0.021075
Train epoch: 789 [518760/26000 (77%)]	Loss: 0.039558
Make prediction for 870 samples...
epoch: 789
AUC: 0.9488782144538668
TPR:  0.8641425389755011
precision:  0.9304556354916067
accuracy:  0.896551724137931
MCC:  0.7955283180585025
789
Training on 26000 samples...
Train epoch: 790 [0/26000 (0%)]	Loss: 0.018001
Train epoch: 790 [258400/26000 (38%)]	Loss: 0.034516
Train epoch: 790 [504920/26000 (77%)]	Loss: 0.017058
Make prediction for 870 samples...
epoch: 790
AUC: 0.9469261330272074
TPR:  0.8485523385300668
precision:  0.9454094292803971
accuracy:  0.896551724137931
MCC:  0.7980455562691899
790
Training on 26000 samples...
Train epoch: 791 [0/26000 (0%)]	Loss: 0.012010
Train epoch: 791 [260880/26000 (38%)]	Loss: 0.014753
Train epoch: 791 [519560/26000 (77%)]	Loss: 0.024840
Make prediction for 870 samples...
epoch: 791
AUC: 0.944770379148173
TPR:  0.8374164810690423
precision:  0.9494949494949495
accuracy:  0.8931034482758621
MCC:  0.7926936239555289
791
Training on 26000 samples...
Train epoch: 792 [0/26000 (0%)]	Loss: 0.023328
Train epoch: 792 [261300/26000 (38%)]	Loss: 0.029041
Train epoch: 792 [508840/26000 (77%)]	Loss: 0.013449
Make prediction for 870 samples...
epoch: 792
AUC: 0.9501796020716398
TPR:  0.8463251670378619
precision:  0.9476309226932669
accuracy:  0.896551724137931
MCC:  0.7984740722776837
792
Training on 26000 samples...
Train epoch: 793 [0/26000 (0%)]	Loss: 0.022819
Train epoch: 793 [254700/26000 (38%)]	Loss: 0.017442
Train epoch: 793 [533360/26000 (77%)]	Loss: 0.021879
Make prediction for 870 samples...
epoch: 793
AUC: 0.9486930576789805
TPR:  0.8351893095768375
precision:  0.9375
accuracy:  0.8862068965517241
MCC:  0.7779271418375082
793
Training on 26000 samples...
Train epoch: 794 [0/26000 (0%)]	Loss: 0.029121
Train epoch: 794 [257760/26000 (38%)]	Loss: 0.019120
Train epoch: 794 [534600/26000 (77%)]	Loss: 0.011208
Make prediction for 870 samples...
epoch: 794
AUC: 0.9486189949690259
TPR:  0.8552338530066815
precision:  0.9411764705882353
accuracy:  0.8977011494252873
MCC:  0.7993544818456937
794
Training on 26000 samples...
Train epoch: 795 [0/26000 (0%)]	Loss: 0.032575
Train epoch: 795 [264240/26000 (38%)]	Loss: 0.017561
Train epoch: 795 [501560/26000 (77%)]	Loss: 0.013925
Make prediction for 870 samples...
epoch: 795
AUC: 0.9506451391056401
TPR:  0.8685968819599109
precision:  0.9330143540669856
accuracy:  0.9
MCC:  0.8022859502318559
795
Training on 26000 samples...
Train epoch: 796 [0/26000 (0%)]	Loss: 0.032770
Train epoch: 796 [265840/26000 (38%)]	Loss: 0.009183
Train epoch: 796 [533680/26000 (77%)]	Loss: 0.027892
Make prediction for 870 samples...
epoch: 796
AUC: 0.950298631426924
TPR:  0.8596881959910914
precision:  0.946078431372549
accuracy:  0.9022988505747126
MCC:  0.808572423619801
796
Training on 26000 samples...
Train epoch: 797 [0/26000 (0%)]	Loss: 0.015619
Train epoch: 797 [264200/26000 (38%)]	Loss: 0.015458
Train epoch: 797 [518080/26000 (77%)]	Loss: 0.014686
Make prediction for 870 samples...
epoch: 797
AUC: 0.9482328108385486
TPR:  0.8485523385300668
precision:  0.9315403422982885
accuracy:  0.8896551724137931
MCC:  0.7830388394112505
797
Training on 26000 samples...
Train epoch: 798 [0/26000 (0%)]	Loss: 0.017507
Train epoch: 798 [260880/26000 (38%)]	Loss: 0.042137
Train epoch: 798 [510280/26000 (77%)]	Loss: 0.027581
Make prediction for 870 samples...
epoch: 798
AUC: 0.9493992985203328
TPR:  0.844097995545657
precision:  0.9522613065326633
accuracy:  0.8977011494252873
MCC:  0.8014579062097786
798
Training on 26000 samples...
Train epoch: 799 [0/26000 (0%)]	Loss: 0.041419
Train epoch: 799 [266140/26000 (38%)]	Loss: 0.033758
Train epoch: 799 [523920/26000 (77%)]	Loss: 0.027903
Make prediction for 870 samples...
epoch: 799
AUC: 0.948936406583117
TPR:  0.8463251670378619
precision:  0.9523809523809523
accuracy:  0.8988505747126436
MCC:  0.803535910208527
799
Training on 26000 samples...
Train epoch: 800 [0/26000 (0%)]	Loss: 0.014558
Train epoch: 800 [262220/26000 (38%)]	Loss: 0.013322
Train epoch: 800 [534760/26000 (77%)]	Loss: 0.016730
Make prediction for 870 samples...
epoch: 800
AUC: 0.9457728708293436
TPR:  0.8374164810690423
precision:  0.9447236180904522
accuracy:  0.8908045977011494
MCC:  0.7876074603639254
800
Training on 26000 samples...
Train epoch: 801 [0/26000 (0%)]	Loss: 0.017508
Train epoch: 801 [258000/26000 (38%)]	Loss: 0.030475
Train epoch: 801 [512040/26000 (77%)]	Loss: 0.011477
Make prediction for 870 samples...
epoch: 801
AUC: 0.9473361230287417
TPR:  0.8574610244988864
precision:  0.9459459459459459
accuracy:  0.9011494252873563
MCC:  0.8064597698863878
801
Training on 26000 samples...
Train epoch: 802 [0/26000 (0%)]	Loss: 0.012310
Train epoch: 802 [251480/26000 (38%)]	Loss: 0.054258
Train epoch: 802 [534600/26000 (77%)]	Loss: 0.020686
Make prediction for 870 samples...
epoch: 802
AUC: 0.9472382544477302
TPR:  0.8507795100222717
precision:  0.9362745098039216
accuracy:  0.8931034482758621
MCC:  0.7901365400715863
802
Training on 26000 samples...
Train epoch: 803 [0/26000 (0%)]	Loss: 0.011100
Train epoch: 803 [255980/26000 (38%)]	Loss: 0.021930
Train epoch: 803 [524160/26000 (77%)]	Loss: 0.023329
Make prediction for 870 samples...
epoch: 803
AUC: 0.948708928259685
TPR:  0.8485523385300668
precision:  0.9338235294117647
accuracy:  0.8908045977011494
MCC:  0.7855275691845327
803
Training on 26000 samples...
Train epoch: 804 [0/26000 (0%)]	Loss: 0.016964
Train epoch: 804 [276020/26000 (38%)]	Loss: 0.026954
Train epoch: 804 [523920/26000 (77%)]	Loss: 0.024476
Make prediction for 870 samples...
epoch: 804
AUC: 0.9483412598066964
TPR:  0.8396436525612472
precision:  0.9496221662468514
accuracy:  0.8942528735632184
MCC:  0.7947656446062318
804
Training on 26000 samples...
Train epoch: 805 [0/26000 (0%)]	Loss: 0.022235
Train epoch: 805 [270880/26000 (38%)]	Loss: 0.020998
Train epoch: 805 [516120/26000 (77%)]	Loss: 0.041546
Make prediction for 870 samples...
epoch: 805
AUC: 0.9492432378100715
TPR:  0.8730512249443207
precision:  0.9423076923076923
accuracy:  0.906896551724138
MCC:  0.8164004874619605
805
Training on 26000 samples...
Train epoch: 806 [0/26000 (0%)]	Loss: 0.020058
Train epoch: 806 [252220/26000 (38%)]	Loss: 0.022433
Train epoch: 806 [517880/26000 (77%)]	Loss: 0.027428
Make prediction for 870 samples...
epoch: 806
AUC: 0.9436726639827752
TPR:  0.8708240534521158
precision:  0.92
accuracy:  0.8942528735632184
MCC:  0.7898634144419735
806
Training on 26000 samples...
Train epoch: 807 [0/26000 (0%)]	Loss: 0.025921
Train epoch: 807 [254340/26000 (38%)]	Loss: 0.023310
Train epoch: 807 [528080/26000 (77%)]	Loss: 0.010938
Make prediction for 870 samples...
epoch: 807
AUC: 0.9458284178618095
TPR:  0.8530066815144766
precision:  0.9364303178484108
accuracy:  0.8942528735632184
MCC:  0.7922554855400586
807
Training on 26000 samples...
Train epoch: 808 [0/26000 (0%)]	Loss: 0.015047
Train epoch: 808 [258900/26000 (38%)]	Loss: 0.015549
Train epoch: 808 [506280/26000 (77%)]	Loss: 0.019854
Make prediction for 870 samples...
epoch: 808
AUC: 0.9430775172063546
TPR:  0.8596881959910914
precision:  0.9278846153846154
accuracy:  0.8931034482758621
MCC:  0.7887736169055385
808
Training on 26000 samples...
Train epoch: 809 [0/26000 (0%)]	Loss: 0.024515
Train epoch: 809 [244560/26000 (38%)]	Loss: 0.036227
Train epoch: 809 [515000/26000 (77%)]	Loss: 0.017532
Make prediction for 870 samples...
epoch: 809
AUC: 0.9452861730210709
TPR:  0.8596881959910914
precision:  0.9278846153846154
accuracy:  0.8931034482758621
MCC:  0.7887736169055385
809
Training on 26000 samples...
Train epoch: 810 [0/26000 (0%)]	Loss: 0.007498
Train epoch: 810 [268140/26000 (38%)]	Loss: 0.024417
Train epoch: 810 [508680/26000 (77%)]	Loss: 0.033109
Make prediction for 870 samples...
epoch: 810
AUC: 0.9451777240529231
TPR:  0.8485523385300668
precision:  0.9338235294117647
accuracy:  0.8908045977011494
MCC:  0.7855275691845327
810
Training on 26000 samples...
Train epoch: 811 [0/26000 (0%)]	Loss: 0.014842
Train epoch: 811 [257460/26000 (38%)]	Loss: 0.035773
Train epoch: 811 [517960/26000 (77%)]	Loss: 0.023783
Make prediction for 870 samples...
epoch: 811
AUC: 0.9455480376026958
TPR:  0.8552338530066815
precision:  0.9458128078817734
accuracy:  0.9
MCC:  0.8043507863297861
811
Training on 26000 samples...
Train epoch: 812 [0/26000 (0%)]	Loss: 0.017907
Train epoch: 812 [252160/26000 (38%)]	Loss: 0.027093
Train epoch: 812 [514280/26000 (77%)]	Loss: 0.022261
Make prediction for 870 samples...
epoch: 812
AUC: 0.9468917467690143
TPR:  0.8351893095768375
precision:  0.9375
accuracy:  0.8862068965517241
MCC:  0.7779271418375082
812
Training on 26000 samples...
Train epoch: 813 [0/26000 (0%)]	Loss: 0.026662
Train epoch: 813 [249780/26000 (38%)]	Loss: 0.033149
Train epoch: 813 [526920/26000 (77%)]	Loss: 0.013401
Make prediction for 870 samples...
epoch: 813
AUC: 0.9458469335392983
TPR:  0.8507795100222717
precision:  0.9408866995073891
accuracy:  0.8954022988505748
MCC:  0.7951301047898955
813
Training on 26000 samples...
Train epoch: 814 [0/26000 (0%)]	Loss: 0.021152
Train epoch: 814 [257440/26000 (38%)]	Loss: 0.026675
Train epoch: 814 [516920/26000 (77%)]	Loss: 0.009054
Make prediction for 870 samples...
epoch: 814
AUC: 0.9498780610382535
TPR:  0.8463251670378619
precision:  0.945273631840796
accuracy:  0.8954022988505748
MCC:  0.7959509536947206
814
Training on 26000 samples...
Train epoch: 815 [0/26000 (0%)]	Loss: 0.010384
Train epoch: 815 [256840/26000 (38%)]	Loss: 0.024066
Train epoch: 815 [525760/26000 (77%)]	Loss: 0.013575
Make prediction for 870 samples...
epoch: 815
AUC: 0.9490898221965942
TPR:  0.8463251670378619
precision:  0.95
accuracy:  0.8977011494252873
MCC:  0.8010023758435986
815
Training on 26000 samples...
Train epoch: 816 [0/26000 (0%)]	Loss: 0.013295
Train epoch: 816 [249060/26000 (38%)]	Loss: 0.027837
Train epoch: 816 [510360/26000 (77%)]	Loss: 0.013477
Make prediction for 870 samples...
epoch: 816
AUC: 0.94885440858281
TPR:  0.8507795100222717
precision:  0.9478908188585607
accuracy:  0.8988505747126436
MCC:  0.80265813796072
816
Training on 26000 samples...
Train epoch: 817 [0/26000 (0%)]	Loss: 0.015304
Train epoch: 817 [255600/26000 (38%)]	Loss: 0.021196
Train epoch: 817 [518960/26000 (77%)]	Loss: 0.030445
Make prediction for 870 samples...
epoch: 817
AUC: 0.9498383845864922
TPR:  0.8685968819599109
precision:  0.9397590361445783
accuracy:  0.903448275862069
MCC:  0.8096514648160663
817
Training on 26000 samples...
Train epoch: 818 [0/26000 (0%)]	Loss: 0.027146
Train epoch: 818 [254600/26000 (38%)]	Loss: 0.030366
Train epoch: 818 [510320/26000 (77%)]	Loss: 0.034410
Make prediction for 870 samples...
epoch: 818
AUC: 0.950708621428458
TPR:  0.8619153674832962
precision:  0.9280575539568345
accuracy:  0.8942528735632184
MCC:  0.7909242905936366
818
Training on 26000 samples...
Train epoch: 819 [0/26000 (0%)]	Loss: 0.016587
Train epoch: 819 [264720/26000 (38%)]	Loss: 0.020999
Train epoch: 819 [481280/26000 (77%)]	Loss: 0.024275
Make prediction for 870 samples...
epoch: 819
AUC: 0.9481111363864804
TPR:  0.8552338530066815
precision:  0.9411764705882353
accuracy:  0.8977011494252873
MCC:  0.7993544818456937
819
Training on 26000 samples...
Train epoch: 820 [0/26000 (0%)]	Loss: 0.035039
Train epoch: 820 [256260/26000 (38%)]	Loss: 0.025624
Train epoch: 820 [514280/26000 (77%)]	Loss: 0.022106
Make prediction for 870 samples...
epoch: 820
AUC: 0.948767120388935
TPR:  0.8663697104677061
precision:  0.9396135265700483
accuracy:  0.9022988505747126
MCC:  0.8075107636492124
820
Training on 26000 samples...
Train epoch: 821 [0/26000 (0%)]	Loss: 0.021776
Train epoch: 821 [256120/26000 (38%)]	Loss: 0.019818
Train epoch: 821 [554720/26000 (77%)]	Loss: 0.036979
Make prediction for 870 samples...
epoch: 821
AUC: 0.9506292685249353
TPR:  0.8596881959910914
precision:  0.9278846153846154
accuracy:  0.8931034482758621
MCC:  0.7887736169055385
821
Training on 26000 samples...
Train epoch: 822 [0/26000 (0%)]	Loss: 0.010436
Train epoch: 822 [265640/26000 (38%)]	Loss: 0.026152
Train epoch: 822 [520680/26000 (77%)]	Loss: 0.043119
Make prediction for 870 samples...
epoch: 822
AUC: 0.9463971136703893
TPR:  0.8530066815144766
precision:  0.941031941031941
accuracy:  0.896551724137931
MCC:  0.7972404829968077
822
Training on 26000 samples...
Train epoch: 823 [0/26000 (0%)]	Loss: 0.016201
Train epoch: 823 [258020/26000 (38%)]	Loss: 0.034593
Train epoch: 823 [515920/26000 (77%)]	Loss: 0.026709
Make prediction for 870 samples...
epoch: 823
AUC: 0.9465584645742188
TPR:  0.8619153674832962
precision:  0.937046004842615
accuracy:  0.8988505747126436
MCC:  0.8007678955692091
823
Training on 26000 samples...
Train epoch: 824 [0/26000 (0%)]	Loss: 0.024113
Train epoch: 824 [256120/26000 (38%)]	Loss: 0.033311
Train epoch: 824 [534440/26000 (77%)]	Loss: 0.012492
Make prediction for 870 samples...
epoch: 824
AUC: 0.9459818334752869
TPR:  0.8485523385300668
precision:  0.9315403422982885
accuracy:  0.8896551724137931
MCC:  0.7830388394112505
824
Training on 26000 samples...
Train epoch: 825 [0/26000 (0%)]	Loss: 0.019631
Train epoch: 825 [269260/26000 (38%)]	Loss: 0.019993
Train epoch: 825 [500760/26000 (77%)]	Loss: 0.013589
Make prediction for 870 samples...
epoch: 825
AUC: 0.9473255426416052
TPR:  0.8530066815144766
precision:  0.9387254901960784
accuracy:  0.8954022988505748
MCC:  0.79474551095864
825
Training on 26000 samples...
Train epoch: 826 [0/26000 (0%)]	Loss: 0.021955
Train epoch: 826 [247100/26000 (38%)]	Loss: 0.017167
Train epoch: 826 [526360/26000 (77%)]	Loss: 0.018797
Make prediction for 870 samples...
epoch: 826
AUC: 0.9445402557279572
TPR:  0.8574610244988864
precision:  0.9344660194174758
accuracy:  0.8954022988505748
MCC:  0.7940277094491114
826
Training on 26000 samples...
Train epoch: 827 [0/26000 (0%)]	Loss: 0.024927
Train epoch: 827 [260920/26000 (38%)]	Loss: 0.020664
Train epoch: 827 [528600/26000 (77%)]	Loss: 0.022467
Make prediction for 870 samples...
epoch: 827
AUC: 0.9430642917224341
TPR:  0.8463251670378619
precision:  0.9405940594059405
accuracy:  0.8931034482758621
MCC:  0.7909200897043261
827
Training on 26000 samples...
Train epoch: 828 [0/26000 (0%)]	Loss: 0.021969
Train epoch: 828 [260740/26000 (38%)]	Loss: 0.037196
Train epoch: 828 [534800/26000 (77%)]	Loss: 0.019777
Make prediction for 870 samples...
epoch: 828
AUC: 0.9436171169503091
TPR:  0.8418708240534521
precision:  0.9356435643564357
accuracy:  0.8885057471264368
MCC:  0.7816964699884639
828
Training on 26000 samples...
Train epoch: 829 [0/26000 (0%)]	Loss: 0.022402
Train epoch: 829 [258420/26000 (38%)]	Loss: 0.026686
Train epoch: 829 [539120/26000 (77%)]	Loss: 0.022628
Make prediction for 870 samples...
epoch: 829
AUC: 0.9449185045680821
TPR:  0.844097995545657
precision:  0.9334975369458128
accuracy:  0.8885057471264368
MCC:  0.7812990824800597
829
Training on 26000 samples...
Train epoch: 830 [0/26000 (0%)]	Loss: 0.018819
Train epoch: 830 [259780/26000 (38%)]	Loss: 0.021348
Train epoch: 830 [512600/26000 (77%)]	Loss: 0.019650
Make prediction for 870 samples...
epoch: 830
AUC: 0.9471218701892302
TPR:  0.8663697104677061
precision:  0.9284009546539379
accuracy:  0.896551724137931
MCC:  0.7952370218542506
830
Training on 26000 samples...
Train epoch: 831 [0/26000 (0%)]	Loss: 0.012820
Train epoch: 831 [274360/26000 (38%)]	Loss: 0.018695
Train epoch: 831 [542720/26000 (77%)]	Loss: 0.014768
Make prediction for 870 samples...
epoch: 831
AUC: 0.9467251056716165
TPR:  0.8574610244988864
precision:  0.9436274509803921
accuracy:  0.9
MCC:  0.8039634527327473
831
Training on 26000 samples...
Train epoch: 832 [0/26000 (0%)]	Loss: 0.036078
Train epoch: 832 [250580/26000 (38%)]	Loss: 0.022161
Train epoch: 832 [530360/26000 (77%)]	Loss: 0.029658
Make prediction for 870 samples...
epoch: 832
AUC: 0.9462225372826393
TPR:  0.844097995545657
precision:  0.9475
accuracy:  0.8954022988505748
MCC:  0.7963873290423805
832
Training on 26000 samples...
Train epoch: 833 [0/26000 (0%)]	Loss: 0.015289
Train epoch: 833 [270060/26000 (38%)]	Loss: 0.020181
Train epoch: 833 [498160/26000 (77%)]	Loss: 0.014659
Make prediction for 870 samples...
epoch: 833
AUC: 0.9468335546397644
TPR:  0.8485523385300668
precision:  0.9407407407407408
accuracy:  0.8942528735632184
MCC:  0.7930233170393957
833
Training on 26000 samples...
Train epoch: 834 [0/26000 (0%)]	Loss: 0.019722
Train epoch: 834 [258900/26000 (38%)]	Loss: 0.022505
Train epoch: 834 [527160/26000 (77%)]	Loss: 0.020075
Make prediction for 870 samples...
epoch: 834
AUC: 0.9488067968406964
TPR:  0.8507795100222717
precision:  0.9502487562189055
accuracy:  0.9
MCC:  0.805177710562909
834
Training on 26000 samples...
Train epoch: 835 [0/26000 (0%)]	Loss: 0.017886
Train epoch: 835 [257600/26000 (38%)]	Loss: 0.015122
Train epoch: 835 [533480/26000 (77%)]	Loss: 0.018070
Make prediction for 870 samples...
epoch: 835
AUC: 0.946301890186162
TPR:  0.8552338530066815
precision:  0.9411764705882353
accuracy:  0.8977011494252873
MCC:  0.7993544818456937
835
Training on 26000 samples...
Train epoch: 836 [0/26000 (0%)]	Loss: 0.022896
Train epoch: 836 [269460/26000 (38%)]	Loss: 0.026899
Train epoch: 836 [506760/26000 (77%)]	Loss: 0.018292
Make prediction for 870 samples...
epoch: 836
AUC: 0.9454898454734458
TPR:  0.8552338530066815
precision:  0.9388753056234719
accuracy:  0.896551724137931
MCC:  0.7968638086044627
836
Training on 26000 samples...
Train epoch: 837 [0/26000 (0%)]	Loss: 0.013000
Train epoch: 837 [255100/26000 (38%)]	Loss: 0.020119
Train epoch: 837 [521920/26000 (77%)]	Loss: 0.020695
Make prediction for 870 samples...
epoch: 837
AUC: 0.9442413597913548
TPR:  0.8596881959910914
precision:  0.9278846153846154
accuracy:  0.8931034482758621
MCC:  0.7887736169055385
837
Training on 26000 samples...
Train epoch: 838 [0/26000 (0%)]	Loss: 0.024380
Train epoch: 838 [263580/26000 (38%)]	Loss: 0.013766
Train epoch: 838 [541360/26000 (77%)]	Loss: 0.013108
Make prediction for 870 samples...
epoch: 838
AUC: 0.9394801855799905
TPR:  0.8574610244988864
precision:  0.918854415274463
accuracy:  0.8873563218390804
MCC:  0.7768242257873919
838
Training on 26000 samples...
Train epoch: 839 [0/26000 (0%)]	Loss: 0.019866
Train epoch: 839 [267160/26000 (38%)]	Loss: 0.019091
Train epoch: 839 [521040/26000 (77%)]	Loss: 0.036288
Make prediction for 870 samples...
epoch: 839
AUC: 0.9448841183098889
TPR:  0.8485523385300668
precision:  0.9338235294117647
accuracy:  0.8908045977011494
MCC:  0.7855275691845327
839
Training on 26000 samples...
Train epoch: 840 [0/26000 (0%)]	Loss: 0.019946
Train epoch: 840 [256960/26000 (38%)]	Loss: 0.019677
Train epoch: 840 [512280/26000 (77%)]	Loss: 0.023246
Make prediction for 870 samples...
epoch: 840
AUC: 0.9497775473604578
TPR:  0.8374164810690423
precision:  0.947103274559194
accuracy:  0.8919540229885058
MCC:  0.7901479074350087
840
Training on 26000 samples...
Train epoch: 841 [0/26000 (0%)]	Loss: 0.022181
Train epoch: 841 [248460/26000 (38%)]	Loss: 0.019079
Train epoch: 841 [519360/26000 (77%)]	Loss: 0.042087
Make prediction for 870 samples...
epoch: 841
AUC: 0.9498859963286057
TPR:  0.8730512249443207
precision:  0.9267139479905437
accuracy:  0.8988505747126436
MCC:  0.7993070875090994
841
Training on 26000 samples...
Train epoch: 842 [0/26000 (0%)]	Loss: 0.030207
Train epoch: 842 [266800/26000 (38%)]	Loss: 0.022892
Train epoch: 842 [522520/26000 (77%)]	Loss: 0.023901
Make prediction for 870 samples...
epoch: 842
AUC: 0.94833067941956
TPR:  0.8530066815144766
precision:  0.945679012345679
accuracy:  0.8988505747126436
MCC:  0.802245442831533
842
Training on 26000 samples...
Train epoch: 843 [0/26000 (0%)]	Loss: 0.014807
Train epoch: 843 [266820/26000 (38%)]	Loss: 0.016134
Train epoch: 843 [510160/26000 (77%)]	Loss: 0.011255
Make prediction for 870 samples...
epoch: 843
AUC: 0.949116273164435
TPR:  0.8574610244988864
precision:  0.9390243902439024
accuracy:  0.8977011494252873
MCC:  0.7989857630018578
843
Training on 26000 samples...
Train epoch: 844 [0/26000 (0%)]	Loss: 0.013305
Train epoch: 844 [261320/26000 (38%)]	Loss: 0.040590
Train epoch: 844 [508720/26000 (77%)]	Loss: 0.029886
Make prediction for 870 samples...
epoch: 844
AUC: 0.9490078241962873
TPR:  0.844097995545657
precision:  0.9404466501240695
accuracy:  0.8919540229885058
MCC:  0.7888203928861296
844
Training on 26000 samples...
Train epoch: 845 [0/26000 (0%)]	Loss: 0.021239
Train epoch: 845 [260000/26000 (38%)]	Loss: 0.011368
Train epoch: 845 [537440/26000 (77%)]	Loss: 0.037963
Make prediction for 870 samples...
epoch: 845
AUC: 0.9493014299393214
TPR:  0.8775055679287305
precision:  0.9248826291079812
accuracy:  0.9
MCC:  0.8012523739405126
845
Training on 26000 samples...
Train epoch: 846 [0/26000 (0%)]	Loss: 0.015099
Train epoch: 846 [264600/26000 (38%)]	Loss: 0.011336
Train epoch: 846 [516200/26000 (77%)]	Loss: 0.021006
Make prediction for 870 samples...
epoch: 846
AUC: 0.9496029709727078
TPR:  0.8418708240534521
precision:  0.949748743718593
accuracy:  0.8954022988505748
MCC:  0.7968410909278275
846
Training on 26000 samples...
Train epoch: 847 [0/26000 (0%)]	Loss: 0.023067
Train epoch: 847 [261900/26000 (38%)]	Loss: 0.027972
Train epoch: 847 [531600/26000 (77%)]	Loss: 0.023725
Make prediction for 870 samples...
epoch: 847
AUC: 0.9450613397944232
TPR:  0.8285077951002228
precision:  0.9562982005141388
accuracy:  0.8919540229885058
MCC:  0.7921610735295943
847
Training on 26000 samples...
Train epoch: 848 [0/26000 (0%)]	Loss: 0.017139
Train epoch: 848 [253660/26000 (38%)]	Loss: 0.014807
Train epoch: 848 [522440/26000 (77%)]	Loss: 0.020001
Make prediction for 870 samples...
epoch: 848
AUC: 0.9471483211570711
TPR:  0.844097995545657
precision:  0.9176755447941889
accuracy:  0.8804597701149425
MCC:  0.7639200674060541
848
Training on 26000 samples...
Train epoch: 849 [0/26000 (0%)]	Loss: 0.013171
Train epoch: 849 [250700/26000 (38%)]	Loss: 0.013708
Train epoch: 849 [532000/26000 (77%)]	Loss: 0.030798
Make prediction for 870 samples...
epoch: 849
AUC: 0.9449211496648663
TPR:  0.844097995545657
precision:  0.9427860696517413
accuracy:  0.8931034482758621
MCC:  0.7913375752606264
849
Training on 26000 samples...
Train epoch: 850 [0/26000 (0%)]	Loss: 0.013049
Train epoch: 850 [252960/26000 (38%)]	Loss: 0.026191
Train epoch: 850 [519600/26000 (77%)]	Loss: 0.020032
Make prediction for 870 samples...
epoch: 850
AUC: 0.9456009395383778
TPR:  0.8552338530066815
precision:  0.9434889434889435
accuracy:  0.8988505747126436
MCC:  0.8018501264415977
850
Training on 26000 samples...
Train epoch: 851 [0/26000 (0%)]	Loss: 0.016949
Train epoch: 851 [261460/26000 (38%)]	Loss: 0.017006
Train epoch: 851 [505520/26000 (77%)]	Loss: 0.020398
Make prediction for 870 samples...
epoch: 851
AUC: 0.94897079284131
TPR:  0.8752783964365256
precision:  0.9225352112676056
accuracy:  0.8977011494252873
MCC:  0.7966513049047765
851
Training on 26000 samples...
Train epoch: 852 [0/26000 (0%)]	Loss: 0.021325
Train epoch: 852 [254000/26000 (38%)]	Loss: 0.021129
Train epoch: 852 [529000/26000 (77%)]	Loss: 0.018672
Make prediction for 870 samples...
epoch: 852
AUC: 0.9475424405779008
TPR:  0.8596881959910914
precision:  0.9391727493917275
accuracy:  0.8988505747126436
MCC:  0.8011114048131326
852
Training on 26000 samples...
Train epoch: 853 [0/26000 (0%)]	Loss: 0.013103
Train epoch: 853 [260060/26000 (38%)]	Loss: 0.019431
Train epoch: 853 [528120/26000 (77%)]	Loss: 0.022142
Make prediction for 870 samples...
epoch: 853
AUC: 0.9474763131582984
TPR:  0.8507795100222717
precision:  0.9408866995073891
accuracy:  0.8954022988505748
MCC:  0.7951301047898955
853
Training on 26000 samples...
Train epoch: 854 [0/26000 (0%)]	Loss: 0.016903
Train epoch: 854 [253600/26000 (38%)]	Loss: 0.025373
Train epoch: 854 [529760/26000 (77%)]	Loss: 0.020254
Make prediction for 870 samples...
epoch: 854
AUC: 0.9464235646382301
TPR:  0.8374164810690423
precision:  0.9543147208121827
accuracy:  0.8954022988505748
MCC:  0.7978010531420958
854
Training on 26000 samples...
Train epoch: 855 [0/26000 (0%)]	Loss: 0.026805
Train epoch: 855 [263840/26000 (38%)]	Loss: 0.020838
Train epoch: 855 [526400/26000 (77%)]	Loss: 0.026266
Make prediction for 870 samples...
epoch: 855
AUC: 0.9440244618550593
TPR:  0.821826280623608
precision:  0.9413265306122449
accuracy:  0.8816091954022989
MCC:  0.770571052159859
855
Training on 26000 samples...
Train epoch: 856 [0/26000 (0%)]	Loss: 0.032647
Train epoch: 856 [256360/26000 (38%)]	Loss: 0.019588
Train epoch: 856 [522240/26000 (77%)]	Loss: 0.022670
Make prediction for 870 samples...
epoch: 856
AUC: 0.9482804225806623
TPR:  0.8307349665924276
precision:  0.9467005076142132
accuracy:  0.8885057471264368
MCC:  0.7839390912164372
856
Training on 26000 samples...
Train epoch: 857 [0/26000 (0%)]	Loss: 0.011261
Train epoch: 857 [254540/26000 (38%)]	Loss: 0.006676
Train epoch: 857 [515800/26000 (77%)]	Loss: 0.022864
Make prediction for 870 samples...
epoch: 857
AUC: 0.9451195319236732
TPR:  0.8574610244988864
precision:  0.9367396593673966
accuracy:  0.896551724137931
MCC:  0.7965043033120358
857
Training on 26000 samples...
Train epoch: 858 [0/26000 (0%)]	Loss: 0.032629
Train epoch: 858 [258900/26000 (38%)]	Loss: 0.008103
Train epoch: 858 [515920/26000 (77%)]	Loss: 0.034570
Make prediction for 870 samples...
epoch: 858
AUC: 0.9488279576149692
TPR:  0.844097995545657
precision:  0.949874686716792
accuracy:  0.896551724137931
MCC:  0.7989199917020897
858
Training on 26000 samples...
Train epoch: 859 [0/26000 (0%)]	Loss: 0.027423
Train epoch: 859 [258860/26000 (38%)]	Loss: 0.023468
Train epoch: 859 [530560/26000 (77%)]	Loss: 0.017671
Make prediction for 870 samples...
epoch: 859
AUC: 0.9466907194134233
TPR:  0.8507795100222717
precision:  0.9478908188585607
accuracy:  0.8988505747126436
MCC:  0.80265813796072
859
Training on 26000 samples...
Train epoch: 860 [0/26000 (0%)]	Loss: 0.015623
Train epoch: 860 [260040/26000 (38%)]	Loss: 0.022632
Train epoch: 860 [509240/26000 (77%)]	Loss: 0.017553
Make prediction for 870 samples...
epoch: 860
AUC: 0.9457596453454231
TPR:  0.8396436525612472
precision:  0.9544303797468354
accuracy:  0.896551724137931
MCC:  0.7998643132671787
860
Training on 26000 samples...
Train epoch: 861 [0/26000 (0%)]	Loss: 0.019289
Train epoch: 861 [258400/26000 (38%)]	Loss: 0.055439
Train epoch: 861 [497280/26000 (77%)]	Loss: 0.025875
Make prediction for 870 samples...
epoch: 861
AUC: 0.9476191483846393
TPR:  0.8530066815144766
precision:  0.9341463414634147
accuracy:  0.8931034482758621
MCC:  0.7897703631104138
861
Training on 26000 samples...
Train epoch: 862 [0/26000 (0%)]	Loss: 0.029537
Train epoch: 862 [253980/26000 (38%)]	Loss: 0.040046
Train epoch: 862 [506480/26000 (77%)]	Loss: 0.020579
Make prediction for 870 samples...
epoch: 862
AUC: 0.9456485512804914
TPR:  0.8619153674832962
precision:  0.9302884615384616
accuracy:  0.8954022988505748
MCC:  0.7933780953316087
862
Training on 26000 samples...
Train epoch: 863 [0/26000 (0%)]	Loss: 0.017502
Train epoch: 863 [268940/26000 (38%)]	Loss: 0.030419
Train epoch: 863 [505240/26000 (77%)]	Loss: 0.026086
Make prediction for 870 samples...
epoch: 863
AUC: 0.9458389982489459
TPR:  0.8240534521158129
precision:  0.9536082474226805
accuracy:  0.8885057471264368
MCC:  0.7854917155225566
863
Training on 26000 samples...
Train epoch: 864 [0/26000 (0%)]	Loss: 0.022765
Train epoch: 864 [252100/26000 (38%)]	Loss: 0.013712
Train epoch: 864 [512440/26000 (77%)]	Loss: 0.009109
Make prediction for 870 samples...
epoch: 864
AUC: 0.9441567166942637
TPR:  0.8374164810690423
precision:  0.9543147208121827
accuracy:  0.8954022988505748
MCC:  0.7978010531420958
864
Training on 26000 samples...
Train epoch: 865 [0/26000 (0%)]	Loss: 0.026149
Train epoch: 865 [250500/26000 (38%)]	Loss: 0.032469
Train epoch: 865 [531280/26000 (77%)]	Loss: 0.023812
Make prediction for 870 samples...
epoch: 865
AUC: 0.948999888905935
TPR:  0.8507795100222717
precision:  0.9432098765432099
accuracy:  0.896551724137931
MCC:  0.7976343799354643
865
Training on 26000 samples...
Train epoch: 866 [0/26000 (0%)]	Loss: 0.021035
Train epoch: 866 [268200/26000 (38%)]	Loss: 0.029801
Train epoch: 866 [505720/26000 (77%)]	Loss: 0.014699
Make prediction for 870 samples...
epoch: 866
AUC: 0.9414640081680588
TPR:  0.8351893095768375
precision:  0.9305210918114144
accuracy:  0.8827586206896552
MCC:  0.7703700661200089
866
Training on 26000 samples...
Train epoch: 867 [0/26000 (0%)]	Loss: 0.011268
Train epoch: 867 [263040/26000 (38%)]	Loss: 0.025009
Train epoch: 867 [537280/26000 (77%)]	Loss: 0.028370
Make prediction for 870 samples...
epoch: 867
AUC: 0.9439160128869115
TPR:  0.8351893095768375
precision:  0.9259259259259259
accuracy:  0.8804597701149425
MCC:  0.7653569396629836
867
Training on 26000 samples...
Train epoch: 868 [0/26000 (0%)]	Loss: 0.014169
Train epoch: 868 [261480/26000 (38%)]	Loss: 0.008665
Train epoch: 868 [505800/26000 (77%)]	Loss: 0.015068
Make prediction for 870 samples...
epoch: 868
AUC: 0.9464500156060711
TPR:  0.8530066815144766
precision:  0.9387254901960784
accuracy:  0.8954022988505748
MCC:  0.79474551095864
868
Training on 26000 samples...
Train epoch: 869 [0/26000 (0%)]	Loss: 0.007993
Train epoch: 869 [275700/26000 (38%)]	Loss: 0.021561
Train epoch: 869 [500040/26000 (77%)]	Loss: 0.018425
Make prediction for 870 samples...
epoch: 869
AUC: 0.9486428008400827
TPR:  0.8329621380846325
precision:  0.9468354430379747
accuracy:  0.8896551724137931
MCC:  0.7860053438535143
869
Training on 26000 samples...
Train epoch: 870 [0/26000 (0%)]	Loss: 0.016298
Train epoch: 870 [265860/26000 (38%)]	Loss: 0.031102
Train epoch: 870 [502800/26000 (77%)]	Loss: 0.028209
Make prediction for 870 samples...
epoch: 870
AUC: 0.9417761295885816
TPR:  0.8195991091314031
precision:  0.9558441558441558
accuracy:  0.8873563218390804
MCC:  0.784011715281993
870
Training on 26000 samples...
Train epoch: 871 [0/26000 (0%)]	Loss: 0.032604
Train epoch: 871 [248240/26000 (38%)]	Loss: 0.037952
Train epoch: 871 [537520/26000 (77%)]	Loss: 0.031179
Make prediction for 870 samples...
epoch: 871
AUC: 0.9457014532161732
TPR:  0.8374164810690423
precision:  0.9494949494949495
accuracy:  0.8931034482758621
MCC:  0.7926936239555289
871
Training on 26000 samples...
Train epoch: 872 [0/26000 (0%)]	Loss: 0.027185
Train epoch: 872 [245360/26000 (38%)]	Loss: 0.017209
Train epoch: 872 [509240/26000 (77%)]	Loss: 0.011765
Make prediction for 870 samples...
epoch: 872
AUC: 0.9472223838670257
TPR:  0.8552338530066815
precision:  0.9230769230769231
accuracy:  0.8885057471264368
MCC:  0.7795646600533978
872
Training on 26000 samples...
Train epoch: 873 [0/26000 (0%)]	Loss: 0.026448
Train epoch: 873 [250420/26000 (38%)]	Loss: 0.016827
Train epoch: 873 [501640/26000 (77%)]	Loss: 0.020553
Make prediction for 870 samples...
epoch: 873
AUC: 0.9494125240042534
TPR:  0.8619153674832962
precision:  0.9325301204819277
accuracy:  0.896551724137931
MCC:  0.7958366030949541
873
Training on 26000 samples...
Train epoch: 874 [0/26000 (0%)]	Loss: 0.022732
Train epoch: 874 [258240/26000 (38%)]	Loss: 0.041941
Train epoch: 874 [511200/26000 (77%)]	Loss: 0.035433
Make prediction for 870 samples...
epoch: 874
AUC: 0.9424612096556614
TPR:  0.8641425389755011
precision:  0.91725768321513
accuracy:  0.8896551724137931
MCC:  0.780899745556179
874
Training on 26000 samples...
Train epoch: 875 [0/26000 (0%)]	Loss: 0.032678
Train epoch: 875 [254620/26000 (38%)]	Loss: 0.014942
Train epoch: 875 [509520/26000 (77%)]	Loss: 0.036614
Make prediction for 870 samples...
epoch: 875
AUC: 0.9466219468970369
TPR:  0.8351893095768375
precision:  0.9398496240601504
accuracy:  0.8873563218390804
MCC:  0.7804563176763406
875
Training on 26000 samples...
Train epoch: 876 [0/26000 (0%)]	Loss: 0.008421
Train epoch: 876 [261220/26000 (38%)]	Loss: 0.026933
Train epoch: 876 [519640/26000 (77%)]	Loss: 0.030601
Make prediction for 870 samples...
epoch: 876
AUC: 0.9470478074792756
TPR:  0.8374164810690423
precision:  0.9494949494949495
accuracy:  0.8931034482758621
MCC:  0.7926936239555289
876
Training on 26000 samples...
Train epoch: 877 [0/26000 (0%)]	Loss: 0.018773
Train epoch: 877 [274260/26000 (38%)]	Loss: 0.017752
Train epoch: 877 [505160/26000 (77%)]	Loss: 0.022717
Make prediction for 870 samples...
epoch: 877
AUC: 0.9465240783160256
TPR:  0.8507795100222717
precision:  0.9432098765432099
accuracy:  0.896551724137931
MCC:  0.7976343799354643
877
Training on 26000 samples...
Train epoch: 878 [0/26000 (0%)]	Loss: 0.027542
Train epoch: 878 [264140/26000 (38%)]	Loss: 0.017140
Train epoch: 878 [524400/26000 (77%)]	Loss: 0.026756
Make prediction for 870 samples...
epoch: 878
AUC: 0.9442281343074342
TPR:  0.8485523385300668
precision:  0.9384236453201971
accuracy:  0.8931034482758621
MCC:  0.7905197640199503
878
Training on 26000 samples...
Train epoch: 879 [0/26000 (0%)]	Loss: 0.037807
Train epoch: 879 [253300/26000 (38%)]	Loss: 0.015703
Train epoch: 879 [523880/26000 (77%)]	Loss: 0.011052
Make prediction for 870 samples...
epoch: 879
AUC: 0.9463415666379233
TPR:  0.8574610244988864
precision:  0.927710843373494
accuracy:  0.8919540229885058
MCC:  0.7866266952808793
879
Training on 26000 samples...
Train epoch: 880 [0/26000 (0%)]	Loss: 0.018872
Train epoch: 880 [255320/26000 (38%)]	Loss: 0.021754
Train epoch: 880 [528600/26000 (77%)]	Loss: 0.009068
Make prediction for 870 samples...
epoch: 880
AUC: 0.9431727406905819
TPR:  0.8619153674832962
precision:  0.937046004842615
accuracy:  0.8988505747126436
MCC:  0.8007678955692091
880
Training on 26000 samples...
Train epoch: 881 [0/26000 (0%)]	Loss: 0.012329
Train epoch: 881 [260440/26000 (38%)]	Loss: 0.022532
Train epoch: 881 [527720/26000 (77%)]	Loss: 0.014400
Make prediction for 870 samples...
epoch: 881
AUC: 0.9432229975294797
TPR:  0.8530066815144766
precision:  0.9433497536945813
accuracy:  0.8977011494252873
MCC:  0.7997404455598408
881
Training on 26000 samples...
Train epoch: 882 [0/26000 (0%)]	Loss: 0.018400
Train epoch: 882 [267700/26000 (38%)]	Loss: 0.009061
Train epoch: 882 [522400/26000 (77%)]	Loss: 0.036010
Make prediction for 870 samples...
epoch: 882
AUC: 0.9437070502409682
TPR:  0.8396436525612472
precision:  0.9592875318066157
accuracy:  0.8988505747126436
MCC:  0.80498453727902
882
Training on 26000 samples...
Train epoch: 883 [0/26000 (0%)]	Loss: 0.022105
Train epoch: 883 [256860/26000 (38%)]	Loss: 0.017887
Train epoch: 883 [526400/26000 (77%)]	Loss: 0.020268
Make prediction for 870 samples...
epoch: 883
AUC: 0.9484153225166508
TPR:  0.8708240534521158
precision:  0.9331742243436754
accuracy:  0.9011494252873563
MCC:  0.8044434198876799
883
Training on 26000 samples...
Train epoch: 884 [0/26000 (0%)]	Loss: 0.010767
Train epoch: 884 [267140/26000 (38%)]	Loss: 0.012994
Train epoch: 884 [510680/26000 (77%)]	Loss: 0.010993
Make prediction for 870 samples...
epoch: 884
AUC: 0.9494680710367193
TPR:  0.8663697104677061
precision:  0.9328537170263789
accuracy:  0.8988505747126436
MCC:  0.8001323455233684
884
Training on 26000 samples...
Train epoch: 885 [0/26000 (0%)]	Loss: 0.037837
Train epoch: 885 [267140/26000 (38%)]	Loss: 0.013808
Train epoch: 885 [519400/26000 (77%)]	Loss: 0.024367
Make prediction for 870 samples...
epoch: 885
AUC: 0.9475953425135826
TPR:  0.8574610244988864
precision:  0.941320293398533
accuracy:  0.8988505747126436
MCC:  0.8014721316688668
885
Training on 26000 samples...
Train epoch: 886 [0/26000 (0%)]	Loss: 0.020676
Train epoch: 886 [268240/26000 (38%)]	Loss: 0.019507
Train epoch: 886 [515360/26000 (77%)]	Loss: 0.022636
Make prediction for 870 samples...
epoch: 886
AUC: 0.9488570536795942
TPR:  0.8530066815144766
precision:  0.9318734793187348
accuracy:  0.8919540229885058
MCC:  0.7872901003098421
886
Training on 26000 samples...
Train epoch: 887 [0/26000 (0%)]	Loss: 0.017918
Train epoch: 887 [260260/26000 (38%)]	Loss: 0.014371
Train epoch: 887 [517040/26000 (77%)]	Loss: 0.028374
Make prediction for 870 samples...
epoch: 887
AUC: 0.9468785212850938
TPR:  0.8730512249443207
precision:  0.9053117782909931
accuracy:  0.8873563218390804
MCC:  0.77527042373742
887
Training on 26000 samples...
Train epoch: 888 [0/26000 (0%)]	Loss: 0.042918
Train epoch: 888 [268340/26000 (38%)]	Loss: 0.034701
Train epoch: 888 [514160/26000 (77%)]	Loss: 0.024136
Make prediction for 870 samples...
epoch: 888
AUC: 0.944913214374514
TPR:  0.8574610244988864
precision:  0.9210526315789473
accuracy:  0.8885057471264368
MCC:  0.7792679452224996
888
Training on 26000 samples...
Train epoch: 889 [0/26000 (0%)]	Loss: 0.013844
Train epoch: 889 [257960/26000 (38%)]	Loss: 0.036223
Train epoch: 889 [523800/26000 (77%)]	Loss: 0.033274
Make prediction for 870 samples...
epoch: 889
AUC: 0.9473890249644235
TPR:  0.8485523385300668
precision:  0.9477611940298507
accuracy:  0.8977011494252873
MCC:  0.8005643321288148
889
Training on 26000 samples...
Train epoch: 890 [0/26000 (0%)]	Loss: 0.027331
Train epoch: 890 [254880/26000 (38%)]	Loss: 0.020747
Train epoch: 890 [524280/26000 (77%)]	Loss: 0.014468
Make prediction for 870 samples...
epoch: 890
AUC: 0.9466669135423665
TPR:  0.8329621380846325
precision:  0.9468354430379747
accuracy:  0.8896551724137931
MCC:  0.7860053438535143
890
Training on 26000 samples...
Train epoch: 891 [0/26000 (0%)]	Loss: 0.018965
Train epoch: 891 [253780/26000 (38%)]	Loss: 0.015186
Train epoch: 891 [510960/26000 (77%)]	Loss: 0.024908
Make prediction for 870 samples...
epoch: 891
AUC: 0.9478043051595259
TPR:  0.8574610244988864
precision:  0.9390243902439024
accuracy:  0.8977011494252873
MCC:  0.7989857630018578
891
Training on 26000 samples...
Train epoch: 892 [0/26000 (0%)]	Loss: 0.033386
Train epoch: 892 [264300/26000 (38%)]	Loss: 0.012367
Train epoch: 892 [547520/26000 (77%)]	Loss: 0.055211
Make prediction for 870 samples...
epoch: 892
AUC: 0.9441831676621047
TPR:  0.8463251670378619
precision:  0.95
accuracy:  0.8977011494252873
MCC:  0.8010023758435986
892
Training on 26000 samples...
Train epoch: 893 [0/26000 (0%)]	Loss: 0.025629
Train epoch: 893 [258440/26000 (38%)]	Loss: 0.025517
Train epoch: 893 [528760/26000 (77%)]	Loss: 0.008696
Make prediction for 870 samples...
epoch: 893
AUC: 0.9464182744446621
TPR:  0.8596881959910914
precision:  0.9278846153846154
accuracy:  0.8931034482758621
MCC:  0.7887736169055385
893
Training on 26000 samples...
Train epoch: 894 [0/26000 (0%)]	Loss: 0.026620
Train epoch: 894 [264300/26000 (38%)]	Loss: 0.033095
Train epoch: 894 [513720/26000 (77%)]	Loss: 0.027606
Make prediction for 870 samples...
epoch: 894
AUC: 0.9488438281956737
TPR:  0.8485523385300668
precision:  0.9407407407407408
accuracy:  0.8942528735632184
MCC:  0.7930233170393957
894
Training on 26000 samples...
Train epoch: 895 [0/26000 (0%)]	Loss: 0.016158
Train epoch: 895 [264600/26000 (38%)]	Loss: 0.019826
Train epoch: 895 [519080/26000 (77%)]	Loss: 0.024178
Make prediction for 870 samples...
epoch: 895
AUC: 0.9484602891619804
TPR:  0.8596881959910914
precision:  0.9368932038834952
accuracy:  0.8977011494252873
MCC:  0.7986342371509341
895
Training on 26000 samples...
Train epoch: 896 [0/26000 (0%)]	Loss: 0.015857
Train epoch: 896 [265440/26000 (38%)]	Loss: 0.025400
Train epoch: 896 [516960/26000 (77%)]	Loss: 0.028075
Make prediction for 870 samples...
epoch: 896
AUC: 0.9489443418734692
TPR:  0.8463251670378619
precision:  0.9382716049382716
accuracy:  0.8919540229885058
MCC:  0.7884122541433269
896
Training on 26000 samples...
Train epoch: 897 [0/26000 (0%)]	Loss: 0.019064
Train epoch: 897 [246700/26000 (38%)]	Loss: 0.009651
Train epoch: 897 [520400/26000 (77%)]	Loss: 0.036217
Make prediction for 870 samples...
epoch: 897
AUC: 0.9492723338746965
TPR:  0.8485523385300668
precision:  0.9454094292803971
accuracy:  0.896551724137931
MCC:  0.7980455562691899
897
Training on 26000 samples...
Train epoch: 898 [0/26000 (0%)]	Loss: 0.019431
Train epoch: 898 [252600/26000 (38%)]	Loss: 0.019997
Train epoch: 898 [516520/26000 (77%)]	Loss: 0.019429
Make prediction for 870 samples...
epoch: 898
AUC: 0.9484920303233895
TPR:  0.8574610244988864
precision:  0.9367396593673966
accuracy:  0.896551724137931
MCC:  0.7965043033120358
898
Training on 26000 samples...
Train epoch: 899 [0/26000 (0%)]	Loss: 0.023215
Train epoch: 899 [267440/26000 (38%)]	Loss: 0.049543
Train epoch: 899 [519720/26000 (77%)]	Loss: 0.022210
Make prediction for 870 samples...
epoch: 899
AUC: 0.952300969692481
TPR:  0.8552338530066815
precision:  0.9481481481481482
accuracy:  0.9011494252873563
MCC:  0.8068565057276016
899
Training on 26000 samples...
Train epoch: 900 [0/26000 (0%)]	Loss: 0.018806
Train epoch: 900 [265720/26000 (38%)]	Loss: 0.016044
Train epoch: 900 [509760/26000 (77%)]	Loss: 0.027723
Make prediction for 870 samples...
epoch: 900
AUC: 0.9497537414894012
TPR:  0.8619153674832962
precision:  0.9393203883495146
accuracy:  0.9
MCC:  0.8032407648527566
900
Training on 26000 samples...
Train epoch: 901 [0/26000 (0%)]	Loss: 0.016736
Train epoch: 901 [254640/26000 (38%)]	Loss: 0.012846
Train epoch: 901 [525040/26000 (77%)]	Loss: 0.009219
Make prediction for 870 samples...
epoch: 901
AUC: 0.9491162731644351
TPR:  0.8507795100222717
precision:  0.9408866995073891
accuracy:  0.8954022988505748
MCC:  0.7951301047898955
901
Training on 26000 samples...
Train epoch: 902 [0/26000 (0%)]	Loss: 0.017567
Train epoch: 902 [251820/26000 (38%)]	Loss: 0.014089
Train epoch: 902 [508560/26000 (77%)]	Loss: 0.026996
Make prediction for 870 samples...
epoch: 902
AUC: 0.9490025340027192
TPR:  0.8463251670378619
precision:  0.9382716049382716
accuracy:  0.8919540229885058
MCC:  0.7884122541433269
902
Training on 26000 samples...
Train epoch: 903 [0/26000 (0%)]	Loss: 0.018416
Train epoch: 903 [256620/26000 (38%)]	Loss: 0.020348
Train epoch: 903 [518440/26000 (77%)]	Loss: 0.022524
Make prediction for 870 samples...
epoch: 903
AUC: 0.9490289849705601
TPR:  0.8307349665924276
precision:  0.9564102564102565
accuracy:  0.8931034482758621
MCC:  0.7942065360869651
903
Training on 26000 samples...
Train epoch: 904 [0/26000 (0%)]	Loss: 0.025169
Train epoch: 904 [256240/26000 (38%)]	Loss: 0.022743
Train epoch: 904 [512920/26000 (77%)]	Loss: 0.018747
Make prediction for 870 samples...
epoch: 904
AUC: 0.9475715366425257
TPR:  0.8485523385300668
precision:  0.9407407407407408
accuracy:  0.8942528735632184
MCC:  0.7930233170393957
904
Training on 26000 samples...
Train epoch: 905 [0/26000 (0%)]	Loss: 0.024441
Train epoch: 905 [263200/26000 (38%)]	Loss: 0.011032
Train epoch: 905 [519160/26000 (77%)]	Loss: 0.008784
Make prediction for 870 samples...
epoch: 905
AUC: 0.9471059996085257
TPR:  0.8507795100222717
precision:  0.9362745098039216
accuracy:  0.8931034482758621
MCC:  0.7901365400715863
905
Training on 26000 samples...
Train epoch: 906 [0/26000 (0%)]	Loss: 0.032863
Train epoch: 906 [250600/26000 (38%)]	Loss: 0.021616
Train epoch: 906 [514960/26000 (77%)]	Loss: 0.021181
Make prediction for 870 samples...
epoch: 906
AUC: 0.9440006559840024
TPR:  0.844097995545657
precision:  0.9381188118811881
accuracy:  0.8908045977011494
MCC:  0.7863082798463951
906
Training on 26000 samples...
Train epoch: 907 [0/26000 (0%)]	Loss: 0.027706
Train epoch: 907 [257280/26000 (38%)]	Loss: 0.011965
Train epoch: 907 [524160/26000 (77%)]	Loss: 0.011994
Make prediction for 870 samples...
epoch: 907
AUC: 0.9451248221172412
TPR:  0.8374164810690423
precision:  0.94
accuracy:  0.8885057471264368
MCC:  0.7825421886387263
907
Training on 26000 samples...
Train epoch: 908 [0/26000 (0%)]	Loss: 0.035598
Train epoch: 908 [260300/26000 (38%)]	Loss: 0.009535
Train epoch: 908 [523920/26000 (77%)]	Loss: 0.014150
Make prediction for 870 samples...
epoch: 908
AUC: 0.9435642150146273
TPR:  0.8418708240534521
precision:  0.9473684210526315
accuracy:  0.8942528735632184
MCC:  0.7943040731956524
908
Training on 26000 samples...
Train epoch: 909 [0/26000 (0%)]	Loss: 0.027806
Train epoch: 909 [266180/26000 (38%)]	Loss: 0.026732
Train epoch: 909 [525000/26000 (77%)]	Loss: 0.020115
Make prediction for 870 samples...
epoch: 909
AUC: 0.9423580508810817
TPR:  0.8307349665924276
precision:  0.951530612244898
accuracy:  0.8908045977011494
MCC:  0.7890619518958736
909
Training on 26000 samples...
Train epoch: 910 [0/26000 (0%)]	Loss: 0.022299
Train epoch: 910 [256920/26000 (38%)]	Loss: 0.012995
Train epoch: 910 [528560/26000 (77%)]	Loss: 0.014153
Make prediction for 870 samples...
epoch: 910
AUC: 0.947058387866412
TPR:  0.8552338530066815
precision:  0.9411764705882353
accuracy:  0.8977011494252873
MCC:  0.7993544818456937
910
Training on 26000 samples...
Train epoch: 911 [0/26000 (0%)]	Loss: 0.020774
Train epoch: 911 [270240/26000 (38%)]	Loss: 0.030013
Train epoch: 911 [530720/26000 (77%)]	Loss: 0.024797
Make prediction for 870 samples...
epoch: 911
AUC: 0.9462648588311846
TPR:  0.8351893095768375
precision:  0.9517766497461929
accuracy:  0.8931034482758621
MCC:  0.7931803991668763
911
Training on 26000 samples...
Train epoch: 912 [0/26000 (0%)]	Loss: 0.022424
Train epoch: 912 [253260/26000 (38%)]	Loss: 0.025605
Train epoch: 912 [500840/26000 (77%)]	Loss: 0.014769
Make prediction for 870 samples...
epoch: 912
AUC: 0.9484576440651963
TPR:  0.844097995545657
precision:  0.9451371571072319
accuracy:  0.8942528735632184
MCC:  0.7938598721535957
912
Training on 26000 samples...
Train epoch: 913 [0/26000 (0%)]	Loss: 0.022990
Train epoch: 913 [262560/26000 (38%)]	Loss: 0.010320
Train epoch: 913 [532120/26000 (77%)]	Loss: 0.019822
Make prediction for 870 samples...
epoch: 913
AUC: 0.9453020436017754
TPR:  0.8530066815144766
precision:  0.9318734793187348
accuracy:  0.8919540229885058
MCC:  0.7872901003098421
913
Training on 26000 samples...
Train epoch: 914 [0/26000 (0%)]	Loss: 0.016432
Train epoch: 914 [262620/26000 (38%)]	Loss: 0.012711
Train epoch: 914 [502600/26000 (77%)]	Loss: 0.021006
Make prediction for 870 samples...
epoch: 914
AUC: 0.9435113130789456
TPR:  0.8463251670378619
precision:  0.9245742092457421
accuracy:  0.8850574712643678
MCC:  0.7734687958065518
914
Training on 26000 samples...
Train epoch: 915 [0/26000 (0%)]	Loss: 0.020362
Train epoch: 915 [257080/26000 (38%)]	Loss: 0.020273
Train epoch: 915 [514760/26000 (77%)]	Loss: 0.016044
Make prediction for 870 samples...
epoch: 915
AUC: 0.9438445952737411
TPR:  0.8596881959910914
precision:  0.919047619047619
accuracy:  0.8885057471264368
MCC:  0.7789878577212489
915
Training on 26000 samples...
Train epoch: 916 [0/26000 (0%)]	Loss: 0.017729
Train epoch: 916 [258900/26000 (38%)]	Loss: 0.024082
Train epoch: 916 [520280/26000 (77%)]	Loss: 0.018871
Make prediction for 870 samples...
epoch: 916
AUC: 0.9455903591512413
TPR:  0.8596881959910914
precision:  0.9278846153846154
accuracy:  0.8931034482758621
MCC:  0.7887736169055385
916
Training on 26000 samples...
Train epoch: 917 [0/26000 (0%)]	Loss: 0.024184
Train epoch: 917 [250420/26000 (38%)]	Loss: 0.018025
Train epoch: 917 [541120/26000 (77%)]	Loss: 0.012482
Make prediction for 870 samples...
epoch: 917
AUC: 0.9465584645742188
TPR:  0.8507795100222717
precision:  0.9317073170731708
accuracy:  0.8908045977011494
MCC:  0.7851626631646919
917
Training on 26000 samples...
Train epoch: 918 [0/26000 (0%)]	Loss: 0.003952
Train epoch: 918 [270560/26000 (38%)]	Loss: 0.017853
Train epoch: 918 [511080/26000 (77%)]	Loss: 0.011494
Make prediction for 870 samples...
epoch: 918
AUC: 0.9440773637907411
TPR:  0.8752783964365256
precision:  0.8952164009111617
accuracy:  0.8827586206896552
MCC:  0.765650285780218
918
Training on 26000 samples...
Train epoch: 919 [0/26000 (0%)]	Loss: 0.031339
Train epoch: 919 [252260/26000 (38%)]	Loss: 0.039168
Train epoch: 919 [532040/26000 (77%)]	Loss: 0.026259
Make prediction for 870 samples...
epoch: 919
AUC: 0.9463600823154118
TPR:  0.8530066815144766
precision:  0.9318734793187348
accuracy:  0.8919540229885058
MCC:  0.7872901003098421
919
Training on 26000 samples...
Train epoch: 920 [0/26000 (0%)]	Loss: 0.026346
Train epoch: 920 [253460/26000 (38%)]	Loss: 0.014948
Train epoch: 920 [500880/26000 (77%)]	Loss: 0.032987
Make prediction for 870 samples...
epoch: 920
AUC: 0.9483253892259917
TPR:  0.8507795100222717
precision:  0.9385749385749386
accuracy:  0.8942528735632184
MCC:  0.7926308395520176
920
Training on 26000 samples...
Train epoch: 921 [0/26000 (0%)]	Loss: 0.012837
Train epoch: 921 [263480/26000 (38%)]	Loss: 0.025931
Train epoch: 921 [521360/26000 (77%)]	Loss: 0.017838
Make prediction for 870 samples...
epoch: 921
AUC: 0.947288511286628
TPR:  0.8507795100222717
precision:  0.9362745098039216
accuracy:  0.8931034482758621
MCC:  0.7901365400715863
921
Training on 26000 samples...
Train epoch: 922 [0/26000 (0%)]	Loss: 0.023727
Train epoch: 922 [260600/26000 (38%)]	Loss: 0.023732
Train epoch: 922 [505760/26000 (77%)]	Loss: 0.017629
Make prediction for 870 samples...
epoch: 922
AUC: 0.9490131143898555
TPR:  0.8552338530066815
precision:  0.9365853658536586
accuracy:  0.8954022988505748
MCC:  0.7943780630561358
922
Training on 26000 samples...
Train epoch: 923 [0/26000 (0%)]	Loss: 0.030310
Train epoch: 923 [261280/26000 (38%)]	Loss: 0.033564
Train epoch: 923 [500480/26000 (77%)]	Loss: 0.020607
Make prediction for 870 samples...
epoch: 923
AUC: 0.9448946986970255
TPR:  0.8374164810690423
precision:  0.9330024813895782
accuracy:  0.8850574712643678
MCC:  0.774982647811539
923
Training on 26000 samples...
Train epoch: 924 [0/26000 (0%)]	Loss: 0.023576
Train epoch: 924 [268700/26000 (38%)]	Loss: 0.018749
Train epoch: 924 [518160/26000 (77%)]	Loss: 0.022111
Make prediction for 870 samples...
epoch: 924
AUC: 0.9499071571028783
TPR:  0.8685968819599109
precision:  0.9219858156028369
accuracy:  0.8942528735632184
MCC:  0.7901034165326393
924
Training on 26000 samples...
Train epoch: 925 [0/26000 (0%)]	Loss: 0.009925
Train epoch: 925 [255780/26000 (38%)]	Loss: 0.016802
Train epoch: 925 [535040/26000 (77%)]	Loss: 0.030544
Make prediction for 870 samples...
epoch: 925
AUC: 0.9477831443852531
TPR:  0.8485523385300668
precision:  0.9407407407407408
accuracy:  0.8942528735632184
MCC:  0.7930233170393957
925
Training on 26000 samples...
Train epoch: 926 [0/26000 (0%)]	Loss: 0.019356
Train epoch: 926 [253080/26000 (38%)]	Loss: 0.015843
Train epoch: 926 [528560/26000 (77%)]	Loss: 0.011904
Make prediction for 870 samples...
epoch: 926
AUC: 0.9494442651656626
TPR:  0.8708240534521158
precision:  0.9331742243436754
accuracy:  0.9011494252873563
MCC:  0.8044434198876799
926
Training on 26000 samples...
Train epoch: 927 [0/26000 (0%)]	Loss: 0.019506
Train epoch: 927 [272140/26000 (38%)]	Loss: 0.042545
Train epoch: 927 [493320/26000 (77%)]	Loss: 0.010805
Make prediction for 870 samples...
epoch: 927
AUC: 0.9488200223246169
TPR:  0.8485523385300668
precision:  0.9454094292803971
accuracy:  0.896551724137931
MCC:  0.7980455562691899
927
Training on 26000 samples...
Train epoch: 928 [0/26000 (0%)]	Loss: 0.016192
Train epoch: 928 [260700/26000 (38%)]	Loss: 0.024231
Train epoch: 928 [532520/26000 (77%)]	Loss: 0.019586
Make prediction for 870 samples...
epoch: 928
AUC: 0.9480026874183326
TPR:  0.8463251670378619
precision:  0.945273631840796
accuracy:  0.8954022988505748
MCC:  0.7959509536947206
928
Training on 26000 samples...
Train epoch: 929 [0/26000 (0%)]	Loss: 0.029414
Train epoch: 929 [254340/26000 (38%)]	Loss: 0.026097
Train epoch: 929 [507520/26000 (77%)]	Loss: 0.017400
Make prediction for 870 samples...
epoch: 929
AUC: 0.9467198154780484
TPR:  0.8530066815144766
precision:  0.9341463414634147
accuracy:  0.8931034482758621
MCC:  0.7897703631104138
929
Training on 26000 samples...
Train epoch: 930 [0/26000 (0%)]	Loss: 0.023234
Train epoch: 930 [255080/26000 (38%)]	Loss: 0.013881
Train epoch: 930 [533920/26000 (77%)]	Loss: 0.012634
Make prediction for 870 samples...
epoch: 930
AUC: 0.9465902057356278
TPR:  0.8485523385300668
precision:  0.9407407407407408
accuracy:  0.8942528735632184
MCC:  0.7930233170393957
930
Training on 26000 samples...
Train epoch: 931 [0/26000 (0%)]	Loss: 0.032547
Train epoch: 931 [255000/26000 (38%)]	Loss: 0.018866
Train epoch: 931 [524400/26000 (77%)]	Loss: 0.008098
Make prediction for 870 samples...
epoch: 931
AUC: 0.9480767501282872
TPR:  0.8485523385300668
precision:  0.9247572815533981
accuracy:  0.8862068965517241
MCC:  0.7756015986418209
931
Training on 26000 samples...
Train epoch: 932 [0/26000 (0%)]	Loss: 0.020181
Train epoch: 932 [263300/26000 (38%)]	Loss: 0.030081
Train epoch: 932 [506720/26000 (77%)]	Loss: 0.016635
Make prediction for 870 samples...
epoch: 932
AUC: 0.9481375873543213
TPR:  0.8552338530066815
precision:  0.9411764705882353
accuracy:  0.8977011494252873
MCC:  0.7993544818456937
932
Training on 26000 samples...
Train epoch: 933 [0/26000 (0%)]	Loss: 0.019999
Train epoch: 933 [274480/26000 (38%)]	Loss: 0.045087
Train epoch: 933 [517880/26000 (77%)]	Loss: 0.028397
Make prediction for 870 samples...
epoch: 933
AUC: 0.9479180443212418
TPR:  0.8507795100222717
precision:  0.9317073170731708
accuracy:  0.8908045977011494
MCC:  0.7851626631646919
933
Training on 26000 samples...
Train epoch: 934 [0/26000 (0%)]	Loss: 0.011054
Train epoch: 934 [254580/26000 (38%)]	Loss: 0.015159
Train epoch: 934 [530200/26000 (77%)]	Loss: 0.011674
Make prediction for 870 samples...
epoch: 934
AUC: 0.9493728475524921
TPR:  0.8463251670378619
precision:  0.9336609336609336
accuracy:  0.8896551724137931
MCC:  0.7834115526624376
934
Training on 26000 samples...
Train epoch: 935 [0/26000 (0%)]	Loss: 0.024775
Train epoch: 935 [257040/26000 (38%)]	Loss: 0.015103
Train epoch: 935 [525520/26000 (77%)]	Loss: 0.020132
Make prediction for 870 samples...
epoch: 935
AUC: 0.9442096186299458
TPR:  0.8173719376391982
precision:  0.9557291666666666
accuracy:  0.8862068965517241
MCC:  0.7819823620537392
935
Training on 26000 samples...
Train epoch: 936 [0/26000 (0%)]	Loss: 0.021839
Train epoch: 936 [254760/26000 (38%)]	Loss: 0.015952
Train epoch: 936 [529840/26000 (77%)]	Loss: 0.023252
Make prediction for 870 samples...
epoch: 936
AUC: 0.9506160430410149
TPR:  0.8485523385300668
precision:  0.9454094292803971
accuracy:  0.896551724137931
MCC:  0.7980455562691899
936
Training on 26000 samples...
Train epoch: 937 [0/26000 (0%)]	Loss: 0.016156
Train epoch: 937 [252480/26000 (38%)]	Loss: 0.024361
Train epoch: 937 [496600/26000 (77%)]	Loss: 0.014397
Make prediction for 870 samples...
epoch: 937
AUC: 0.9468626507043894
TPR:  0.844097995545657
precision:  0.9358024691358025
accuracy:  0.8896551724137931
MCC:  0.7838011912472583
937
Training on 26000 samples...
Train epoch: 938 [0/26000 (0%)]	Loss: 0.031979
Train epoch: 938 [255820/26000 (38%)]	Loss: 0.014420
Train epoch: 938 [505040/26000 (77%)]	Loss: 0.017737
Make prediction for 870 samples...
epoch: 938
AUC: 0.9479365599987303
TPR:  0.8507795100222717
precision:  0.9362745098039216
accuracy:  0.8931034482758621
MCC:  0.7901365400715863
938
Training on 26000 samples...
Train epoch: 939 [0/26000 (0%)]	Loss: 0.013641
Train epoch: 939 [265600/26000 (38%)]	Loss: 0.024922
Train epoch: 939 [501480/26000 (77%)]	Loss: 0.021852
Make prediction for 870 samples...
epoch: 939
AUC: 0.9500288315549466
TPR:  0.8574610244988864
precision:  0.9299516908212561
accuracy:  0.8931034482758621
MCC:  0.7890889479271961
939
Training on 26000 samples...
Train epoch: 940 [0/26000 (0%)]	Loss: 0.019852
Train epoch: 940 [262740/26000 (38%)]	Loss: 0.023805
Train epoch: 940 [530080/26000 (77%)]	Loss: 0.033412
Make prediction for 870 samples...
epoch: 940
AUC: 0.9476799856106735
TPR:  0.8463251670378619
precision:  0.9547738693467337
accuracy:  0.9
MCC:  0.8060747214917297
940
Training on 26000 samples...
Train epoch: 941 [0/26000 (0%)]	Loss: 0.021325
Train epoch: 941 [257120/26000 (38%)]	Loss: 0.049783
Train epoch: 941 [506520/26000 (77%)]	Loss: 0.024428
Make prediction for 870 samples...
epoch: 941
AUC: 0.9510657094943105
TPR:  0.8418708240534521
precision:  0.949748743718593
accuracy:  0.8954022988505748
MCC:  0.7968410909278275
941
Training on 26000 samples...
Train epoch: 942 [0/26000 (0%)]	Loss: 0.056978
Train epoch: 942 [259240/26000 (38%)]	Loss: 0.017456
Train epoch: 942 [528000/26000 (77%)]	Loss: 0.024970
Make prediction for 870 samples...
epoch: 942
AUC: 0.9461035079273552
TPR:  0.8552338530066815
precision:  0.9388753056234719
accuracy:  0.896551724137931
MCC:  0.7968638086044627
942
Training on 26000 samples...
Train epoch: 943 [0/26000 (0%)]	Loss: 0.017742
Train epoch: 943 [266520/26000 (38%)]	Loss: 0.021535
Train epoch: 943 [516600/26000 (77%)]	Loss: 0.017525
Make prediction for 870 samples...
epoch: 943
AUC: 0.9430219701738887
TPR:  0.844097995545657
precision:  0.9427860696517413
accuracy:  0.8931034482758621
MCC:  0.7913375752606264
943
Training on 26000 samples...
Train epoch: 944 [0/26000 (0%)]	Loss: 0.023985
Train epoch: 944 [258440/26000 (38%)]	Loss: 0.021506
Train epoch: 944 [523160/26000 (77%)]	Loss: 0.007753
Make prediction for 870 samples...
epoch: 944
AUC: 0.9462331176697755
TPR:  0.8351893095768375
precision:  0.9493670886075949
accuracy:  0.8919540229885058
MCC:  0.7906250003247357
944
Training on 26000 samples...
Train epoch: 945 [0/26000 (0%)]	Loss: 0.016660
Train epoch: 945 [252900/26000 (38%)]	Loss: 0.017312
Train epoch: 945 [503040/26000 (77%)]	Loss: 0.024814
Make prediction for 870 samples...
epoch: 945
AUC: 0.9378693216384787
TPR:  0.8396436525612472
precision:  0.9262899262899262
accuracy:  0.8827586206896552
MCC:  0.7695826223280675
945
Training on 26000 samples...
Train epoch: 946 [0/26000 (0%)]	Loss: 0.012361
Train epoch: 946 [262260/26000 (38%)]	Loss: 0.026088
Train epoch: 946 [525120/26000 (77%)]	Loss: 0.035335
Make prediction for 870 samples...
epoch: 946
AUC: 0.941583037523343
TPR:  0.8418708240534521
precision:  0.9310344827586207
accuracy:  0.8862068965517241
MCC:  0.7766887417101145
946
Training on 26000 samples...
Train epoch: 947 [0/26000 (0%)]	Loss: 0.025850
Train epoch: 947 [264660/26000 (38%)]	Loss: 0.030481
Train epoch: 947 [525040/26000 (77%)]	Loss: 0.015731
Make prediction for 870 samples...
epoch: 947
AUC: 0.9407868633913314
TPR:  0.8530066815144766
precision:  0.9318734793187348
accuracy:  0.8919540229885058
MCC:  0.7872901003098421
947
Training on 26000 samples...
Train epoch: 948 [0/26000 (0%)]	Loss: 0.028462
Train epoch: 948 [259640/26000 (38%)]	Loss: 0.017620
Train epoch: 948 [534600/26000 (77%)]	Loss: 0.015878
Make prediction for 870 samples...
epoch: 948
AUC: 0.9448867634066731
TPR:  0.8552338530066815
precision:  0.9388753056234719
accuracy:  0.896551724137931
MCC:  0.7968638086044627
948
Training on 26000 samples...
Train epoch: 949 [0/26000 (0%)]	Loss: 0.023561
Train epoch: 949 [250080/26000 (38%)]	Loss: 0.020816
Train epoch: 949 [540120/26000 (77%)]	Loss: 0.015800
Make prediction for 870 samples...
epoch: 949
AUC: 0.9422628273968544
TPR:  0.8596881959910914
precision:  0.9234449760765551
accuracy:  0.8908045977011494
MCC:  0.7838715462243709
949
Training on 26000 samples...
Train epoch: 950 [0/26000 (0%)]	Loss: 0.012427
Train epoch: 950 [246240/26000 (38%)]	Loss: 0.020686
Train epoch: 950 [529080/26000 (77%)]	Loss: 0.027536
Make prediction for 870 samples...
epoch: 950
AUC: 0.9422839881711272
TPR:  0.8708240534521158
precision:  0.9156908665105387
accuracy:  0.8919540229885058
MCC:  0.7850393137951761
950
Training on 26000 samples...
Train epoch: 951 [0/26000 (0%)]	Loss: 0.004088
Train epoch: 951 [252740/26000 (38%)]	Loss: 0.026664
Train epoch: 951 [518640/26000 (77%)]	Loss: 0.034402
Make prediction for 870 samples...
epoch: 951
AUC: 0.9417417433303884
TPR:  0.844097995545657
precision:  0.9312039312039312
accuracy:  0.8873563218390804
MCC:  0.7788019092176476
951
Training on 26000 samples...
Train epoch: 952 [0/26000 (0%)]	Loss: 0.029240
Train epoch: 952 [243420/26000 (38%)]	Loss: 0.010296
Train epoch: 952 [531920/26000 (77%)]	Loss: 0.039124
Make prediction for 870 samples...
epoch: 952
AUC: 0.9421411529447863
TPR:  0.8485523385300668
precision:  0.9225181598062954
accuracy:  0.8850574712643678
MCC:  0.7731320244468428
952
Training on 26000 samples...
Train epoch: 953 [0/26000 (0%)]	Loss: 0.020152
Train epoch: 953 [256720/26000 (38%)]	Loss: 0.021673
Train epoch: 953 [520440/26000 (77%)]	Loss: 0.020365
Make prediction for 870 samples...
epoch: 953
AUC: 0.9470478074792756
TPR:  0.8685968819599109
precision:  0.9112149532710281
accuracy:  0.8885057471264368
MCC:  0.7780331360683416
953
Training on 26000 samples...
Train epoch: 954 [0/26000 (0%)]	Loss: 0.011713
Train epoch: 954 [258280/26000 (38%)]	Loss: 0.029096
Train epoch: 954 [521360/26000 (77%)]	Loss: 0.026480
Make prediction for 870 samples...
epoch: 954
AUC: 0.9453866866988663
TPR:  0.8641425389755011
precision:  0.9260143198090692
accuracy:  0.8942528735632184
MCC:  0.7906338228375359
954
Training on 26000 samples...
Train epoch: 955 [0/26000 (0%)]	Loss: 0.016450
Train epoch: 955 [264040/26000 (38%)]	Loss: 0.011117
Train epoch: 955 [513720/26000 (77%)]	Loss: 0.031436
Make prediction for 870 samples...
epoch: 955
AUC: 0.9432177073359115
TPR:  0.8552338530066815
precision:  0.9365853658536586
accuracy:  0.8954022988505748
MCC:  0.7943780630561358
955
Training on 26000 samples...
Train epoch: 956 [0/26000 (0%)]	Loss: 0.021114
Train epoch: 956 [255420/26000 (38%)]	Loss: 0.018138
Train epoch: 956 [506880/26000 (77%)]	Loss: 0.024165
Make prediction for 870 samples...
epoch: 956
AUC: 0.9442096186299457
TPR:  0.8396436525612472
precision:  0.9472361809045227
accuracy:  0.8931034482758621
MCC:  0.7922242756458764
956
Training on 26000 samples...
Train epoch: 957 [0/26000 (0%)]	Loss: 0.021512
Train epoch: 957 [260360/26000 (38%)]	Loss: 0.022238
Train epoch: 957 [536760/26000 (77%)]	Loss: 0.020887
Make prediction for 870 samples...
epoch: 957
AUC: 0.9426384311401954
TPR:  0.8240534521158129
precision:  0.9487179487179487
accuracy:  0.8862068965517241
MCC:  0.7803318435890604
957
Training on 26000 samples...
Train epoch: 958 [0/26000 (0%)]	Loss: 0.031262
Train epoch: 958 [251800/26000 (38%)]	Loss: 0.020357
Train epoch: 958 [525360/26000 (77%)]	Loss: 0.017282
Make prediction for 870 samples...
epoch: 958
AUC: 0.9409931809404906
TPR:  0.8374164810690423
precision:  0.928395061728395
accuracy:  0.8827586206896552
MCC:  0.7699680025590523
958
Training on 26000 samples...
Train epoch: 959 [0/26000 (0%)]	Loss: 0.030362
Train epoch: 959 [259820/26000 (38%)]	Loss: 0.027527
Train epoch: 959 [533600/26000 (77%)]	Loss: 0.021119
Make prediction for 870 samples...
epoch: 959
AUC: 0.9426384311401955
TPR:  0.8552338530066815
precision:  0.9142857142857143
accuracy:  0.8839080459770114
MCC:  0.769782214740843
959
Training on 26000 samples...
Train epoch: 960 [0/26000 (0%)]	Loss: 0.018592
Train epoch: 960 [251360/26000 (38%)]	Loss: 0.013812
Train epoch: 960 [529160/26000 (77%)]	Loss: 0.014331
Make prediction for 870 samples...
epoch: 960
AUC: 0.9438393050801729
TPR:  0.8819599109131403
precision:  0.8979591836734694
accuracy:  0.8873563218390804
MCC:  0.7747437356751619
960
Training on 26000 samples...
Train epoch: 961 [0/26000 (0%)]	Loss: 0.042026
Train epoch: 961 [260020/26000 (38%)]	Loss: 0.019132
Train epoch: 961 [512640/26000 (77%)]	Loss: 0.013001
Make prediction for 870 samples...
epoch: 961
AUC: 0.9448391516645596
TPR:  0.8396436525612472
precision:  0.921760391198044
accuracy:  0.8804597701149425
MCC:  0.7646055471536343
961
Training on 26000 samples...
Train epoch: 962 [0/26000 (0%)]	Loss: 0.019017
Train epoch: 962 [258720/26000 (38%)]	Loss: 0.017176
Train epoch: 962 [522200/26000 (77%)]	Loss: 0.020333
Make prediction for 870 samples...
epoch: 962
AUC: 0.9455401023123436
TPR:  0.8396436525612472
precision:  0.940149625935162
accuracy:  0.8896551724137931
MCC:  0.7846314719054195
962
Training on 26000 samples...
Train epoch: 963 [0/26000 (0%)]	Loss: 0.009342
Train epoch: 963 [252840/26000 (38%)]	Loss: 0.024246
Train epoch: 963 [516440/26000 (77%)]	Loss: 0.018379
Make prediction for 870 samples...
epoch: 963
AUC: 0.944188457855673
TPR:  0.844097995545657
precision:  0.9312039312039312
accuracy:  0.8873563218390804
MCC:  0.7788019092176476
963
Training on 26000 samples...
Train epoch: 964 [0/26000 (0%)]	Loss: 0.029646
Train epoch: 964 [246060/26000 (38%)]	Loss: 0.022744
Train epoch: 964 [510600/26000 (77%)]	Loss: 0.014487
Make prediction for 870 samples...
epoch: 964
AUC: 0.9471033545117415
TPR:  0.8195991091314031
precision:  0.9460154241645244
accuracy:  0.8827586206896552
MCC:  0.7736569854642765
964
Training on 26000 samples...
Train epoch: 965 [0/26000 (0%)]	Loss: 0.028613
Train epoch: 965 [260360/26000 (38%)]	Loss: 0.013298
Train epoch: 965 [500520/26000 (77%)]	Loss: 0.014398
Make prediction for 870 samples...
epoch: 965
AUC: 0.9433367366911956
TPR:  0.8285077951002228
precision:  0.9370277078085643
accuracy:  0.8827586206896552
MCC:  0.7716769587501167
965
Training on 26000 samples...
Train epoch: 966 [0/26000 (0%)]	Loss: 0.027171
Train epoch: 966 [270500/26000 (38%)]	Loss: 0.028456
Train epoch: 966 [509040/26000 (77%)]	Loss: 0.027933
Make prediction for 870 samples...
epoch: 966
AUC: 0.948129652063969
TPR:  0.8396436525612472
precision:  0.9354838709677419
accuracy:  0.8873563218390804
MCC:  0.7795952295030693
966
Training on 26000 samples...
Train epoch: 967 [0/26000 (0%)]	Loss: 0.024913
Train epoch: 967 [256660/26000 (38%)]	Loss: 0.006192
Train epoch: 967 [502600/26000 (77%)]	Loss: 0.022441
Make prediction for 870 samples...
epoch: 967
AUC: 0.947084838834253
TPR:  0.8663697104677061
precision:  0.9328537170263789
accuracy:  0.8988505747126436
MCC:  0.8001323455233684
967
Training on 26000 samples...
Train epoch: 968 [0/26000 (0%)]	Loss: 0.021644
Train epoch: 968 [269220/26000 (38%)]	Loss: 0.022652
Train epoch: 968 [518040/26000 (77%)]	Loss: 0.028256
Make prediction for 870 samples...
epoch: 968
AUC: 0.9498859963286056
TPR:  0.8552338530066815
precision:  0.9458128078817734
accuracy:  0.9
MCC:  0.8043507863297861
968
Training on 26000 samples...
Train epoch: 969 [0/26000 (0%)]	Loss: 0.022664
Train epoch: 969 [254180/26000 (38%)]	Loss: 0.022471
Train epoch: 969 [514760/26000 (77%)]	Loss: 0.019000
Make prediction for 870 samples...
epoch: 969
AUC: 0.9467251056716165
TPR:  0.8507795100222717
precision:  0.9478908188585607
accuracy:  0.8988505747126436
MCC:  0.80265813796072
969
Training on 26000 samples...
Train epoch: 970 [0/26000 (0%)]	Loss: 0.038626
Train epoch: 970 [256480/26000 (38%)]	Loss: 0.018316
Train epoch: 970 [503040/26000 (77%)]	Loss: 0.021045
Make prediction for 870 samples...
epoch: 970
AUC: 0.9462489882504801
TPR:  0.8530066815144766
precision:  0.9387254901960784
accuracy:  0.8954022988505748
MCC:  0.79474551095864
970
Training on 26000 samples...
Train epoch: 971 [0/26000 (0%)]	Loss: 0.013077
Train epoch: 971 [260480/26000 (38%)]	Loss: 0.025502
Train epoch: 971 [530040/26000 (77%)]	Loss: 0.014865
Make prediction for 870 samples...
epoch: 971
AUC: 0.9477778541916848
TPR:  0.8351893095768375
precision:  0.946969696969697
accuracy:  0.8908045977011494
MCC:  0.7880749397365483
971
Training on 26000 samples...
Train epoch: 972 [0/26000 (0%)]	Loss: 0.012051
Train epoch: 972 [252480/26000 (38%)]	Loss: 0.022401
Train epoch: 972 [507480/26000 (77%)]	Loss: 0.021364
Make prediction for 870 samples...
epoch: 972
AUC: 0.9494495553592306
TPR:  0.8351893095768375
precision:  0.9445843828715366
accuracy:  0.8896551724137931
MCC:  0.7855301702637858
972
Training on 26000 samples...
Train epoch: 973 [0/26000 (0%)]	Loss: 0.028034
Train epoch: 973 [255060/26000 (38%)]	Loss: 0.025370
Train epoch: 973 [522520/26000 (77%)]	Loss: 0.013258
Make prediction for 870 samples...
epoch: 973
AUC: 0.9455004258605822
TPR:  0.844097995545657
precision:  0.9451371571072319
accuracy:  0.8942528735632184
MCC:  0.7938598721535957
973
Training on 26000 samples...
Train epoch: 974 [0/26000 (0%)]	Loss: 0.020120
Train epoch: 974 [265860/26000 (38%)]	Loss: 0.021765
Train epoch: 974 [538800/26000 (77%)]	Loss: 0.033506
Make prediction for 870 samples...
epoch: 974
AUC: 0.9469287781239916
TPR:  0.8507795100222717
precision:  0.9455445544554455
accuracy:  0.8977011494252873
MCC:  0.8001437094201885
974
Training on 26000 samples...
Train epoch: 975 [0/26000 (0%)]	Loss: 0.011543
Train epoch: 975 [261280/26000 (38%)]	Loss: 0.015459
Train epoch: 975 [515640/26000 (77%)]	Loss: 0.013974
Make prediction for 870 samples...
epoch: 975
AUC: 0.9504414666532649
TPR:  0.8530066815144766
precision:  0.9318734793187348
accuracy:  0.8919540229885058
MCC:  0.7872901003098421
975
Training on 26000 samples...
Train epoch: 976 [0/26000 (0%)]	Loss: 0.010233
Train epoch: 976 [264580/26000 (38%)]	Loss: 0.019402
Train epoch: 976 [523760/26000 (77%)]	Loss: 0.018193
Make prediction for 870 samples...
epoch: 976
AUC: 0.9479259796115941
TPR:  0.8418708240534521
precision:  0.9473684210526315
accuracy:  0.8942528735632184
MCC:  0.7943040731956524
976
Training on 26000 samples...
Train epoch: 977 [0/26000 (0%)]	Loss: 0.033566
Train epoch: 977 [268920/26000 (38%)]	Loss: 0.032943
Train epoch: 977 [528640/26000 (77%)]	Loss: 0.022338
Make prediction for 870 samples...
epoch: 977
AUC: 0.9508461664612309
TPR:  0.8463251670378619
precision:  0.9620253164556962
accuracy:  0.903448275862069
MCC:  0.813723282680843
977
Training on 26000 samples...
Train epoch: 978 [0/26000 (0%)]	Loss: 0.014177
Train epoch: 978 [273940/26000 (38%)]	Loss: 0.028840
Train epoch: 978 [528400/26000 (77%)]	Loss: 0.006735
Make prediction for 870 samples...
epoch: 978
AUC: 0.9470266467050029
TPR:  0.8463251670378619
precision:  0.9571788413098237
accuracy:  0.9011494252873563
MCC:  0.8086188561199008
978
Training on 26000 samples...
Train epoch: 979 [0/26000 (0%)]	Loss: 0.030317
Train epoch: 979 [251760/26000 (38%)]	Loss: 0.018734
Train epoch: 979 [527320/26000 (77%)]	Loss: 0.017966
Make prediction for 870 samples...
epoch: 979
AUC: 0.9471403858667189
TPR:  0.8552338530066815
precision:  0.927536231884058
accuracy:  0.8908045977011494
MCC:  0.784483493996692
979
Training on 26000 samples...
Train epoch: 980 [0/26000 (0%)]	Loss: 0.015966
Train epoch: 980 [264700/26000 (38%)]	Loss: 0.016584
Train epoch: 980 [511680/26000 (77%)]	Loss: 0.022556
Make prediction for 870 samples...
epoch: 980
AUC: 0.9496188415534124
TPR:  0.8574610244988864
precision:  0.9390243902439024
accuracy:  0.8977011494252873
MCC:  0.7989857630018578
980
Training on 26000 samples...
Train epoch: 981 [0/26000 (0%)]	Loss: 0.011913
Train epoch: 981 [278280/26000 (38%)]	Loss: 0.036326
Train epoch: 981 [518760/26000 (77%)]	Loss: 0.016294
Make prediction for 870 samples...
epoch: 981
AUC: 0.9485846087108327
TPR:  0.8574610244988864
precision:  0.9322033898305084
accuracy:  0.8942528735632184
MCC:  0.7915559385284204
981
Training on 26000 samples...
Train epoch: 982 [0/26000 (0%)]	Loss: 0.032650
Train epoch: 982 [261360/26000 (38%)]	Loss: 0.015775
Train epoch: 982 [527760/26000 (77%)]	Loss: 0.021611
Make prediction for 870 samples...
epoch: 982
AUC: 0.9459051256685482
TPR:  0.8530066815144766
precision:  0.9387254901960784
accuracy:  0.8954022988505748
MCC:  0.79474551095864
982
Training on 26000 samples...
Train epoch: 983 [0/26000 (0%)]	Loss: 0.005485
Train epoch: 983 [268920/26000 (38%)]	Loss: 0.028414
Train epoch: 983 [534920/26000 (77%)]	Loss: 0.011153
Make prediction for 870 samples...
epoch: 983
AUC: 0.9472673505123552
TPR:  0.8619153674832962
precision:  0.9508599508599509
accuracy:  0.9057471264367816
MCC:  0.8156790567759679
983
Training on 26000 samples...
Train epoch: 984 [0/26000 (0%)]	Loss: 0.028223
Train epoch: 984 [258040/26000 (38%)]	Loss: 0.008420
Train epoch: 984 [517320/26000 (77%)]	Loss: 0.012057
Make prediction for 870 samples...
epoch: 984
AUC: 0.9485713832269123
TPR:  0.8641425389755011
precision:  0.9349397590361446
accuracy:  0.8988505747126436
MCC:  0.8004415570019915
984
Training on 26000 samples...
Train epoch: 985 [0/26000 (0%)]	Loss: 0.032009
Train epoch: 985 [272060/26000 (38%)]	Loss: 0.022228
Train epoch: 985 [514400/26000 (77%)]	Loss: 0.009938
Make prediction for 870 samples...
epoch: 985
AUC: 0.9489443418734691
TPR:  0.8663697104677061
precision:  0.9350961538461539
accuracy:  0.9
MCC:  0.8025870521837495
985
Training on 26000 samples...
Train epoch: 986 [0/26000 (0%)]	Loss: 0.023572
Train epoch: 986 [252740/26000 (38%)]	Loss: 0.015661
Train epoch: 986 [509080/26000 (77%)]	Loss: 0.022386
Make prediction for 870 samples...
epoch: 986
AUC: 0.950184892265208
TPR:  0.8641425389755011
precision:  0.941747572815534
accuracy:  0.9022988505747126
MCC:  0.8078472925545793
986
Training on 26000 samples...
Train epoch: 987 [0/26000 (0%)]	Loss: 0.014191
Train epoch: 987 [259020/26000 (38%)]	Loss: 0.021416
Train epoch: 987 [556720/26000 (77%)]	Loss: 0.044544
Make prediction for 870 samples...
epoch: 987
AUC: 0.9483835813552418
TPR:  0.8619153674832962
precision:  0.9236276849642004
accuracy:  0.8919540229885058
MCC:  0.7860306238208212
987
Training on 26000 samples...
Train epoch: 988 [0/26000 (0%)]	Loss: 0.025997
Train epoch: 988 [262460/26000 (38%)]	Loss: 0.027109
Train epoch: 988 [522480/26000 (77%)]	Loss: 0.017573
Make prediction for 870 samples...
epoch: 988
AUC: 0.9477434679334916
TPR:  0.8418708240534521
precision:  0.9521410579345088
accuracy:  0.896551724137931
MCC:  0.7993833817774548
988
Training on 26000 samples...
Train epoch: 989 [0/26000 (0%)]	Loss: 0.014306
Train epoch: 989 [255180/26000 (38%)]	Loss: 0.024241
Train epoch: 989 [527240/26000 (77%)]	Loss: 0.011407
Make prediction for 870 samples...
epoch: 989
AUC: 0.9452941083114231
TPR:  0.8507795100222717
precision:  0.9526184538653366
accuracy:  0.9011494252873563
MCC:  0.8077024725258599
989
Training on 26000 samples...
Train epoch: 990 [0/26000 (0%)]	Loss: 0.015953
Train epoch: 990 [258880/26000 (38%)]	Loss: 0.028207
Train epoch: 990 [512280/26000 (77%)]	Loss: 0.028512
Make prediction for 870 samples...
epoch: 990
AUC: 0.9476694052235372
TPR:  0.8752783964365256
precision:  0.9447115384615384
accuracy:  0.9091954022988505
MCC:  0.8210049658880308
990
Training on 26000 samples...
Train epoch: 991 [0/26000 (0%)]	Loss: 0.027883
Train epoch: 991 [251300/26000 (38%)]	Loss: 0.025510
Train epoch: 991 [520920/26000 (77%)]	Loss: 0.038034
Make prediction for 870 samples...
epoch: 991
AUC: 0.945606229731946
TPR:  0.8574610244988864
precision:  0.9436274509803921
accuracy:  0.9
MCC:  0.8039634527327473
991
Training on 26000 samples...
Train epoch: 992 [0/26000 (0%)]	Loss: 0.026764
Train epoch: 992 [260660/26000 (38%)]	Loss: 0.028217
Train epoch: 992 [518280/26000 (77%)]	Loss: 0.010155
Make prediction for 870 samples...
epoch: 992
AUC: 0.9432468034005363
TPR:  0.8574610244988864
precision:  0.9459459459459459
accuracy:  0.9011494252873563
MCC:  0.8064597698863878
992
Training on 26000 samples...
Train epoch: 993 [0/26000 (0%)]	Loss: 0.011502
Train epoch: 993 [252580/26000 (38%)]	Loss: 0.016663
Train epoch: 993 [524840/26000 (77%)]	Loss: 0.015237
Make prediction for 870 samples...
epoch: 993
AUC: 0.9476059229007189
TPR:  0.8641425389755011
precision:  0.9349397590361446
accuracy:  0.8988505747126436
MCC:  0.8004415570019915
993
Training on 26000 samples...
Train epoch: 994 [0/26000 (0%)]	Loss: 0.023782
Train epoch: 994 [256680/26000 (38%)]	Loss: 0.027557
Train epoch: 994 [487800/26000 (77%)]	Loss: 0.019987
Make prediction for 870 samples...
epoch: 994
AUC: 0.9508064900094694
TPR:  0.8552338530066815
precision:  0.9552238805970149
accuracy:  0.9045977011494253
MCC:  0.8144044674310974
994
Training on 26000 samples...
Train epoch: 995 [0/26000 (0%)]	Loss: 0.016832
Train epoch: 995 [258200/26000 (38%)]	Loss: 0.026526
Train epoch: 995 [538200/26000 (77%)]	Loss: 0.021544
Make prediction for 870 samples...
epoch: 995
AUC: 0.9494416200688782
TPR:  0.8641425389755011
precision:  0.941747572815534
accuracy:  0.9022988505747126
MCC:  0.8078472925545793
995
Training on 26000 samples...
Train epoch: 996 [0/26000 (0%)]	Loss: 0.024519
Train epoch: 996 [268800/26000 (38%)]	Loss: 0.024684
Train epoch: 996 [501960/26000 (77%)]	Loss: 0.012473
Make prediction for 870 samples...
epoch: 996
AUC: 0.9428182977215137
TPR:  0.8730512249443207
precision:  0.9245283018867925
accuracy:  0.8977011494252873
MCC:  0.7968836518555864
996
Training on 26000 samples...
Train epoch: 997 [0/26000 (0%)]	Loss: 0.068757
Train epoch: 997 [256540/26000 (38%)]	Loss: 0.029670
Train epoch: 997 [512720/26000 (77%)]	Loss: 0.018544
Make prediction for 870 samples...
epoch: 997
AUC: 0.9437308561120252
TPR:  0.8396436525612472
precision:  0.952020202020202
accuracy:  0.8954022988505748
MCC:  0.7973123081745095
997
Training on 26000 samples...
Train epoch: 998 [0/26000 (0%)]	Loss: 0.013766
Train epoch: 998 [257720/26000 (38%)]	Loss: 0.028085
Train epoch: 998 [521600/26000 (77%)]	Loss: 0.018735
Make prediction for 870 samples...
epoch: 998
AUC: 0.9469896153500257
TPR:  0.8552338530066815
precision:  0.9434889434889435
accuracy:  0.8988505747126436
MCC:  0.8018501264415977
998
Training on 26000 samples...
Train epoch: 999 [0/26000 (0%)]	Loss: 0.025428
Train epoch: 999 [258260/26000 (38%)]	Loss: 0.021689
Train epoch: 999 [500200/26000 (77%)]	Loss: 0.006666
Make prediction for 870 samples...
epoch: 999
AUC: 0.9476720503203212
TPR:  0.8463251670378619
precision:  0.9523809523809523
accuracy:  0.8988505747126436
MCC:  0.803535910208527
999
Training on 26000 samples...
Train epoch: 1000 [0/26000 (0%)]	Loss: 0.021513
Train epoch: 1000 [263600/26000 (38%)]	Loss: 0.023412
Train epoch: 1000 [516400/26000 (77%)]	Loss: 0.032963
Make prediction for 870 samples...
epoch: 1000
AUC: 0.9467700723169461
TPR:  0.8530066815144766
precision:  0.941031941031941
accuracy:  0.896551724137931
MCC:  0.7972404829968077
1000
Training on 26000 samples...
Train epoch: 1001 [0/26000 (0%)]	Loss: 0.035157
Train epoch: 1001 [261320/26000 (38%)]	Loss: 0.018133
Train epoch: 1001 [497920/26000 (77%)]	Loss: 0.018761
Make prediction for 870 samples...
epoch: 1001
AUC: 0.9462780843151051
TPR:  0.8663697104677061
precision:  0.9261904761904762
accuracy:  0.8954022988505748
MCC:  0.7927963221918578
1001
Training on 26000 samples...
Train epoch: 1002 [0/26000 (0%)]	Loss: 0.015013
Train epoch: 1002 [264640/26000 (38%)]	Loss: 0.017436
Train epoch: 1002 [525800/26000 (77%)]	Loss: 0.022257
Make prediction for 870 samples...
epoch: 1002
AUC: 0.9446672203735935
TPR:  0.8574610244988864
precision:  0.9390243902439024
accuracy:  0.8977011494252873
MCC:  0.7989857630018578
1002
Training on 26000 samples...
Train epoch: 1003 [0/26000 (0%)]	Loss: 0.012611
Train epoch: 1003 [270300/26000 (38%)]	Loss: 0.021920
Train epoch: 1003 [528520/26000 (77%)]	Loss: 0.046411
Make prediction for 870 samples...
epoch: 1003
AUC: 0.9463547921218437
TPR:  0.8663697104677061
precision:  0.9350961538461539
accuracy:  0.9
MCC:  0.8025870521837495
1003
Training on 26000 samples...
Train epoch: 1004 [0/26000 (0%)]	Loss: 0.017232
Train epoch: 1004 [247480/26000 (38%)]	Loss: 0.031077
Train epoch: 1004 [504000/26000 (77%)]	Loss: 0.015822
Make prediction for 870 samples...
epoch: 1004
AUC: 0.9455136513445027
TPR:  0.8596881959910914
precision:  0.9323671497584541
accuracy:  0.8954022988505748
MCC:  0.7936944018577001
1004
Training on 26000 samples...
Train epoch: 1005 [0/26000 (0%)]	Loss: 0.008712
Train epoch: 1005 [258900/26000 (38%)]	Loss: 0.025926
Train epoch: 1005 [547920/26000 (77%)]	Loss: 0.011678
Make prediction for 870 samples...
epoch: 1005
AUC: 0.94555068269948
TPR:  0.8463251670378619
precision:  0.9359605911330049
accuracy:  0.8908045977011494
MCC:  0.785909423250005
1005
Training on 26000 samples...
Train epoch: 1006 [0/26000 (0%)]	Loss: 0.012308
Train epoch: 1006 [270660/26000 (38%)]	Loss: 0.010205
Train epoch: 1006 [520720/26000 (77%)]	Loss: 0.016808
Make prediction for 870 samples...
epoch: 1006
AUC: 0.9487856360664237
TPR:  0.8530066815144766
precision:  0.945679012345679
accuracy:  0.8988505747126436
MCC:  0.802245442831533
1006
Training on 26000 samples...
Train epoch: 1007 [0/26000 (0%)]	Loss: 0.020078
Train epoch: 1007 [254840/26000 (38%)]	Loss: 0.016524
Train epoch: 1007 [531280/26000 (77%)]	Loss: 0.037043
Make prediction for 870 samples...
epoch: 1007
AUC: 0.9458284178618095
TPR:  0.8663697104677061
precision:  0.9396135265700483
accuracy:  0.9022988505747126
MCC:  0.8075107636492124
1007
Training on 26000 samples...
Train epoch: 1008 [0/26000 (0%)]	Loss: 0.009771
Train epoch: 1008 [269220/26000 (38%)]	Loss: 0.035164
Train epoch: 1008 [536040/26000 (77%)]	Loss: 0.017304
Make prediction for 870 samples...
epoch: 1008
AUC: 0.9441858127588889
TPR:  0.8530066815144766
precision:  0.9503722084367245
accuracy:  0.9011494252873563
MCC:  0.8072707196522503
1008
Training on 26000 samples...
Train epoch: 1009 [0/26000 (0%)]	Loss: 0.045052
Train epoch: 1009 [255760/26000 (38%)]	Loss: 0.020942
Train epoch: 1009 [530000/26000 (77%)]	Loss: 0.029484
Make prediction for 870 samples...
epoch: 1009
AUC: 0.9441646519846161
TPR:  0.8307349665924276
precision:  0.9638242894056848
accuracy:  0.896551724137931
MCC:  0.8019649942307253
1009
Training on 26000 samples...
Train epoch: 1010 [0/26000 (0%)]	Loss: 0.018438
Train epoch: 1010 [259300/26000 (38%)]	Loss: 0.024388
Train epoch: 1010 [492040/26000 (77%)]	Loss: 0.038452
Make prediction for 870 samples...
epoch: 1010
AUC: 0.9416544551365135
TPR:  0.8530066815144766
precision:  0.948019801980198
accuracy:  0.9
MCC:  0.8047555192781197
1010
Training on 26000 samples...
Train epoch: 1011 [0/26000 (0%)]	Loss: 0.053387
Train epoch: 1011 [256920/26000 (38%)]	Loss: 0.021279
Train epoch: 1011 [517280/26000 (77%)]	Loss: 0.039339
Make prediction for 870 samples...
epoch: 1011
AUC: 0.9429241015928773
TPR:  0.8530066815144766
precision:  0.945679012345679
accuracy:  0.8988505747126436
MCC:  0.802245442831533
1011
Training on 26000 samples...
Train epoch: 1012 [0/26000 (0%)]	Loss: 0.032599
Train epoch: 1012 [259020/26000 (38%)]	Loss: 0.013136
Train epoch: 1012 [524720/26000 (77%)]	Loss: 0.012362
Make prediction for 870 samples...
epoch: 1012
AUC: 0.946886456575446
TPR:  0.8619153674832962
precision:  0.9485294117647058
accuracy:  0.9045977011494253
MCC:  0.8131813945068547
1012
Training on 26000 samples...
Train epoch: 1013 [0/26000 (0%)]	Loss: 0.013862
Train epoch: 1013 [262220/26000 (38%)]	Loss: 0.015017
Train epoch: 1013 [515080/26000 (77%)]	Loss: 0.012763
Make prediction for 870 samples...
epoch: 1013
AUC: 0.9458680943135709
TPR:  0.8507795100222717
precision:  0.9478908188585607
accuracy:  0.8988505747126436
MCC:  0.80265813796072
1013
Training on 26000 samples...
Train epoch: 1014 [0/26000 (0%)]	Loss: 0.017537
Train epoch: 1014 [263200/26000 (38%)]	Loss: 0.018748
Train epoch: 1014 [513720/26000 (77%)]	Loss: 0.011676
Make prediction for 870 samples...
epoch: 1014
AUC: 0.9455850689576731
TPR:  0.844097995545657
precision:  0.9546599496221663
accuracy:  0.8988505747126436
MCC:  0.8040011189486779
1014
Training on 26000 samples...
Train epoch: 1015 [0/26000 (0%)]	Loss: 0.006581
Train epoch: 1015 [250340/26000 (38%)]	Loss: 0.013941
Train epoch: 1015 [507600/26000 (77%)]	Loss: 0.027147
Make prediction for 870 samples...
epoch: 1015
AUC: 0.9445799321797185
TPR:  0.8574610244988864
precision:  0.9344660194174758
accuracy:  0.8954022988505748
MCC:  0.7940277094491114
1015
Training on 26000 samples...
Train epoch: 1016 [0/26000 (0%)]	Loss: 0.015878
Train epoch: 1016 [259080/26000 (38%)]	Loss: 0.029278
Train epoch: 1016 [517560/26000 (77%)]	Loss: 0.020321
Make prediction for 870 samples...
epoch: 1016
AUC: 0.9447518634706844
TPR:  0.8507795100222717
precision:  0.9408866995073891
accuracy:  0.8954022988505748
MCC:  0.7951301047898955
1016
Training on 26000 samples...
Train epoch: 1017 [0/26000 (0%)]	Loss: 0.039257
Train epoch: 1017 [262780/26000 (38%)]	Loss: 0.025578
Train epoch: 1017 [530720/26000 (77%)]	Loss: 0.024117
Make prediction for 870 samples...
epoch: 1017
AUC: 0.9467092350909121
TPR:  0.8463251670378619
precision:  0.9476309226932669
accuracy:  0.896551724137931
MCC:  0.7984740722776837
1017
Training on 26000 samples...
Train epoch: 1018 [0/26000 (0%)]	Loss: 0.031626
Train epoch: 1018 [252000/26000 (38%)]	Loss: 0.025186
Train epoch: 1018 [498120/26000 (77%)]	Loss: 0.017459
Make prediction for 870 samples...
epoch: 1018
AUC: 0.9439345285644001
TPR:  0.8485523385300668
precision:  0.9361179361179361
accuracy:  0.8919540229885058
MCC:  0.7880211961072277
1018
Training on 26000 samples...
Train epoch: 1019 [0/26000 (0%)]	Loss: 0.025901
Train epoch: 1019 [254340/26000 (38%)]	Loss: 0.039614
Train epoch: 1019 [518880/26000 (77%)]	Loss: 0.016787
Make prediction for 870 samples...
epoch: 1019
AUC: 0.9436647286924229
TPR:  0.8418708240534521
precision:  0.945
accuracy:  0.8931034482758621
MCC:  0.7917722822411625
1019
Training on 26000 samples...
Train epoch: 1020 [0/26000 (0%)]	Loss: 0.019229
Train epoch: 1020 [266800/26000 (38%)]	Loss: 0.017641
Train epoch: 1020 [499800/26000 (77%)]	Loss: 0.018911
Make prediction for 870 samples...
epoch: 1020
AUC: 0.9456009395383778
TPR:  0.8596881959910914
precision:  0.9323671497584541
accuracy:  0.8954022988505748
MCC:  0.7936944018577001
1020
Training on 26000 samples...
Train epoch: 1021 [0/26000 (0%)]	Loss: 0.020427
Train epoch: 1021 [257780/26000 (38%)]	Loss: 0.023034
Train epoch: 1021 [505600/26000 (77%)]	Loss: 0.019481
Make prediction for 870 samples...
epoch: 1021
AUC: 0.9444344518565934
TPR:  0.8463251670378619
precision:  0.9382716049382716
accuracy:  0.8919540229885058
MCC:  0.7884122541433269
1021
Training on 26000 samples...
Train epoch: 1022 [0/26000 (0%)]	Loss: 0.023950
Train epoch: 1022 [249560/26000 (38%)]	Loss: 0.021897
Train epoch: 1022 [524280/26000 (77%)]	Loss: 0.041145
Make prediction for 870 samples...
epoch: 1022
AUC: 0.9456591316676277
TPR:  0.8552338530066815
precision:  0.9458128078817734
accuracy:  0.9
MCC:  0.8043507863297861
1022
Training on 26000 samples...
Train epoch: 1023 [0/26000 (0%)]	Loss: 0.015116
Train epoch: 1023 [257820/26000 (38%)]	Loss: 0.044164
Train epoch: 1023 [546000/26000 (77%)]	Loss: 0.019040
Make prediction for 870 samples...
epoch: 1023
AUC: 0.9435033777885932
TPR:  0.8240534521158129
precision:  0.9438775510204082
accuracy:  0.8839080459770114
MCC:  0.7751937770938626
1023
Training on 26000 samples...
Train epoch: 1024 [0/26000 (0%)]	Loss: 0.021190
Train epoch: 1024 [252420/26000 (38%)]	Loss: 0.016616
Train epoch: 1024 [492800/26000 (77%)]	Loss: 0.021996
Make prediction for 870 samples...
epoch: 1024
AUC: 0.9418237413306952
TPR:  0.8374164810690423
precision:  0.947103274559194
accuracy:  0.8919540229885058
MCC:  0.7901479074350087
1024
Training on 26000 samples...
Train epoch: 1025 [0/26000 (0%)]	Loss: 0.026383
Train epoch: 1025 [259420/26000 (38%)]	Loss: 0.034189
Train epoch: 1025 [520800/26000 (77%)]	Loss: 0.015596
Make prediction for 870 samples...
epoch: 1025
AUC: 0.9440323971454114
TPR:  0.8418708240534521
precision:  0.949748743718593
accuracy:  0.8954022988505748
MCC:  0.7968410909278275
1025
Training on 26000 samples...
Train epoch: 1026 [0/26000 (0%)]	Loss: 0.020119
Train epoch: 1026 [261540/26000 (38%)]	Loss: 0.023664
Train epoch: 1026 [554840/26000 (77%)]	Loss: 0.017567
Make prediction for 870 samples...
epoch: 1026
AUC: 0.9423712763650022
TPR:  0.844097995545657
precision:  0.9358024691358025
accuracy:  0.8896551724137931
MCC:  0.7838011912472583
1026
Training on 26000 samples...
Train epoch: 1027 [0/26000 (0%)]	Loss: 0.012486
Train epoch: 1027 [260320/26000 (38%)]	Loss: 0.030309
Train epoch: 1027 [534040/26000 (77%)]	Loss: 0.031962
Make prediction for 870 samples...
epoch: 1027
AUC: 0.9464314999285823
TPR:  0.8307349665924276
precision:  0.9564102564102565
accuracy:  0.8931034482758621
MCC:  0.7942065360869651
1027
Training on 26000 samples...
Train epoch: 1028 [0/26000 (0%)]	Loss: 0.020599
Train epoch: 1028 [260500/26000 (38%)]	Loss: 0.029228
Train epoch: 1028 [541120/26000 (77%)]	Loss: 0.034961
Make prediction for 870 samples...
epoch: 1028
AUC: 0.9459924138624234
TPR:  0.8463251670378619
precision:  0.9405940594059405
accuracy:  0.8931034482758621
MCC:  0.7909200897043261
1028
Training on 26000 samples...
Train epoch: 1029 [0/26000 (0%)]	Loss: 0.013198
Train epoch: 1029 [264640/26000 (38%)]	Loss: 0.019818
Train epoch: 1029 [504000/26000 (77%)]	Loss: 0.015226
Make prediction for 870 samples...
epoch: 1029
AUC: 0.9438922070158549
TPR:  0.8596881959910914
precision:  0.919047619047619
accuracy:  0.8885057471264368
MCC:  0.7789878577212489
1029
Training on 26000 samples...
Train epoch: 1030 [0/26000 (0%)]	Loss: 0.018533
Train epoch: 1030 [253140/26000 (38%)]	Loss: 0.015000
Train epoch: 1030 [519160/26000 (77%)]	Loss: 0.037800
Make prediction for 870 samples...
epoch: 1030
AUC: 0.945407847473139
TPR:  0.8574610244988864
precision:  0.9390243902439024
accuracy:  0.8977011494252873
MCC:  0.7989857630018578
1030
Training on 26000 samples...
Train epoch: 1031 [0/26000 (0%)]	Loss: 0.016490
Train epoch: 1031 [256060/26000 (38%)]	Loss: 0.022906
Train epoch: 1031 [498400/26000 (77%)]	Loss: 0.031098
Make prediction for 870 samples...
epoch: 1031
AUC: 0.9446963164382185
TPR:  0.8351893095768375
precision:  0.946969696969697
accuracy:  0.8908045977011494
MCC:  0.7880749397365483
1031
Training on 26000 samples...
Train epoch: 1032 [0/26000 (0%)]	Loss: 0.014603
Train epoch: 1032 [267820/26000 (38%)]	Loss: 0.015128
Train epoch: 1032 [529520/26000 (77%)]	Loss: 0.016800
Make prediction for 870 samples...
epoch: 1032
AUC: 0.9436435679181502
TPR:  0.8418708240534521
precision:  0.9473684210526315
accuracy:  0.8942528735632184
MCC:  0.7943040731956524
1032
Training on 26000 samples...
Train epoch: 1033 [0/26000 (0%)]	Loss: 0.007919
Train epoch: 1033 [250420/26000 (38%)]	Loss: 0.010467
Train epoch: 1033 [522440/26000 (77%)]	Loss: 0.024983
Make prediction for 870 samples...
epoch: 1033
AUC: 0.9437705325637866
TPR:  0.8463251670378619
precision:  0.945273631840796
accuracy:  0.8954022988505748
MCC:  0.7959509536947206
1033
Training on 26000 samples...
Train epoch: 1034 [0/26000 (0%)]	Loss: 0.031117
Train epoch: 1034 [262260/26000 (38%)]	Loss: 0.016248
Train epoch: 1034 [522360/26000 (77%)]	Loss: 0.034824
Make prediction for 870 samples...
epoch: 1034
AUC: 0.9433314464976273
TPR:  0.8463251670378619
precision:  0.9382716049382716
accuracy:  0.8919540229885058
MCC:  0.7884122541433269
1034
Training on 26000 samples...
Train epoch: 1035 [0/26000 (0%)]	Loss: 0.018248
Train epoch: 1035 [265240/26000 (38%)]	Loss: 0.019152
Train epoch: 1035 [538440/26000 (77%)]	Loss: 0.025504
Make prediction for 870 samples...
epoch: 1035
AUC: 0.9445217400504684
TPR:  0.8307349665924276
precision:  0.961340206185567
accuracy:  0.8954022988505748
MCC:  0.7993732318103651
1035
Training on 26000 samples...
Train epoch: 1036 [0/26000 (0%)]	Loss: 0.013052
Train epoch: 1036 [255780/26000 (38%)]	Loss: 0.022975
Train epoch: 1036 [527560/26000 (77%)]	Loss: 0.022107
Make prediction for 870 samples...
epoch: 1036
AUC: 0.945690872829037
TPR:  0.8596881959910914
precision:  0.9346246973365617
accuracy:  0.896551724137931
MCC:  0.7961619170488148
1036
Training on 26000 samples...
Train epoch: 1037 [0/26000 (0%)]	Loss: 0.020310
Train epoch: 1037 [251400/26000 (38%)]	Loss: 0.019841
Train epoch: 1037 [521800/26000 (77%)]	Loss: 0.018998
Make prediction for 870 samples...
epoch: 1037
AUC: 0.9416676806204338
TPR:  0.8463251670378619
precision:  0.9476309226932669
accuracy:  0.896551724137931
MCC:  0.7984740722776837
1037
Training on 26000 samples...
Train epoch: 1038 [0/26000 (0%)]	Loss: 0.017591
Train epoch: 1038 [265700/26000 (38%)]	Loss: 0.028555
Train epoch: 1038 [519280/26000 (77%)]	Loss: 0.026972
Make prediction for 870 samples...
epoch: 1038
AUC: 0.9431092583677637
TPR:  0.8552338530066815
precision:  0.9343065693430657
accuracy:  0.8942528735632184
MCC:  0.791897201810939
1038
Training on 26000 samples...
Train epoch: 1039 [0/26000 (0%)]	Loss: 0.021805
Train epoch: 1039 [263100/26000 (38%)]	Loss: 0.016374
Train epoch: 1039 [524440/26000 (77%)]	Loss: 0.022878
Make prediction for 870 samples...
epoch: 1039
AUC: 0.9466986547037757
TPR:  0.8574610244988864
precision:  0.9459459459459459
accuracy:  0.9011494252873563
MCC:  0.8064597698863878
1039
Training on 26000 samples...
Train epoch: 1040 [0/26000 (0%)]	Loss: 0.021710
Train epoch: 1040 [256300/26000 (38%)]	Loss: 0.012211
Train epoch: 1040 [521920/26000 (77%)]	Loss: 0.024235
Make prediction for 870 samples...
epoch: 1040
AUC: 0.9470319368985711
TPR:  0.8374164810690423
precision:  0.9518987341772152
accuracy:  0.8942528735632184
MCC:  0.7952446567959571
1040
Training on 26000 samples...
Train epoch: 1041 [0/26000 (0%)]	Loss: 0.023155
Train epoch: 1041 [255840/26000 (38%)]	Loss: 0.013105
Train epoch: 1041 [517080/26000 (77%)]	Loss: 0.011359
Make prediction for 870 samples...
epoch: 1041
AUC: 0.9463495019282756
TPR:  0.844097995545657
precision:  0.9522613065326633
accuracy:  0.8977011494252873
MCC:  0.8014579062097786
1041
Training on 26000 samples...
Train epoch: 1042 [0/26000 (0%)]	Loss: 0.024689
Train epoch: 1042 [262360/26000 (38%)]	Loss: 0.018035
Train epoch: 1042 [533040/26000 (77%)]	Loss: 0.016690
Make prediction for 870 samples...
epoch: 1042
AUC: 0.9456750022483322
TPR:  0.8530066815144766
precision:  0.941031941031941
accuracy:  0.896551724137931
MCC:  0.7972404829968077
1042
Training on 26000 samples...
Train epoch: 1043 [0/26000 (0%)]	Loss: 0.021640
Train epoch: 1043 [257840/26000 (38%)]	Loss: 0.028747
Train epoch: 1043 [520200/26000 (77%)]	Loss: 0.023614
Make prediction for 870 samples...
epoch: 1043
AUC: 0.9432362230134002
TPR:  0.8663697104677061
precision:  0.9328537170263789
accuracy:  0.8988505747126436
MCC:  0.8001323455233684
1043
Training on 26000 samples...
Train epoch: 1044 [0/26000 (0%)]	Loss: 0.017913
Train epoch: 1044 [252480/26000 (38%)]	Loss: 0.018862
Train epoch: 1044 [507200/26000 (77%)]	Loss: 0.027277
Make prediction for 870 samples...
epoch: 1044
AUC: 0.9494812965206397
TPR:  0.8485523385300668
precision:  0.9548872180451128
accuracy:  0.9011494252873563
MCC:  0.8081518287149643
1044
Training on 26000 samples...
Train epoch: 1045 [0/26000 (0%)]	Loss: 0.015447
Train epoch: 1045 [264560/26000 (38%)]	Loss: 0.012439
Train epoch: 1045 [541680/26000 (77%)]	Loss: 0.015740
Make prediction for 870 samples...
epoch: 1045
AUC: 0.9491321437451397
TPR:  0.8530066815144766
precision:  0.941031941031941
accuracy:  0.896551724137931
MCC:  0.7972404829968077
1045
Training on 26000 samples...
Train epoch: 1046 [0/26000 (0%)]	Loss: 0.018791
Train epoch: 1046 [264180/26000 (38%)]	Loss: 0.015753
Train epoch: 1046 [514120/26000 (77%)]	Loss: 0.030431
Make prediction for 870 samples...
epoch: 1046
AUC: 0.9490713065191055
TPR:  0.8530066815144766
precision:  0.9433497536945813
accuracy:  0.8977011494252873
MCC:  0.7997404455598408
1046
Training on 26000 samples...
Train epoch: 1047 [0/26000 (0%)]	Loss: 0.018179
Train epoch: 1047 [267640/26000 (38%)]	Loss: 0.027090
Train epoch: 1047 [516160/26000 (77%)]	Loss: 0.027231
Make prediction for 870 samples...
epoch: 1047
AUC: 0.9491929809711738
TPR:  0.844097995545657
precision:  0.9427860696517413
accuracy:  0.8931034482758621
MCC:  0.7913375752606264
1047
Training on 26000 samples...
Train epoch: 1048 [0/26000 (0%)]	Loss: 0.020931
Train epoch: 1048 [263560/26000 (38%)]	Loss: 0.018122
Train epoch: 1048 [514160/26000 (77%)]	Loss: 0.023520
Make prediction for 870 samples...
epoch: 1048
AUC: 0.9500526374260034
TPR:  0.8485523385300668
precision:  0.9501246882793017
accuracy:  0.8988505747126436
MCC:  0.8030882724017718
1048
Training on 26000 samples...
Train epoch: 1049 [0/26000 (0%)]	Loss: 0.020700
Train epoch: 1049 [271400/26000 (38%)]	Loss: 0.030180
Train epoch: 1049 [500200/26000 (77%)]	Loss: 0.029435
Make prediction for 870 samples...
epoch: 1049
AUC: 0.9472858661898438
TPR:  0.8641425389755011
precision:  0.9463414634146341
accuracy:  0.9045977011494253
MCC:  0.8128088628390236
1049
Training on 26000 samples...
Train epoch: 1050 [0/26000 (0%)]	Loss: 0.027892
Train epoch: 1050 [270360/26000 (38%)]	Loss: 0.015733
Train epoch: 1050 [524800/26000 (77%)]	Loss: 0.016425
Make prediction for 870 samples...
epoch: 1050
AUC: 0.9474842484486508
TPR:  0.8574610244988864
precision:  0.9459459459459459
accuracy:  0.9011494252873563
MCC:  0.8064597698863878
1050
Training on 26000 samples...
Train epoch: 1051 [0/26000 (0%)]	Loss: 0.016988
Train epoch: 1051 [262820/26000 (38%)]	Loss: 0.034173
Train epoch: 1051 [516280/26000 (77%)]	Loss: 0.014896
Make prediction for 870 samples...
epoch: 1051
AUC: 0.949346396584651
TPR:  0.8485523385300668
precision:  0.9407407407407408
accuracy:  0.8942528735632184
MCC:  0.7930233170393957
1051
Training on 26000 samples...
Train epoch: 1052 [0/26000 (0%)]	Loss: 0.018845
Train epoch: 1052 [261660/26000 (38%)]	Loss: 0.027770
Train epoch: 1052 [518240/26000 (77%)]	Loss: 0.021291
Make prediction for 870 samples...
epoch: 1052
AUC: 0.9484020970327305
TPR:  0.8530066815144766
precision:  0.9387254901960784
accuracy:  0.8954022988505748
MCC:  0.79474551095864
1052
Training on 26000 samples...
Train epoch: 1053 [0/26000 (0%)]	Loss: 0.032167
Train epoch: 1053 [259040/26000 (38%)]	Loss: 0.015782
Train epoch: 1053 [527720/26000 (77%)]	Loss: 0.009748
Make prediction for 870 samples...
epoch: 1053
AUC: 0.947955075676219
TPR:  0.8596881959910914
precision:  0.9234449760765551
accuracy:  0.8908045977011494
MCC:  0.7838715462243709
1053
Training on 26000 samples...
Train epoch: 1054 [0/26000 (0%)]	Loss: 0.010250
Train epoch: 1054 [269380/26000 (38%)]	Loss: 0.016077
Train epoch: 1054 [515120/26000 (77%)]	Loss: 0.022579
Make prediction for 870 samples...
epoch: 1054
AUC: 0.949780192457242
TPR:  0.8574610244988864
precision:  0.9367396593673966
accuracy:  0.896551724137931
MCC:  0.7965043033120358
1054
Training on 26000 samples...
Train epoch: 1055 [0/26000 (0%)]	Loss: 0.011928
Train epoch: 1055 [257380/26000 (38%)]	Loss: 0.023689
Train epoch: 1055 [532520/26000 (77%)]	Loss: 0.030057
Make prediction for 870 samples...
epoch: 1055
AUC: 0.9468891016722302
TPR:  0.8619153674832962
precision:  0.9439024390243902
accuracy:  0.9022988505747126
MCC:  0.8082011628933017
1055
Training on 26000 samples...
Train epoch: 1056 [0/26000 (0%)]	Loss: 0.019274
Train epoch: 1056 [260360/26000 (38%)]	Loss: 0.019148
Train epoch: 1056 [506120/26000 (77%)]	Loss: 0.028689
Make prediction for 870 samples...
epoch: 1056
AUC: 0.9492353025197191
TPR:  0.8530066815144766
precision:  0.9433497536945813
accuracy:  0.8977011494252873
MCC:  0.7997404455598408
1056
Training on 26000 samples...
Train epoch: 1057 [0/26000 (0%)]	Loss: 0.005457
Train epoch: 1057 [257840/26000 (38%)]	Loss: 0.029354
Train epoch: 1057 [533640/26000 (77%)]	Loss: 0.018884
Make prediction for 870 samples...
epoch: 1057
AUC: 0.9487274439371736
TPR:  0.8641425389755011
precision:  0.941747572815534
accuracy:  0.9022988505747126
MCC:  0.8078472925545793
1057
Training on 26000 samples...
Train epoch: 1058 [0/26000 (0%)]	Loss: 0.022877
Train epoch: 1058 [252180/26000 (38%)]	Loss: 0.023655
Train epoch: 1058 [522600/26000 (77%)]	Loss: 0.042057
Make prediction for 870 samples...
epoch: 1058
AUC: 0.9491321437451397
TPR:  0.8574610244988864
precision:  0.9529702970297029
accuracy:  0.9045977011494253
MCC:  0.8139791389939821
1058
Training on 26000 samples...
Train epoch: 1059 [0/26000 (0%)]	Loss: 0.026573
Train epoch: 1059 [257580/26000 (38%)]	Loss: 0.029968
Train epoch: 1059 [535680/26000 (77%)]	Loss: 0.029746
Make prediction for 870 samples...
epoch: 1059
AUC: 0.9481534579350258
TPR:  0.8463251670378619
precision:  0.9571788413098237
accuracy:  0.9011494252873563
MCC:  0.8086188561199008
1059
Training on 26000 samples...
Train epoch: 1060 [0/26000 (0%)]	Loss: 0.025436
Train epoch: 1060 [258600/26000 (38%)]	Loss: 0.022019
Train epoch: 1060 [528880/26000 (77%)]	Loss: 0.020564
Make prediction for 870 samples...
epoch: 1060
AUC: 0.9472964465769802
TPR:  0.8663697104677061
precision:  0.9261904761904762
accuracy:  0.8954022988505748
MCC:  0.7927963221918578
1060
Training on 26000 samples...
Train epoch: 1061 [0/26000 (0%)]	Loss: 0.020673
Train epoch: 1061 [255600/26000 (38%)]	Loss: 0.012104
Train epoch: 1061 [514440/26000 (77%)]	Loss: 0.016414
Make prediction for 870 samples...
epoch: 1061
AUC: 0.9492485280036398
TPR:  0.8552338530066815
precision:  0.9552238805970149
accuracy:  0.9045977011494253
MCC:  0.8144044674310974
1061
Training on 26000 samples...
Train epoch: 1062 [0/26000 (0%)]	Loss: 0.008814
Train epoch: 1062 [255720/26000 (38%)]	Loss: 0.027097
Train epoch: 1062 [511640/26000 (77%)]	Loss: 0.018395
Make prediction for 870 samples...
epoch: 1062
AUC: 0.9523935480799243
TPR:  0.8507795100222717
precision:  0.955
accuracy:  0.9022988505747126
MCC:  0.8102324694460348
1062
Training on 26000 samples...
Train epoch: 1063 [0/26000 (0%)]	Loss: 0.013626
Train epoch: 1063 [256140/26000 (38%)]	Loss: 0.037238
Train epoch: 1063 [529800/26000 (77%)]	Loss: 0.033532
Make prediction for 870 samples...
epoch: 1063
AUC: 0.9523274206603218
TPR:  0.844097995545657
precision:  0.9475
accuracy:  0.8954022988505748
MCC:  0.7963873290423805
1063
Training on 26000 samples...
Train epoch: 1064 [0/26000 (0%)]	Loss: 0.019053
Train epoch: 1064 [251280/26000 (38%)]	Loss: 0.037613
Train epoch: 1064 [517800/26000 (77%)]	Loss: 0.023970
Make prediction for 870 samples...
epoch: 1064
AUC: 0.9520867168529696
TPR:  0.8552338530066815
precision:  0.9528535980148883
accuracy:  0.903448275862069
MCC:  0.8118833013437804
1064
Training on 26000 samples...
Train epoch: 1065 [0/26000 (0%)]	Loss: 0.021756
Train epoch: 1065 [251640/26000 (38%)]	Loss: 0.025152
Train epoch: 1065 [508840/26000 (77%)]	Loss: 0.021524
Make prediction for 870 samples...
epoch: 1065
AUC: 0.9462304725729914
TPR:  0.8619153674832962
precision:  0.9485294117647058
accuracy:  0.9045977011494253
MCC:  0.8131813945068547
1065
Training on 26000 samples...
Train epoch: 1066 [0/26000 (0%)]	Loss: 0.022867
Train epoch: 1066 [274260/26000 (38%)]	Loss: 0.024863
Train epoch: 1066 [517680/26000 (77%)]	Loss: 0.015225
Make prediction for 870 samples...
epoch: 1066
AUC: 0.9484867401298214
TPR:  0.8374164810690423
precision:  0.9543147208121827
accuracy:  0.8954022988505748
MCC:  0.7978010531420958
1066
Training on 26000 samples...
Train epoch: 1067 [0/26000 (0%)]	Loss: 0.010314
Train epoch: 1067 [259500/26000 (38%)]	Loss: 0.023004
Train epoch: 1067 [513440/26000 (77%)]	Loss: 0.015291
Make prediction for 870 samples...
epoch: 1067
AUC: 0.9490475006480487
TPR:  0.8507795100222717
precision:  0.9526184538653366
accuracy:  0.9011494252873563
MCC:  0.8077024725258599
1067
Training on 26000 samples...
Train epoch: 1068 [0/26000 (0%)]	Loss: 0.013353
Train epoch: 1068 [265080/26000 (38%)]	Loss: 0.018531
Train epoch: 1068 [523480/26000 (77%)]	Loss: 0.037865
Make prediction for 870 samples...
epoch: 1068
AUC: 0.9479973972247645
TPR:  0.844097995545657
precision:  0.9475
accuracy:  0.8954022988505748
MCC:  0.7963873290423805
1068
Training on 26000 samples...
Train epoch: 1069 [0/26000 (0%)]	Loss: 0.016905
Train epoch: 1069 [260240/26000 (38%)]	Loss: 0.032308
Train epoch: 1069 [536440/26000 (77%)]	Loss: 0.018948
Make prediction for 870 samples...
epoch: 1069
AUC: 0.9462939548958096
TPR:  0.8619153674832962
precision:  0.9325301204819277
accuracy:  0.896551724137931
MCC:  0.7958366030949541
1069
Training on 26000 samples...
Train epoch: 1070 [0/26000 (0%)]	Loss: 0.025803
Train epoch: 1070 [261760/26000 (38%)]	Loss: 0.033899
Train epoch: 1070 [541200/26000 (77%)]	Loss: 0.022512
Make prediction for 870 samples...
epoch: 1070
AUC: 0.9500288315549466
TPR:  0.8351893095768375
precision:  0.9541984732824428
accuracy:  0.8942528735632184
MCC:  0.795741183719957
1070
Training on 26000 samples...
Train epoch: 1071 [0/26000 (0%)]	Loss: 0.031711
Train epoch: 1071 [250380/26000 (38%)]	Loss: 0.018365
Train epoch: 1071 [522160/26000 (77%)]	Loss: 0.013963
Make prediction for 870 samples...
epoch: 1071
AUC: 0.9480608795475824
TPR:  0.8574610244988864
precision:  0.9390243902439024
accuracy:  0.8977011494252873
MCC:  0.7989857630018578
1071
Training on 26000 samples...
Train epoch: 1072 [0/26000 (0%)]	Loss: 0.012921
Train epoch: 1072 [258940/26000 (38%)]	Loss: 0.014167
Train epoch: 1072 [516840/26000 (77%)]	Loss: 0.017376
Make prediction for 870 samples...
epoch: 1072
AUC: 0.9488623438731624
TPR:  0.844097995545657
precision:  0.949874686716792
accuracy:  0.896551724137931
MCC:  0.7989199917020897
1072
Training on 26000 samples...
Train epoch: 1073 [0/26000 (0%)]	Loss: 0.024105
Train epoch: 1073 [252280/26000 (38%)]	Loss: 0.011698
Train epoch: 1073 [532120/26000 (77%)]	Loss: 0.027209
Make prediction for 870 samples...
epoch: 1073
AUC: 0.9464632410899915
TPR:  0.8574610244988864
precision:  0.9322033898305084
accuracy:  0.8942528735632184
MCC:  0.7915559385284204
1073
Training on 26000 samples...
Train epoch: 1074 [0/26000 (0%)]	Loss: 0.025767
Train epoch: 1074 [274960/26000 (38%)]	Loss: 0.020945
Train epoch: 1074 [513760/26000 (77%)]	Loss: 0.027318
Make prediction for 870 samples...
epoch: 1074
AUC: 0.947666760126753
TPR:  0.8396436525612472
precision:  0.952020202020202
accuracy:  0.8954022988505748
MCC:  0.7973123081745095
1074
Training on 26000 samples...
Train epoch: 1075 [0/26000 (0%)]	Loss: 0.014976
Train epoch: 1075 [248080/26000 (38%)]	Loss: 0.019369
Train epoch: 1075 [516000/26000 (77%)]	Loss: 0.022131
Make prediction for 870 samples...
epoch: 1075
AUC: 0.9481084912896963
TPR:  0.8485523385300668
precision:  0.9361179361179361
accuracy:  0.8919540229885058
MCC:  0.7880211961072277
1075
Training on 26000 samples...
Train epoch: 1076 [0/26000 (0%)]	Loss: 0.017172
Train epoch: 1076 [260440/26000 (38%)]	Loss: 0.015276
Train epoch: 1076 [499320/26000 (77%)]	Loss: 0.023385
Make prediction for 870 samples...
epoch: 1076
AUC: 0.9460241550238323
TPR:  0.8596881959910914
precision:  0.9391727493917275
accuracy:  0.8988505747126436
MCC:  0.8011114048131326
1076
Training on 26000 samples...
Train epoch: 1077 [0/26000 (0%)]	Loss: 0.029940
Train epoch: 1077 [255000/26000 (38%)]	Loss: 0.034816
Train epoch: 1077 [495240/26000 (77%)]	Loss: 0.023536
Make prediction for 870 samples...
epoch: 1077
AUC: 0.9462198921858551
TPR:  0.8329621380846325
precision:  0.9444444444444444
accuracy:  0.8885057471264368
MCC:  0.7834562555175677
1077
Training on 26000 samples...
Train epoch: 1078 [0/26000 (0%)]	Loss: 0.018228
Train epoch: 1078 [267020/26000 (38%)]	Loss: 0.023412
Train epoch: 1078 [513040/26000 (77%)]	Loss: 0.016535
Make prediction for 870 samples...
epoch: 1078
AUC: 0.9488967301313554
TPR:  0.8485523385300668
precision:  0.9407407407407408
accuracy:  0.8942528735632184
MCC:  0.7930233170393957
1078
Training on 26000 samples...
Train epoch: 1079 [0/26000 (0%)]	Loss: 0.012779
Train epoch: 1079 [256420/26000 (38%)]	Loss: 0.017489
Train epoch: 1079 [526360/26000 (77%)]	Loss: 0.023805
Make prediction for 870 samples...
epoch: 1079
AUC: 0.9476403091589122
TPR:  0.8507795100222717
precision:  0.9317073170731708
accuracy:  0.8908045977011494
MCC:  0.7851626631646919
1079
Training on 26000 samples...
Train epoch: 1080 [0/26000 (0%)]	Loss: 0.006781
Train epoch: 1080 [261560/26000 (38%)]	Loss: 0.020281
Train epoch: 1080 [510360/26000 (77%)]	Loss: 0.016929
Make prediction for 870 samples...
epoch: 1080
AUC: 0.9476006327071508
TPR:  0.8574610244988864
precision:  0.9553349875930521
accuracy:  0.9057471264367816
MCC:  0.8164958830353105
1080
Training on 26000 samples...
Train epoch: 1081 [0/26000 (0%)]	Loss: 0.014905
Train epoch: 1081 [260800/26000 (38%)]	Loss: 0.018614
Train epoch: 1081 [528600/26000 (77%)]	Loss: 0.019876
Make prediction for 870 samples...
epoch: 1081
AUC: 0.9488491183892418
TPR:  0.8641425389755011
precision:  0.9486552567237164
accuracy:  0.9057471264367816
MCC:  0.815297100862079
1081
Training on 26000 samples...
Train epoch: 1082 [0/26000 (0%)]	Loss: 0.014009
Train epoch: 1082 [267940/26000 (38%)]	Loss: 0.031734
Train epoch: 1082 [499880/26000 (77%)]	Loss: 0.015587
Make prediction for 870 samples...
epoch: 1082
AUC: 0.9467885879944345
TPR:  0.8596881959910914
precision:  0.9323671497584541
accuracy:  0.8954022988505748
MCC:  0.7936944018577001
1082
Training on 26000 samples...
Train epoch: 1083 [0/26000 (0%)]	Loss: 0.018225
Train epoch: 1083 [255300/26000 (38%)]	Loss: 0.016457
Train epoch: 1083 [486240/26000 (77%)]	Loss: 0.017665
Make prediction for 870 samples...
epoch: 1083
AUC: 0.9496294219405487
TPR:  0.8418708240534521
precision:  0.949748743718593
accuracy:  0.8954022988505748
MCC:  0.7968410909278275
1083
Training on 26000 samples...
Train epoch: 1084 [0/26000 (0%)]	Loss: 0.009468
Train epoch: 1084 [259740/26000 (38%)]	Loss: 0.025880
Train epoch: 1084 [519760/26000 (77%)]	Loss: 0.034238
Make prediction for 870 samples...
epoch: 1084
AUC: 0.9503515333626057
TPR:  0.8552338530066815
precision:  0.9481481481481482
accuracy:  0.9011494252873563
MCC:  0.8068565057276016
1084
Training on 26000 samples...
Train epoch: 1085 [0/26000 (0%)]	Loss: 0.019869
Train epoch: 1085 [261980/26000 (38%)]	Loss: 0.017748
Train epoch: 1085 [527800/26000 (77%)]	Loss: 0.031365
Make prediction for 870 samples...
epoch: 1085
AUC: 0.9473149622544689
TPR:  0.8307349665924276
precision:  0.951530612244898
accuracy:  0.8908045977011494
MCC:  0.7890619518958736
1085
Training on 26000 samples...
Train epoch: 1086 [0/26000 (0%)]	Loss: 0.015697
Train epoch: 1086 [277640/26000 (38%)]	Loss: 0.034754
Train epoch: 1086 [499520/26000 (77%)]	Loss: 0.021063
Make prediction for 870 samples...
epoch: 1086
AUC: 0.949375492649276
TPR:  0.8552338530066815
precision:  0.9481481481481482
accuracy:  0.9011494252873563
MCC:  0.8068565057276016
1086
Training on 26000 samples...
Train epoch: 1087 [0/26000 (0%)]	Loss: 0.026231
Train epoch: 1087 [262040/26000 (38%)]	Loss: 0.019995
Train epoch: 1087 [527720/26000 (77%)]	Loss: 0.018866
Make prediction for 870 samples...
epoch: 1087
AUC: 0.9489178909056282
TPR:  0.8552338530066815
precision:  0.9458128078817734
accuracy:  0.9
MCC:  0.8043507863297861
1087
Training on 26000 samples...
Train epoch: 1088 [0/26000 (0%)]	Loss: 0.014421
Train epoch: 1088 [252780/26000 (38%)]	Loss: 0.028813
Train epoch: 1088 [531400/26000 (77%)]	Loss: 0.018869
Make prediction for 870 samples...
epoch: 1088
AUC: 0.9477381777399235
TPR:  0.8530066815144766
precision:  0.941031941031941
accuracy:  0.896551724137931
MCC:  0.7972404829968077
1088
Training on 26000 samples...
Train epoch: 1089 [0/26000 (0%)]	Loss: 0.010408
Train epoch: 1089 [257200/26000 (38%)]	Loss: 0.018676
Train epoch: 1089 [498160/26000 (77%)]	Loss: 0.027617
Make prediction for 870 samples...
epoch: 1089
AUC: 0.9455110062477187
TPR:  0.844097995545657
precision:  0.9358024691358025
accuracy:  0.8896551724137931
MCC:  0.7838011912472583
1089
Training on 26000 samples...
Train epoch: 1090 [0/26000 (0%)]	Loss: 0.017449
Train epoch: 1090 [269180/26000 (38%)]	Loss: 0.025469
Train epoch: 1090 [505640/26000 (77%)]	Loss: 0.020999
Make prediction for 870 samples...
epoch: 1090
AUC: 0.9466907194134233
TPR:  0.8485523385300668
precision:  0.943069306930693
accuracy:  0.8954022988505748
MCC:  0.7955318995622573
1090
Training on 26000 samples...
Train epoch: 1091 [0/26000 (0%)]	Loss: 0.007589
Train epoch: 1091 [253940/26000 (38%)]	Loss: 0.018606
Train epoch: 1091 [528160/26000 (77%)]	Loss: 0.026500
Make prediction for 870 samples...
epoch: 1091
AUC: 0.9470240016082189
TPR:  0.8641425389755011
precision:  0.9371980676328503
accuracy:  0.9
MCC:  0.8029053097187083
1091
Training on 26000 samples...
Train epoch: 1092 [0/26000 (0%)]	Loss: 0.018868
Train epoch: 1092 [264420/26000 (38%)]	Loss: 0.018619
Train epoch: 1092 [510400/26000 (77%)]	Loss: 0.013151
Make prediction for 870 samples...
epoch: 1092
AUC: 0.945407847473139
TPR:  0.8374164810690423
precision:  0.9518987341772152
accuracy:  0.8942528735632184
MCC:  0.7952446567959571
1092
Training on 26000 samples...
Train epoch: 1093 [0/26000 (0%)]	Loss: 0.034125
Train epoch: 1093 [265300/26000 (38%)]	Loss: 0.017542
Train epoch: 1093 [521520/26000 (77%)]	Loss: 0.025180
Make prediction for 870 samples...
epoch: 1093
AUC: 0.9492908495521851
TPR:  0.8485523385300668
precision:  0.9525
accuracy:  0.9
MCC:  0.8056174226448167
1093
Training on 26000 samples...
Train epoch: 1094 [0/26000 (0%)]	Loss: 0.022137
Train epoch: 1094 [250020/26000 (38%)]	Loss: 0.020120
Train epoch: 1094 [529080/26000 (77%)]	Loss: 0.020528
Make prediction for 870 samples...
epoch: 1094
AUC: 0.9442810362431161
TPR:  0.8507795100222717
precision:  0.9385749385749386
accuracy:  0.8942528735632184
MCC:  0.7926308395520176
1094
Training on 26000 samples...
Train epoch: 1095 [0/26000 (0%)]	Loss: 0.017302
Train epoch: 1095 [249900/26000 (38%)]	Loss: 0.026576
Train epoch: 1095 [526720/26000 (77%)]	Loss: 0.015692
Make prediction for 870 samples...
epoch: 1095
AUC: 0.9477302424495713
TPR:  0.8463251670378619
precision:  0.9382716049382716
accuracy:  0.8919540229885058
MCC:  0.7884122541433269
1095
Training on 26000 samples...
Train epoch: 1096 [0/26000 (0%)]	Loss: 0.013421
Train epoch: 1096 [254040/26000 (38%)]	Loss: 0.013894
Train epoch: 1096 [521840/26000 (77%)]	Loss: 0.030396
Make prediction for 870 samples...
epoch: 1096
AUC: 0.9490501457448328
TPR:  0.8418708240534521
precision:  0.949748743718593
accuracy:  0.8954022988505748
MCC:  0.7968410909278275
1096
Training on 26000 samples...
Train epoch: 1097 [0/26000 (0%)]	Loss: 0.032841
Train epoch: 1097 [258360/26000 (38%)]	Loss: 0.014096
Train epoch: 1097 [527000/26000 (77%)]	Loss: 0.026697
Make prediction for 870 samples...
epoch: 1097
AUC: 0.948677187098276
TPR:  0.8574610244988864
precision:  0.9459459459459459
accuracy:  0.9011494252873563
MCC:  0.8064597698863878
1097
Training on 26000 samples...
Train epoch: 1098 [0/26000 (0%)]	Loss: 0.022843
Train epoch: 1098 [255760/26000 (38%)]	Loss: 0.014544
Train epoch: 1098 [510960/26000 (77%)]	Loss: 0.035062
Make prediction for 870 samples...
epoch: 1098
AUC: 0.9504520470404012
TPR:  0.8351893095768375
precision:  0.9566326530612245
accuracy:  0.8954022988505748
MCC:  0.7983074017638809
1098
Training on 26000 samples...
Train epoch: 1099 [0/26000 (0%)]	Loss: 0.011572
Train epoch: 1099 [263780/26000 (38%)]	Loss: 0.021379
Train epoch: 1099 [500840/26000 (77%)]	Loss: 0.038531
Make prediction for 870 samples...
epoch: 1099
AUC: 0.9491136280676509
TPR:  0.8195991091314031
precision:  0.9583333333333334
accuracy:  0.8885057471264368
MCC:  0.7866143912419328
1099
Training on 26000 samples...
Train epoch: 1100 [0/26000 (0%)]	Loss: 0.025674
Train epoch: 1100 [259560/26000 (38%)]	Loss: 0.026732
Train epoch: 1100 [526360/26000 (77%)]	Loss: 0.030442
Make prediction for 870 samples...
epoch: 1100
AUC: 0.946275439218321
TPR:  0.8507795100222717
precision:  0.9432098765432099
accuracy:  0.896551724137931
MCC:  0.7976343799354643
1100
Training on 26000 samples...
Train epoch: 1101 [0/26000 (0%)]	Loss: 0.013452
Train epoch: 1101 [260840/26000 (38%)]	Loss: 0.019244
Train epoch: 1101 [520880/26000 (77%)]	Loss: 0.019637
Make prediction for 870 samples...
epoch: 1101
AUC: 0.9463653725089801
TPR:  0.844097995545657
precision:  0.949874686716792
accuracy:  0.896551724137931
MCC:  0.7989199917020897
1101
Training on 26000 samples...
Train epoch: 1102 [0/26000 (0%)]	Loss: 0.031672
Train epoch: 1102 [257420/26000 (38%)]	Loss: 0.026656
Train epoch: 1102 [524160/26000 (77%)]	Loss: 0.012314
Make prediction for 870 samples...
epoch: 1102
AUC: 0.9471298054795826
TPR:  0.8351893095768375
precision:  0.946969696969697
accuracy:  0.8908045977011494
MCC:  0.7880749397365483
1102
Training on 26000 samples...
Train epoch: 1103 [0/26000 (0%)]	Loss: 0.017536
Train epoch: 1103 [251420/26000 (38%)]	Loss: 0.020875
Train epoch: 1103 [518560/26000 (77%)]	Loss: 0.029274
Make prediction for 870 samples...
epoch: 1103
AUC: 0.9454581043120368
TPR:  0.8463251670378619
precision:  0.9359605911330049
accuracy:  0.8908045977011494
MCC:  0.785909423250005
1103
Training on 26000 samples...
Train epoch: 1104 [0/26000 (0%)]	Loss: 0.018872
Train epoch: 1104 [261840/26000 (38%)]	Loss: 0.032363
Train epoch: 1104 [528640/26000 (77%)]	Loss: 0.028188
Make prediction for 870 samples...
epoch: 1104
AUC: 0.9446196086314798
TPR:  0.8418708240534521
precision:  0.942643391521197
accuracy:  0.8919540229885058
MCC:  0.7892456720295076
1104
Training on 26000 samples...
Train epoch: 1105 [0/26000 (0%)]	Loss: 0.023255
Train epoch: 1105 [254340/26000 (38%)]	Loss: 0.027721
Train epoch: 1105 [493400/26000 (77%)]	Loss: 0.018941
Make prediction for 870 samples...
epoch: 1105
AUC: 0.9469499388982643
TPR:  0.8485523385300668
precision:  0.9477611940298507
accuracy:  0.8977011494252873
MCC:  0.8005643321288148
1105
Training on 26000 samples...
Train epoch: 1106 [0/26000 (0%)]	Loss: 0.029196
Train epoch: 1106 [246580/26000 (38%)]	Loss: 0.029224
Train epoch: 1106 [531840/26000 (77%)]	Loss: 0.027156
Make prediction for 870 samples...
epoch: 1106
AUC: 0.9483174539356396
TPR:  0.8463251670378619
precision:  0.9429280397022333
accuracy:  0.8942528735632184
MCC:  0.7934329745776597
1106
Training on 26000 samples...
Train epoch: 1107 [0/26000 (0%)]	Loss: 0.026205
Train epoch: 1107 [264340/26000 (38%)]	Loss: 0.013389
Train epoch: 1107 [531400/26000 (77%)]	Loss: 0.013767
Make prediction for 870 samples...
epoch: 1107
AUC: 0.9484285480005713
TPR:  0.8507795100222717
precision:  0.9455445544554455
accuracy:  0.8977011494252873
MCC:  0.8001437094201885
1107
Training on 26000 samples...
Train epoch: 1108 [0/26000 (0%)]	Loss: 0.032469
Train epoch: 1108 [254460/26000 (38%)]	Loss: 0.017598
Train epoch: 1108 [505840/26000 (77%)]	Loss: 0.021178
Make prediction for 870 samples...
epoch: 1108
AUC: 0.9436991149506161
TPR:  0.8485523385300668
precision:  0.9407407407407408
accuracy:  0.8942528735632184
MCC:  0.7930233170393957
1108
Training on 26000 samples...
Train epoch: 1109 [0/26000 (0%)]	Loss: 0.021118
Train epoch: 1109 [255040/26000 (38%)]	Loss: 0.028903
Train epoch: 1109 [543720/26000 (77%)]	Loss: 0.024621
Make prediction for 870 samples...
epoch: 1109
AUC: 0.944653994889673
TPR:  0.8463251670378619
precision:  0.945273631840796
accuracy:  0.8954022988505748
MCC:  0.7959509536947206
1109
Training on 26000 samples...
Train epoch: 1110 [0/26000 (0%)]	Loss: 0.037537
Train epoch: 1110 [259480/26000 (38%)]	Loss: 0.020775
Train epoch: 1110 [497800/26000 (77%)]	Loss: 0.020404
Make prediction for 870 samples...
epoch: 1110
AUC: 0.9457728708293435
TPR:  0.8418708240534521
precision:  0.942643391521197
accuracy:  0.8919540229885058
MCC:  0.7892456720295076
1110
Training on 26000 samples...
Train epoch: 1111 [0/26000 (0%)]	Loss: 0.012962
Train epoch: 1111 [254520/26000 (38%)]	Loss: 0.026140
Train epoch: 1111 [522160/26000 (77%)]	Loss: 0.037460
Make prediction for 870 samples...
epoch: 1111
AUC: 0.9499627041353442
TPR:  0.8552338530066815
precision:  0.9434889434889435
accuracy:  0.8988505747126436
MCC:  0.8018501264415977
1111
Training on 26000 samples...
Train epoch: 1112 [0/26000 (0%)]	Loss: 0.019424
Train epoch: 1112 [248880/26000 (38%)]	Loss: 0.027996
Train epoch: 1112 [526600/26000 (77%)]	Loss: 0.026088
Make prediction for 870 samples...
epoch: 1112
AUC: 0.9486004792915373
TPR:  0.8485523385300668
precision:  0.9384236453201971
accuracy:  0.8931034482758621
MCC:  0.7905197640199503
1112
Training on 26000 samples...
Train epoch: 1113 [0/26000 (0%)]	Loss: 0.017203
Train epoch: 1113 [257520/26000 (38%)]	Loss: 0.027111
Train epoch: 1113 [540960/26000 (77%)]	Loss: 0.029499
Make prediction for 870 samples...
epoch: 1113
AUC: 0.9492009162615261
TPR:  0.8351893095768375
precision:  0.9541984732824428
accuracy:  0.8942528735632184
MCC:  0.795741183719957
1113
Training on 26000 samples...
Train epoch: 1114 [0/26000 (0%)]	Loss: 0.031758
Train epoch: 1114 [264040/26000 (38%)]	Loss: 0.018978
Train epoch: 1114 [518560/26000 (77%)]	Loss: 0.019970
Make prediction for 870 samples...
epoch: 1114
AUC: 0.9440006559840025
TPR:  0.844097995545657
precision:  0.9381188118811881
accuracy:  0.8908045977011494
MCC:  0.7863082798463951
1114
Training on 26000 samples...
Train epoch: 1115 [0/26000 (0%)]	Loss: 0.017020
Train epoch: 1115 [255480/26000 (38%)]	Loss: 0.023113
Train epoch: 1115 [531200/26000 (77%)]	Loss: 0.023591
Make prediction for 870 samples...
epoch: 1115
AUC: 0.9499468335546398
TPR:  0.8574610244988864
precision:  0.9459459459459459
accuracy:  0.9011494252873563
MCC:  0.8064597698863878
1115
Training on 26000 samples...
Train epoch: 1116 [0/26000 (0%)]	Loss: 0.025391
Train epoch: 1116 [254300/26000 (38%)]	Loss: 0.036134
Train epoch: 1116 [517960/26000 (77%)]	Loss: 0.033043
Make prediction for 870 samples...
epoch: 1116
AUC: 0.9459236413460369
TPR:  0.8374164810690423
precision:  0.94
accuracy:  0.8885057471264368
MCC:  0.7825421886387263
1116
Training on 26000 samples...
Train epoch: 1117 [0/26000 (0%)]	Loss: 0.034602
Train epoch: 1117 [255920/26000 (38%)]	Loss: 0.041842
Train epoch: 1117 [521360/26000 (77%)]	Loss: 0.035407
Make prediction for 870 samples...
epoch: 1117
AUC: 0.9466431076713095
TPR:  0.8396436525612472
precision:  0.9448621553884712
accuracy:  0.8919540229885058
MCC:  0.7896881546892152
1117
Training on 26000 samples...
Train epoch: 1118 [0/26000 (0%)]	Loss: 0.016634
Train epoch: 1118 [249060/26000 (38%)]	Loss: 0.018330
Train epoch: 1118 [527440/26000 (77%)]	Loss: 0.031253
Make prediction for 870 samples...
epoch: 1118
AUC: 0.9480873305154235
TPR:  0.8530066815144766
precision:  0.9341463414634147
accuracy:  0.8931034482758621
MCC:  0.7897703631104138
1118
Training on 26000 samples...
Train epoch: 1119 [0/26000 (0%)]	Loss: 0.027767
Train epoch: 1119 [261660/26000 (38%)]	Loss: 0.021191
Train epoch: 1119 [496800/26000 (77%)]	Loss: 0.019306
Make prediction for 870 samples...
epoch: 1119
AUC: 0.950594882266742
TPR:  0.8374164810690423
precision:  0.9567430025445293
accuracy:  0.896551724137931
MCC:  0.8003628604994885
1119
Training on 26000 samples...
Train epoch: 1120 [0/26000 (0%)]	Loss: 0.017203
Train epoch: 1120 [256400/26000 (38%)]	Loss: 0.004080
Train epoch: 1120 [516720/26000 (77%)]	Loss: 0.015173
Make prediction for 870 samples...
epoch: 1120
AUC: 0.9519280110459242
TPR:  0.8775055679287305
precision:  0.9248826291079812
accuracy:  0.9
MCC:  0.8012523739405126
1120
Training on 26000 samples...
Train epoch: 1121 [0/26000 (0%)]	Loss: 0.011840
Train epoch: 1121 [264780/26000 (38%)]	Loss: 0.014761
Train epoch: 1121 [496760/26000 (77%)]	Loss: 0.028266
Make prediction for 870 samples...
epoch: 1121
AUC: 0.9510101624618444
TPR:  0.8507795100222717
precision:  0.9408866995073891
accuracy:  0.8954022988505748
MCC:  0.7951301047898955
1121
Training on 26000 samples...
Train epoch: 1122 [0/26000 (0%)]	Loss: 0.018230
Train epoch: 1122 [251040/26000 (38%)]	Loss: 0.022134
Train epoch: 1122 [494360/26000 (77%)]	Loss: 0.021505
Make prediction for 870 samples...
epoch: 1122
AUC: 0.9503832745240149
TPR:  0.8374164810690423
precision:  0.9543147208121827
accuracy:  0.8954022988505748
MCC:  0.7978010531420958
1122
Training on 26000 samples...
Train epoch: 1123 [0/26000 (0%)]	Loss: 0.016210
Train epoch: 1123 [259660/26000 (38%)]	Loss: 0.023222
Train epoch: 1123 [510480/26000 (77%)]	Loss: 0.015049
Make prediction for 870 samples...
epoch: 1123
AUC: 0.9489919536155829
TPR:  0.8463251670378619
precision:  0.9523809523809523
accuracy:  0.8988505747126436
MCC:  0.803535910208527
1123
Training on 26000 samples...
Train epoch: 1124 [0/26000 (0%)]	Loss: 0.019550
Train epoch: 1124 [253700/26000 (38%)]	Loss: 0.007764
Train epoch: 1124 [513960/26000 (77%)]	Loss: 0.022000
Make prediction for 870 samples...
epoch: 1124
AUC: 0.9493331711007307
TPR:  0.8262806236080178
precision:  0.958656330749354
accuracy:  0.8919540229885058
MCC:  0.7927082986416824
1124
Training on 26000 samples...
Train epoch: 1125 [0/26000 (0%)]	Loss: 0.034588
Train epoch: 1125 [272100/26000 (38%)]	Loss: 0.012999
Train epoch: 1125 [537440/26000 (77%)]	Loss: 0.020893
Make prediction for 870 samples...
epoch: 1125
AUC: 0.9506028175570944
TPR:  0.8463251670378619
precision:  0.945273631840796
accuracy:  0.8954022988505748
MCC:  0.7959509536947206
1125
Training on 26000 samples...
Train epoch: 1126 [0/26000 (0%)]	Loss: 0.015412
Train epoch: 1126 [250820/26000 (38%)]	Loss: 0.029820
Train epoch: 1126 [516400/26000 (77%)]	Loss: 0.016962
Make prediction for 870 samples...
epoch: 1126
AUC: 0.9467912330912188
TPR:  0.8418708240534521
precision:  0.945
accuracy:  0.8931034482758621
MCC:  0.7917722822411625
1126
Training on 26000 samples...
Train epoch: 1127 [0/26000 (0%)]	Loss: 0.022831
Train epoch: 1127 [252000/26000 (38%)]	Loss: 0.029581
Train epoch: 1127 [523040/26000 (77%)]	Loss: 0.018680
Make prediction for 870 samples...
epoch: 1127
AUC: 0.9482592618063895
TPR:  0.8507795100222717
precision:  0.9408866995073891
accuracy:  0.8954022988505748
MCC:  0.7951301047898955
1127
Training on 26000 samples...
Train epoch: 1128 [0/26000 (0%)]	Loss: 0.026717
Train epoch: 1128 [267580/26000 (38%)]	Loss: 0.017058
Train epoch: 1128 [547760/26000 (77%)]	Loss: 0.019572
Make prediction for 870 samples...
epoch: 1128
AUC: 0.9490157594866396
TPR:  0.8329621380846325
precision:  0.949238578680203
accuracy:  0.8908045977011494
MCC:  0.7885597451916568
1128
Training on 26000 samples...
Train epoch: 1129 [0/26000 (0%)]	Loss: 0.016049
Train epoch: 1129 [265800/26000 (38%)]	Loss: 0.011101
Train epoch: 1129 [502080/26000 (77%)]	Loss: 0.025590
Make prediction for 870 samples...
epoch: 1129
AUC: 0.9510180977521966
TPR:  0.8619153674832962
precision:  0.9347826086956522
accuracy:  0.8977011494252873
MCC:  0.7982998557882043
1129
Training on 26000 samples...
Train epoch: 1130 [0/26000 (0%)]	Loss: 0.018530
Train epoch: 1130 [269060/26000 (38%)]	Loss: 0.026343
Train epoch: 1130 [504280/26000 (77%)]	Loss: 0.024664
Make prediction for 870 samples...
epoch: 1130
AUC: 0.9476826307074575
TPR:  0.8530066815144766
precision:  0.941031941031941
accuracy:  0.896551724137931
MCC:  0.7972404829968077
1130
Training on 26000 samples...
Train epoch: 1131 [0/26000 (0%)]	Loss: 0.020793
Train epoch: 1131 [266480/26000 (38%)]	Loss: 0.015527
Train epoch: 1131 [519400/26000 (77%)]	Loss: 0.038351
Make prediction for 870 samples...
epoch: 1131
AUC: 0.9433288014008433
TPR:  0.8619153674832962
precision:  0.9280575539568345
accuracy:  0.8942528735632184
MCC:  0.7909242905936366
1131
Training on 26000 samples...
Train epoch: 1132 [0/26000 (0%)]	Loss: 0.031455
Train epoch: 1132 [258880/26000 (38%)]	Loss: 0.031878
Train epoch: 1132 [509240/26000 (77%)]	Loss: 0.016844
Make prediction for 870 samples...
epoch: 1132
AUC: 0.9456035846351618
TPR:  0.8351893095768375
precision:  0.9445843828715366
accuracy:  0.8896551724137931
MCC:  0.7855301702637858
1132
Training on 26000 samples...
Train epoch: 1133 [0/26000 (0%)]	Loss: 0.025159
Train epoch: 1133 [266280/26000 (38%)]	Loss: 0.031646
Train epoch: 1133 [528840/26000 (77%)]	Loss: 0.031111
Make prediction for 870 samples...
epoch: 1133
AUC: 0.9476985012881621
TPR:  0.8463251670378619
precision:  0.945273631840796
accuracy:  0.8954022988505748
MCC:  0.7959509536947206
1133
Training on 26000 samples...
Train epoch: 1134 [0/26000 (0%)]	Loss: 0.011289
Train epoch: 1134 [258900/26000 (38%)]	Loss: 0.015268
Train epoch: 1134 [518720/26000 (77%)]	Loss: 0.027823
Make prediction for 870 samples...
epoch: 1134
AUC: 0.9474577974808098
TPR:  0.8463251670378619
precision:  0.945273631840796
accuracy:  0.8954022988505748
MCC:  0.7959509536947206
1134
Training on 26000 samples...
Train epoch: 1135 [0/26000 (0%)]	Loss: 0.015406
Train epoch: 1135 [272020/26000 (38%)]	Loss: 0.018464
Train epoch: 1135 [505280/26000 (77%)]	Loss: 0.025075
Make prediction for 870 samples...
epoch: 1135
AUC: 0.9468361997365484
TPR:  0.8418708240534521
precision:  0.9379652605459057
accuracy:  0.8896551724137931
MCC:  0.7842078111945994
1135
Training on 26000 samples...
Train epoch: 1136 [0/26000 (0%)]	Loss: 0.007502
Train epoch: 1136 [255780/26000 (38%)]	Loss: 0.010552
Train epoch: 1136 [512800/26000 (77%)]	Loss: 0.024240
Make prediction for 870 samples...
epoch: 1136
AUC: 0.9499388982642876
TPR:  0.8530066815144766
precision:  0.9387254901960784
accuracy:  0.8954022988505748
MCC:  0.79474551095864
1136
Training on 26000 samples...
Train epoch: 1137 [0/26000 (0%)]	Loss: 0.031525
Train epoch: 1137 [253940/26000 (38%)]	Loss: 0.019384
Train epoch: 1137 [508600/26000 (77%)]	Loss: 0.033090
Make prediction for 870 samples...
epoch: 1137
AUC: 0.9509466801390263
TPR:  0.844097995545657
precision:  0.949874686716792
accuracy:  0.896551724137931
MCC:  0.7989199917020897
1137
Training on 26000 samples...
Train epoch: 1138 [0/26000 (0%)]	Loss: 0.014766
Train epoch: 1138 [250960/26000 (38%)]	Loss: 0.013084
Train epoch: 1138 [525280/26000 (77%)]	Loss: 0.024445
Make prediction for 870 samples...
epoch: 1138
AUC: 0.9485079009040942
TPR:  0.8463251670378619
precision:  0.945273631840796
accuracy:  0.8954022988505748
MCC:  0.7959509536947206
1138
Training on 26000 samples...
Train epoch: 1139 [0/26000 (0%)]	Loss: 0.029679
Train epoch: 1139 [271700/26000 (38%)]	Loss: 0.023764
Train epoch: 1139 [527000/26000 (77%)]	Loss: 0.014912
Make prediction for 870 samples...
epoch: 1139
AUC: 0.9453999121827867
TPR:  0.8374164810690423
precision:  0.9567430025445293
accuracy:  0.896551724137931
MCC:  0.8003628604994885
1139
Training on 26000 samples...
Train epoch: 1140 [0/26000 (0%)]	Loss: 0.021211
Train epoch: 1140 [252420/26000 (38%)]	Loss: 0.012666
Train epoch: 1140 [534840/26000 (77%)]	Loss: 0.025568
Make prediction for 870 samples...
epoch: 1140
AUC: 0.9443180675980934
TPR:  0.8307349665924276
precision:  0.9419191919191919
accuracy:  0.8862068965517241
MCC:  0.778837571298587
1140
Training on 26000 samples...
Train epoch: 1141 [0/26000 (0%)]	Loss: 0.021103
Train epoch: 1141 [250140/26000 (38%)]	Loss: 0.015563
Train epoch: 1141 [522080/26000 (77%)]	Loss: 0.022865
Make prediction for 870 samples...
epoch: 1141
AUC: 0.9504599823307535
TPR:  0.8574610244988864
precision:  0.9322033898305084
accuracy:  0.8942528735632184
MCC:  0.7915559385284204
1141
Training on 26000 samples...
Train epoch: 1142 [0/26000 (0%)]	Loss: 0.027012
Train epoch: 1142 [251520/26000 (38%)]	Loss: 0.021623
Train epoch: 1142 [515440/26000 (77%)]	Loss: 0.036087
Make prediction for 870 samples...
epoch: 1142
AUC: 0.9484206127102189
TPR:  0.8574610244988864
precision:  0.9367396593673966
accuracy:  0.896551724137931
MCC:  0.7965043033120358
1142
Training on 26000 samples...
Train epoch: 1143 [0/26000 (0%)]	Loss: 0.018670
Train epoch: 1143 [258260/26000 (38%)]	Loss: 0.018582
Train epoch: 1143 [493720/26000 (77%)]	Loss: 0.027214
Make prediction for 870 samples...
epoch: 1143
AUC: 0.9488279576149691
TPR:  0.8507795100222717
precision:  0.9385749385749386
accuracy:  0.8942528735632184
MCC:  0.7926308395520176
1143
Training on 26000 samples...
Train epoch: 1144 [0/26000 (0%)]	Loss: 0.022032
Train epoch: 1144 [246840/26000 (38%)]	Loss: 0.022239
Train epoch: 1144 [514720/26000 (77%)]	Loss: 0.003767
Make prediction for 870 samples...
epoch: 1144
AUC: 0.9504705627178899
TPR:  0.8507795100222717
precision:  0.9408866995073891
accuracy:  0.8954022988505748
MCC:  0.7951301047898955
1144
Training on 26000 samples...
Train epoch: 1145 [0/26000 (0%)]	Loss: 0.023280
Train epoch: 1145 [254440/26000 (38%)]	Loss: 0.018988
Train epoch: 1145 [516760/26000 (77%)]	Loss: 0.018801
Make prediction for 870 samples...
epoch: 1145
AUC: 0.9477302424495712
TPR:  0.8708240534521158
precision:  0.9354066985645934
accuracy:  0.9022988505747126
MCC:  0.8068895512337271
1145
Training on 26000 samples...
Train epoch: 1146 [0/26000 (0%)]	Loss: 0.012515
Train epoch: 1146 [267920/26000 (38%)]	Loss: 0.019436
Train epoch: 1146 [538680/26000 (77%)]	Loss: 0.018476
Make prediction for 870 samples...
epoch: 1146
AUC: 0.9486957027757645
TPR:  0.8329621380846325
precision:  0.9516539440203562
accuracy:  0.8919540229885058
MCC:  0.7911195069404254
1146
Training on 26000 samples...
Train epoch: 1147 [0/26000 (0%)]	Loss: 0.015040
Train epoch: 1147 [255160/26000 (38%)]	Loss: 0.020054
Train epoch: 1147 [519840/26000 (77%)]	Loss: 0.009934
Make prediction for 870 samples...
epoch: 1147
AUC: 0.9498172238122193
TPR:  0.8596881959910914
precision:  0.9484029484029484
accuracy:  0.903448275862069
MCC:  0.8110694133311778
1147
Training on 26000 samples...
Train epoch: 1148 [0/26000 (0%)]	Loss: 0.019523
Train epoch: 1148 [254860/26000 (38%)]	Loss: 0.013706
Train epoch: 1148 [506320/26000 (77%)]	Loss: 0.018890
Make prediction for 870 samples...
epoch: 1148
AUC: 0.9499230276835829
TPR:  0.8574610244988864
precision:  0.9367396593673966
accuracy:  0.896551724137931
MCC:  0.7965043033120358
1148
Training on 26000 samples...
Train epoch: 1149 [0/26000 (0%)]	Loss: 0.024566
Train epoch: 1149 [255500/26000 (38%)]	Loss: 0.021955
Train epoch: 1149 [514600/26000 (77%)]	Loss: 0.037750
Make prediction for 870 samples...
epoch: 1149
AUC: 0.9472356093509461
TPR:  0.8530066815144766
precision:  0.9318734793187348
accuracy:  0.8919540229885058
MCC:  0.7872901003098421
1149
Training on 26000 samples...
Train epoch: 1150 [0/26000 (0%)]	Loss: 0.020013
Train epoch: 1150 [251480/26000 (38%)]	Loss: 0.009213
Train epoch: 1150 [518440/26000 (77%)]	Loss: 0.011309
Make prediction for 870 samples...
epoch: 1150
AUC: 0.9486480910336509
TPR:  0.8552338530066815
precision:  0.9411764705882353
accuracy:  0.8977011494252873
MCC:  0.7993544818456937
1150
Training on 26000 samples...
Train epoch: 1151 [0/26000 (0%)]	Loss: 0.022703
Train epoch: 1151 [255980/26000 (38%)]	Loss: 0.031051
Train epoch: 1151 [496200/26000 (77%)]	Loss: 0.030994
Make prediction for 870 samples...
epoch: 1151
AUC: 0.9479392050955144
TPR:  0.8708240534521158
precision:  0.92
accuracy:  0.8942528735632184
MCC:  0.7898634144419735
1151
Training on 26000 samples...
Train epoch: 1152 [0/26000 (0%)]	Loss: 0.013157
Train epoch: 1152 [267720/26000 (38%)]	Loss: 0.016168
Train epoch: 1152 [513680/26000 (77%)]	Loss: 0.015705
Make prediction for 870 samples...
epoch: 1152
AUC: 0.948473514645901
TPR:  0.8530066815144766
precision:  0.9364303178484108
accuracy:  0.8942528735632184
MCC:  0.7922554855400586
1152
Training on 26000 samples...
Train epoch: 1153 [0/26000 (0%)]	Loss: 0.016345
Train epoch: 1153 [266580/26000 (38%)]	Loss: 0.029033
Train epoch: 1153 [530600/26000 (77%)]	Loss: 0.019088
Make prediction for 870 samples...
epoch: 1153
AUC: 0.9477514032238439
TPR:  0.8485523385300668
precision:  0.9384236453201971
accuracy:  0.8931034482758621
MCC:  0.7905197640199503
1153
Training on 26000 samples...
Train epoch: 1154 [0/26000 (0%)]	Loss: 0.022287
Train epoch: 1154 [258860/26000 (38%)]	Loss: 0.017711
Train epoch: 1154 [501880/26000 (77%)]	Loss: 0.013792
Make prediction for 870 samples...
epoch: 1154
AUC: 0.9478624972887757
TPR:  0.8775055679287305
precision:  0.9227166276346604
accuracy:  0.8988505747126436
MCC:  0.7988419006376546
1154
Training on 26000 samples...
Train epoch: 1155 [0/26000 (0%)]	Loss: 0.014350
Train epoch: 1155 [256160/26000 (38%)]	Loss: 0.018797
Train epoch: 1155 [523560/26000 (77%)]	Loss: 0.019684
Make prediction for 870 samples...
epoch: 1155
AUC: 0.9508117802030377
TPR:  0.8685968819599109
precision:  0.9219858156028369
accuracy:  0.8942528735632184
MCC:  0.7901034165326393
1155
Training on 26000 samples...
Train epoch: 1156 [0/26000 (0%)]	Loss: 0.021208
Train epoch: 1156 [249780/26000 (38%)]	Loss: 0.022360
Train epoch: 1156 [521200/26000 (77%)]	Loss: 0.032972
Make prediction for 870 samples...
epoch: 1156
AUC: 0.9499230276835829
TPR:  0.8574610244988864
precision:  0.9367396593673966
accuracy:  0.896551724137931
MCC:  0.7965043033120358
1156
Training on 26000 samples...
Train epoch: 1157 [0/26000 (0%)]	Loss: 0.042845
Train epoch: 1157 [253880/26000 (38%)]	Loss: 0.025048
Train epoch: 1157 [502920/26000 (77%)]	Loss: 0.020272
Make prediction for 870 samples...
epoch: 1157
AUC: 0.9469129075432872
TPR:  0.8463251670378619
precision:  0.945273631840796
accuracy:  0.8954022988505748
MCC:  0.7959509536947206
1157
Training on 26000 samples...
Train epoch: 1158 [0/26000 (0%)]	Loss: 0.026678
Train epoch: 1158 [256820/26000 (38%)]	Loss: 0.012077
Train epoch: 1158 [540920/26000 (77%)]	Loss: 0.010524
Make prediction for 870 samples...
epoch: 1158
AUC: 0.9474207661258325
TPR:  0.8351893095768375
precision:  0.946969696969697
accuracy:  0.8908045977011494
MCC:  0.7880749397365483
1158
Training on 26000 samples...
Train epoch: 1159 [0/26000 (0%)]	Loss: 0.017110
Train epoch: 1159 [256080/26000 (38%)]	Loss: 0.039217
Train epoch: 1159 [508000/26000 (77%)]	Loss: 0.022037
Make prediction for 870 samples...
epoch: 1159
AUC: 0.948179908902867
TPR:  0.8574610244988864
precision:  0.9390243902439024
accuracy:  0.8977011494252873
MCC:  0.7989857630018578
1159
Training on 26000 samples...
Train epoch: 1160 [0/26000 (0%)]	Loss: 0.012077
Train epoch: 1160 [261820/26000 (38%)]	Loss: 0.008626
Train epoch: 1160 [505440/26000 (77%)]	Loss: 0.020365
Make prediction for 870 samples...
epoch: 1160
AUC: 0.9497220003279919
TPR:  0.844097995545657
precision:  0.9522613065326633
accuracy:  0.8977011494252873
MCC:  0.8014579062097786
1160
Training on 26000 samples...
Train epoch: 1161 [0/26000 (0%)]	Loss: 0.021112
Train epoch: 1161 [264920/26000 (38%)]	Loss: 0.026559
Train epoch: 1161 [513400/26000 (77%)]	Loss: 0.013662
Make prediction for 870 samples...
epoch: 1161
AUC: 0.9502377942008898
TPR:  0.8530066815144766
precision:  0.9296116504854369
accuracy:  0.8908045977011494
MCC:  0.7848146540454661
1161
Training on 26000 samples...
Train epoch: 1162 [0/26000 (0%)]	Loss: 0.012014
Train epoch: 1162 [269700/26000 (38%)]	Loss: 0.013252
Train epoch: 1162 [515640/26000 (77%)]	Loss: 0.031248
Make prediction for 870 samples...
epoch: 1162
AUC: 0.9490131143898556
TPR:  0.8552338530066815
precision:  0.9458128078817734
accuracy:  0.9
MCC:  0.8043507863297861
1162
Training on 26000 samples...
Train epoch: 1163 [0/26000 (0%)]	Loss: 0.020585
Train epoch: 1163 [267340/26000 (38%)]	Loss: 0.019841
Train epoch: 1163 [495000/26000 (77%)]	Loss: 0.017231
Make prediction for 870 samples...
epoch: 1163
AUC: 0.9508011998159014
TPR:  0.8463251670378619
precision:  0.9429280397022333
accuracy:  0.8942528735632184
MCC:  0.7934329745776597
1163
Training on 26000 samples...
Train epoch: 1164 [0/26000 (0%)]	Loss: 0.021876
Train epoch: 1164 [266160/26000 (38%)]	Loss: 0.025057
Train epoch: 1164 [499680/26000 (77%)]	Loss: 0.015046
Make prediction for 870 samples...
epoch: 1164
AUC: 0.950097604071333
TPR:  0.8463251670378619
precision:  0.945273631840796
accuracy:  0.8954022988505748
MCC:  0.7959509536947206
1164
Training on 26000 samples...
Train epoch: 1165 [0/26000 (0%)]	Loss: 0.017637
Train epoch: 1165 [250560/26000 (38%)]	Loss: 0.013300
Train epoch: 1165 [516480/26000 (77%)]	Loss: 0.017300
Make prediction for 870 samples...
epoch: 1165
AUC: 0.951081580075015
TPR:  0.8396436525612472
precision:  0.9592875318066157
accuracy:  0.8988505747126436
MCC:  0.80498453727902
1165
Training on 26000 samples...
Train epoch: 1166 [0/26000 (0%)]	Loss: 0.023970
Train epoch: 1166 [254900/26000 (38%)]	Loss: 0.012667
Train epoch: 1166 [508520/26000 (77%)]	Loss: 0.029370
Make prediction for 870 samples...
epoch: 1166
AUC: 0.9493411063910828
TPR:  0.8507795100222717
precision:  0.9408866995073891
accuracy:  0.8954022988505748
MCC:  0.7951301047898955
1166
Training on 26000 samples...
Train epoch: 1167 [0/26000 (0%)]	Loss: 0.014694
Train epoch: 1167 [258380/26000 (38%)]	Loss: 0.019180
Train epoch: 1167 [533280/26000 (77%)]	Loss: 0.035963
Make prediction for 870 samples...
epoch: 1167
AUC: 0.9498516100704125
TPR:  0.8507795100222717
precision:  0.9385749385749386
accuracy:  0.8942528735632184
MCC:  0.7926308395520176
1167
Training on 26000 samples...
Train epoch: 1168 [0/26000 (0%)]	Loss: 0.034401
Train epoch: 1168 [259840/26000 (38%)]	Loss: 0.027790
Train epoch: 1168 [493920/26000 (77%)]	Loss: 0.010027
Make prediction for 870 samples...
epoch: 1168
AUC: 0.9452729475371503
TPR:  0.8485523385300668
precision:  0.9477611940298507
accuracy:  0.8977011494252873
MCC:  0.8005643321288148
1168
Training on 26000 samples...
Train epoch: 1169 [0/26000 (0%)]	Loss: 0.017797
Train epoch: 1169 [268380/26000 (38%)]	Loss: 0.022209
Train epoch: 1169 [534480/26000 (77%)]	Loss: 0.010340
Make prediction for 870 samples...
epoch: 1169
AUC: 0.946156409863037
TPR:  0.8485523385300668
precision:  0.9454094292803971
accuracy:  0.896551724137931
MCC:  0.7980455562691899
1169
Training on 26000 samples...
Train epoch: 1170 [0/26000 (0%)]	Loss: 0.017500
Train epoch: 1170 [269600/26000 (38%)]	Loss: 0.025592
Train epoch: 1170 [525560/26000 (77%)]	Loss: 0.019440
Make prediction for 870 samples...
epoch: 1170
AUC: 0.9482381010321168
TPR:  0.8262806236080178
precision:  0.961139896373057
accuracy:  0.8931034482758621
MCC:  0.795303334165947
1170
Training on 26000 samples...
Train epoch: 1171 [0/26000 (0%)]	Loss: 0.015622
Train epoch: 1171 [248780/26000 (38%)]	Loss: 0.026538
Train epoch: 1171 [521560/26000 (77%)]	Loss: 0.032760
Make prediction for 870 samples...
epoch: 1171
AUC: 0.9456379708933551
TPR:  0.8574610244988864
precision:  0.927710843373494
accuracy:  0.8919540229885058
MCC:  0.7866266952808793
1171
Training on 26000 samples...
Train epoch: 1172 [0/26000 (0%)]	Loss: 0.036680
Train epoch: 1172 [251360/26000 (38%)]	Loss: 0.030772
Train epoch: 1172 [493320/26000 (77%)]	Loss: 0.009754
Make prediction for 870 samples...
epoch: 1172
AUC: 0.9476561797396167
TPR:  0.8463251670378619
precision:  0.9359605911330049
accuracy:  0.8908045977011494
MCC:  0.785909423250005
1172
Training on 26000 samples...
Train epoch: 1173 [0/26000 (0%)]	Loss: 0.032778
Train epoch: 1173 [270640/26000 (38%)]	Loss: 0.023790
Train epoch: 1173 [524040/26000 (77%)]	Loss: 0.030110
Make prediction for 870 samples...
epoch: 1173
AUC: 0.9486745420014919
TPR:  0.8374164810690423
precision:  0.9447236180904522
accuracy:  0.8908045977011494
MCC:  0.7876074603639254
1173
Training on 26000 samples...
Train epoch: 1174 [0/26000 (0%)]	Loss: 0.034994
Train epoch: 1174 [261860/26000 (38%)]	Loss: 0.016654
Train epoch: 1174 [512040/26000 (77%)]	Loss: 0.025928
Make prediction for 870 samples...
epoch: 1174
AUC: 0.9467145252844802
TPR:  0.8329621380846325
precision:  0.949238578680203
accuracy:  0.8908045977011494
MCC:  0.7885597451916568
1174
Training on 26000 samples...
Train epoch: 1175 [0/26000 (0%)]	Loss: 0.039299
Train epoch: 1175 [261380/26000 (38%)]	Loss: 0.019262
Train epoch: 1175 [502120/26000 (77%)]	Loss: 0.019948
Make prediction for 870 samples...
epoch: 1175
AUC: 0.9493569769717874
TPR:  0.8507795100222717
precision:  0.9478908188585607
accuracy:  0.8988505747126436
MCC:  0.80265813796072
1175
Training on 26000 samples...
Train epoch: 1176 [0/26000 (0%)]	Loss: 0.019639
Train epoch: 1176 [251520/26000 (38%)]	Loss: 0.034004
Train epoch: 1176 [505800/26000 (77%)]	Loss: 0.022046
Make prediction for 870 samples...
epoch: 1176
AUC: 0.9465214332192414
TPR:  0.8329621380846325
precision:  0.9420654911838791
accuracy:  0.8873563218390804
MCC:  0.7809124330925628
1176
Training on 26000 samples...
Train epoch: 1177 [0/26000 (0%)]	Loss: 0.033392
Train epoch: 1177 [267900/26000 (38%)]	Loss: 0.026110
Train epoch: 1177 [521600/26000 (77%)]	Loss: 0.021568
Make prediction for 870 samples...
epoch: 1177
AUC: 0.9454977807637981
TPR:  0.8485523385300668
precision:  0.9315403422982885
accuracy:  0.8896551724137931
MCC:  0.7830388394112505
1177
Training on 26000 samples...
Train epoch: 1178 [0/26000 (0%)]	Loss: 0.017748
Train epoch: 1178 [259620/26000 (38%)]	Loss: 0.029988
Train epoch: 1178 [505920/26000 (77%)]	Loss: 0.014951
Make prediction for 870 samples...
epoch: 1178
AUC: 0.9496161964566284
TPR:  0.8396436525612472
precision:  0.952020202020202
accuracy:  0.8954022988505748
MCC:  0.7973123081745095
1178
Training on 26000 samples...
Train epoch: 1179 [0/26000 (0%)]	Loss: 0.018483
Train epoch: 1179 [268320/26000 (38%)]	Loss: 0.025310
Train epoch: 1179 [504720/26000 (77%)]	Loss: 0.014309
Make prediction for 870 samples...
epoch: 1179
AUC: 0.9516291151093218
TPR:  0.844097995545657
precision:  0.9475
accuracy:  0.8954022988505748
MCC:  0.7963873290423805
1179
Training on 26000 samples...
Train epoch: 1180 [0/26000 (0%)]	Loss: 0.009423
Train epoch: 1180 [260920/26000 (38%)]	Loss: 0.019001
Train epoch: 1180 [497040/26000 (77%)]	Loss: 0.020071
Make prediction for 870 samples...
epoch: 1180
AUC: 0.9478069502563099
TPR:  0.8396436525612472
precision:  0.9378109452736318
accuracy:  0.8885057471264368
MCC:  0.782110818392438
1180
Training on 26000 samples...
Train epoch: 1181 [0/26000 (0%)]	Loss: 0.030748
Train epoch: 1181 [246340/26000 (38%)]	Loss: 0.022407
Train epoch: 1181 [524840/26000 (77%)]	Loss: 0.017816
Make prediction for 870 samples...
epoch: 1181
AUC: 0.9482619069031736
TPR:  0.8463251670378619
precision:  0.9476309226932669
accuracy:  0.896551724137931
MCC:  0.7984740722776837
1181
Training on 26000 samples...
Train epoch: 1182 [0/26000 (0%)]	Loss: 0.028670
Train epoch: 1182 [255740/26000 (38%)]	Loss: 0.027888
Train epoch: 1182 [517640/26000 (77%)]	Loss: 0.020130
Make prediction for 870 samples...
epoch: 1182
AUC: 0.9489602124541736
TPR:  0.8351893095768375
precision:  0.9493670886075949
accuracy:  0.8919540229885058
MCC:  0.7906250003247357
1182
Training on 26000 samples...
Train epoch: 1183 [0/26000 (0%)]	Loss: 0.019083
Train epoch: 1183 [267340/26000 (38%)]	Loss: 0.021780
Train epoch: 1183 [538600/26000 (77%)]	Loss: 0.021224
Make prediction for 870 samples...
epoch: 1183
AUC: 0.9483888715488099
TPR:  0.8396436525612472
precision:  0.9378109452736318
accuracy:  0.8885057471264368
MCC:  0.782110818392438
1183
Training on 26000 samples...
Train epoch: 1184 [0/26000 (0%)]	Loss: 0.012318
Train epoch: 1184 [264500/26000 (38%)]	Loss: 0.029145
Train epoch: 1184 [529840/26000 (77%)]	Loss: 0.009824
Make prediction for 870 samples...
epoch: 1184
AUC: 0.9487221537436056
TPR:  0.8396436525612472
precision:  0.9472361809045227
accuracy:  0.8931034482758621
MCC:  0.7922242756458764
1184
Training on 26000 samples...
Train epoch: 1185 [0/26000 (0%)]	Loss: 0.012348
Train epoch: 1185 [250880/26000 (38%)]	Loss: 0.028295
Train epoch: 1185 [507160/26000 (77%)]	Loss: 0.030158
Make prediction for 870 samples...
epoch: 1185
AUC: 0.9460241550238323
TPR:  0.8329621380846325
precision:  0.9444444444444444
accuracy:  0.8885057471264368
MCC:  0.7834562555175677
1185
Training on 26000 samples...
Train epoch: 1186 [0/26000 (0%)]	Loss: 0.021344
Train epoch: 1186 [253960/26000 (38%)]	Loss: 0.015252
Train epoch: 1186 [512240/26000 (77%)]	Loss: 0.025200
Make prediction for 870 samples...
epoch: 1186
AUC: 0.9471271603827985
TPR:  0.8396436525612472
precision:  0.9448621553884712
accuracy:  0.8919540229885058
MCC:  0.7896881546892152
1186
Training on 26000 samples...
Train epoch: 1187 [0/26000 (0%)]	Loss: 0.025113
Train epoch: 1187 [256860/26000 (38%)]	Loss: 0.031750
Train epoch: 1187 [516040/26000 (77%)]	Loss: 0.020851
Make prediction for 870 samples...
epoch: 1187
AUC: 0.9480793952250712
TPR:  0.8418708240534521
precision:  0.9264705882352942
accuracy:  0.8839080459770114
MCC:  0.7717006565233716
1187
Training on 26000 samples...
Train epoch: 1188 [0/26000 (0%)]	Loss: 0.007398
Train epoch: 1188 [275680/26000 (38%)]	Loss: 0.019755
Train epoch: 1188 [515600/26000 (77%)]	Loss: 0.018724
Make prediction for 870 samples...
epoch: 1188
AUC: 0.9487512498082306
TPR:  0.8530066815144766
precision:  0.9318734793187348
accuracy:  0.8919540229885058
MCC:  0.7872901003098421
1188
Training on 26000 samples...
Train epoch: 1189 [0/26000 (0%)]	Loss: 0.024153
Train epoch: 1189 [266380/26000 (38%)]	Loss: 0.029463
Train epoch: 1189 [494200/26000 (77%)]	Loss: 0.019130
Make prediction for 870 samples...
epoch: 1189
AUC: 0.9481508128382419
TPR:  0.8396436525612472
precision:  0.9472361809045227
accuracy:  0.8931034482758621
MCC:  0.7922242756458764
1189
Training on 26000 samples...
Train epoch: 1190 [0/26000 (0%)]	Loss: 0.023386
Train epoch: 1190 [264220/26000 (38%)]	Loss: 0.026448
Train epoch: 1190 [503080/26000 (77%)]	Loss: 0.034385
Make prediction for 870 samples...
epoch: 1190
AUC: 0.9484232578070031
TPR:  0.8240534521158129
precision:  0.9536082474226805
accuracy:  0.8885057471264368
MCC:  0.7854917155225566
1190
Training on 26000 samples...
Train epoch: 1191 [0/26000 (0%)]	Loss: 0.017036
Train epoch: 1191 [260140/26000 (38%)]	Loss: 0.015509
Train epoch: 1191 [518360/26000 (77%)]	Loss: 0.013840
Make prediction for 870 samples...
epoch: 1191
AUC: 0.948042363870094
TPR:  0.8485523385300668
precision:  0.9338235294117647
accuracy:  0.8908045977011494
MCC:  0.7855275691845327
1191
Training on 26000 samples...
Train epoch: 1192 [0/26000 (0%)]	Loss: 0.033564
Train epoch: 1192 [257860/26000 (38%)]	Loss: 0.020976
Train epoch: 1192 [523280/26000 (77%)]	Loss: 0.016194
Make prediction for 870 samples...
epoch: 1192
AUC: 0.9507192018155946
TPR:  0.844097995545657
precision:  0.9404466501240695
accuracy:  0.8919540229885058
MCC:  0.7888203928861296
1192
Training on 26000 samples...
Train epoch: 1193 [0/26000 (0%)]	Loss: 0.017765
Train epoch: 1193 [272520/26000 (38%)]	Loss: 0.041125
Train epoch: 1193 [498240/26000 (77%)]	Loss: 0.022719
Make prediction for 870 samples...
epoch: 1193
AUC: 0.9498225140057874
TPR:  0.8374164810690423
precision:  0.9423558897243107
accuracy:  0.8896551724137931
MCC:  0.7850722361827779
1193
Training on 26000 samples...
Train epoch: 1194 [0/26000 (0%)]	Loss: 0.023864
Train epoch: 1194 [257240/26000 (38%)]	Loss: 0.020070
Train epoch: 1194 [499720/26000 (77%)]	Loss: 0.022688
Make prediction for 870 samples...
epoch: 1194
AUC: 0.9481772638060827
TPR:  0.8485523385300668
precision:  0.943069306930693
accuracy:  0.8954022988505748
MCC:  0.7955318995622573
1194
Training on 26000 samples...
Train epoch: 1195 [0/26000 (0%)]	Loss: 0.018188
Train epoch: 1195 [258000/26000 (38%)]	Loss: 0.022540
Train epoch: 1195 [524200/26000 (77%)]	Loss: 0.037752
Make prediction for 870 samples...
epoch: 1195
AUC: 0.9503541784593899
TPR:  0.8574610244988864
precision:  0.9506172839506173
accuracy:  0.903448275862069
MCC:  0.8114675686236703
1195
Training on 26000 samples...
Train epoch: 1196 [0/26000 (0%)]	Loss: 0.017786
Train epoch: 1196 [260860/26000 (38%)]	Loss: 0.015724
Train epoch: 1196 [530440/26000 (77%)]	Loss: 0.014150
Make prediction for 870 samples...
epoch: 1196
AUC: 0.9498595453607647
TPR:  0.8463251670378619
precision:  0.9476309226932669
accuracy:  0.896551724137931
MCC:  0.7984740722776837
1196
Training on 26000 samples...
Train epoch: 1197 [0/26000 (0%)]	Loss: 0.025569
Train epoch: 1197 [274900/26000 (38%)]	Loss: 0.015655
Train epoch: 1197 [514720/26000 (77%)]	Loss: 0.015930
Make prediction for 870 samples...
epoch: 1197
AUC: 0.9503938549111512
TPR:  0.8530066815144766
precision:  0.9433497536945813
accuracy:  0.8977011494252873
MCC:  0.7997404455598408
1197
Training on 26000 samples...
Train epoch: 1198 [0/26000 (0%)]	Loss: 0.012112
Train epoch: 1198 [256580/26000 (38%)]	Loss: 0.012652
Train epoch: 1198 [509200/26000 (77%)]	Loss: 0.029324
Make prediction for 870 samples...
epoch: 1198
AUC: 0.9484020970327305
TPR:  0.8552338530066815
precision:  0.9343065693430657
accuracy:  0.8942528735632184
MCC:  0.791897201810939
1198
Training on 26000 samples...
Train epoch: 1199 [0/26000 (0%)]	Loss: 0.024607
Train epoch: 1199 [253280/26000 (38%)]	Loss: 0.015437
Train epoch: 1199 [507480/26000 (77%)]	Loss: 0.016529
Make prediction for 870 samples...
epoch: 1199
AUC: 0.9481931343867872
TPR:  0.844097995545657
precision:  0.9404466501240695
accuracy:  0.8919540229885058
MCC:  0.7888203928861296
1199
Training on 26000 samples...
Train epoch: 1200 [0/26000 (0%)]	Loss: 0.020332
Train epoch: 1200 [265000/26000 (38%)]	Loss: 0.014367
Train epoch: 1200 [524040/26000 (77%)]	Loss: 0.019837
Make prediction for 870 samples...
epoch: 1200
AUC: 0.9522930344021288
TPR:  0.8507795100222717
precision:  0.9478908188585607
accuracy:  0.8988505747126436
MCC:  0.80265813796072
1200
Training on 26000 samples...
Train epoch: 1201 [0/26000 (0%)]	Loss: 0.016254
Train epoch: 1201 [254660/26000 (38%)]	Loss: 0.020916
Train epoch: 1201 [522440/26000 (77%)]	Loss: 0.022682
Make prediction for 870 samples...
epoch: 1201
AUC: 0.9517454993678217
TPR:  0.8574610244988864
precision:  0.9210526315789473
accuracy:  0.8885057471264368
MCC:  0.7792679452224996
1201
Training on 26000 samples...
Train epoch: 1202 [0/26000 (0%)]	Loss: 0.027833
Train epoch: 1202 [262680/26000 (38%)]	Loss: 0.014998
Train epoch: 1202 [522720/26000 (77%)]	Loss: 0.027480
Make prediction for 870 samples...
epoch: 1202
AUC: 0.9515973739479127
TPR:  0.8463251670378619
precision:  0.9405940594059405
accuracy:  0.8931034482758621
MCC:  0.7909200897043261
1202
Training on 26000 samples...
Train epoch: 1203 [0/26000 (0%)]	Loss: 0.027581
Train epoch: 1203 [261140/26000 (38%)]	Loss: 0.216094
Train epoch: 1203 [510680/26000 (77%)]	Loss: 0.020643
Make prediction for 870 samples...
epoch: 1203
AUC: 0.9511979643335151
TPR:  0.8619153674832962
precision:  0.9532019704433498
accuracy:  0.906896551724138
MCC:  0.818181808639622
1203
Training on 26000 samples...
Train epoch: 1204 [0/26000 (0%)]	Loss: 0.021013
Train epoch: 1204 [254440/26000 (38%)]	Loss: 0.019555
Train epoch: 1204 [521600/26000 (77%)]	Loss: 0.021285
Make prediction for 870 samples...
epoch: 1204
AUC: 0.9528590851139244
TPR:  0.8708240534521158
precision:  0.9221698113207547
accuracy:  0.8954022988505748
MCC:  0.7922820962277366
1204
Training on 26000 samples...
Train epoch: 1205 [0/26000 (0%)]	Loss: 0.015385
Train epoch: 1205 [256740/26000 (38%)]	Loss: 0.014559
Train epoch: 1205 [515880/26000 (77%)]	Loss: 0.016810
Make prediction for 870 samples...
epoch: 1205
AUC: 0.9471879976088325
TPR:  0.8530066815144766
precision:  0.9527363184079602
accuracy:  0.9022988505747126
MCC:  0.8097910889970032
1205
Training on 26000 samples...
Train epoch: 1206 [0/26000 (0%)]	Loss: 0.011201
Train epoch: 1206 [268080/26000 (38%)]	Loss: 0.015968
Train epoch: 1206 [531800/26000 (77%)]	Loss: 0.014699
Make prediction for 870 samples...
epoch: 1206
AUC: 0.9518407228520491
TPR:  0.8463251670378619
precision:  0.95
accuracy:  0.8977011494252873
MCC:  0.8010023758435986
1206
Training on 26000 samples...
Train epoch: 1207 [0/26000 (0%)]	Loss: 0.017548
Train epoch: 1207 [268160/26000 (38%)]	Loss: 0.018472
Train epoch: 1207 [518880/26000 (77%)]	Loss: 0.009169
Make prediction for 870 samples...
epoch: 1207
AUC: 0.9484259029037874
TPR:  0.8507795100222717
precision:  0.9385749385749386
accuracy:  0.8942528735632184
MCC:  0.7926308395520176
1207
Training on 26000 samples...
Train epoch: 1208 [0/26000 (0%)]	Loss: 0.014308
Train epoch: 1208 [255120/26000 (38%)]	Loss: 0.019090
Train epoch: 1208 [531000/26000 (77%)]	Loss: 0.026791
Make prediction for 870 samples...
epoch: 1208
AUC: 0.9482354559353328
TPR:  0.8552338530066815
precision:  0.9458128078817734
accuracy:  0.9
MCC:  0.8043507863297861
1208
Training on 26000 samples...
Train epoch: 1209 [0/26000 (0%)]	Loss: 0.011645
Train epoch: 1209 [260920/26000 (38%)]	Loss: 0.027786
Train epoch: 1209 [539720/26000 (77%)]	Loss: 0.017401
Make prediction for 870 samples...
epoch: 1209
AUC: 0.9496214866501964
TPR:  0.8485523385300668
precision:  0.9477611940298507
accuracy:  0.8977011494252873
MCC:  0.8005643321288148
1209
Training on 26000 samples...
Train epoch: 1210 [0/26000 (0%)]	Loss: 0.031254
Train epoch: 1210 [261400/26000 (38%)]	Loss: 0.022443
Train epoch: 1210 [525600/26000 (77%)]	Loss: 0.019168
Make prediction for 870 samples...
epoch: 1210
AUC: 0.9496056160694919
TPR:  0.8374164810690423
precision:  0.9543147208121827
accuracy:  0.8954022988505748
MCC:  0.7978010531420958
1210
Training on 26000 samples...
Train epoch: 1211 [0/26000 (0%)]	Loss: 0.014752
Train epoch: 1211 [259680/26000 (38%)]	Loss: 0.013458
Train epoch: 1211 [516960/26000 (77%)]	Loss: 0.029426
Make prediction for 870 samples...
epoch: 1211
AUC: 0.9439689148225935
TPR:  0.8463251670378619
precision:  0.945273631840796
accuracy:  0.8954022988505748
MCC:  0.7959509536947206
1211
Training on 26000 samples...
Train epoch: 1212 [0/26000 (0%)]	Loss: 0.018045
Train epoch: 1212 [257640/26000 (38%)]	Loss: 0.023246
Train epoch: 1212 [512760/26000 (77%)]	Loss: 0.020690
Make prediction for 870 samples...
epoch: 1212
AUC: 0.9496241317469807
TPR:  0.8485523385300668
precision:  0.9454094292803971
accuracy:  0.896551724137931
MCC:  0.7980455562691899
1212
Training on 26000 samples...
Train epoch: 1213 [0/26000 (0%)]	Loss: 0.022358
Train epoch: 1213 [264760/26000 (38%)]	Loss: 0.030575
Train epoch: 1213 [514640/26000 (77%)]	Loss: 0.025400
Make prediction for 870 samples...
epoch: 1213
AUC: 0.9492220770357988
TPR:  0.844097995545657
precision:  0.949874686716792
accuracy:  0.896551724137931
MCC:  0.7989199917020897
1213
Training on 26000 samples...
Train epoch: 1214 [0/26000 (0%)]	Loss: 0.016066
Train epoch: 1214 [260500/26000 (38%)]	Loss: 0.027828
Train epoch: 1214 [510120/26000 (77%)]	Loss: 0.024696
Make prediction for 870 samples...
epoch: 1214
AUC: 0.9465743351549234
TPR:  0.8552338530066815
precision:  0.9388753056234719
accuracy:  0.896551724137931
MCC:  0.7968638086044627
1214
Training on 26000 samples...
Train epoch: 1215 [0/26000 (0%)]	Loss: 0.026991
Train epoch: 1215 [262900/26000 (38%)]	Loss: 0.021899
Train epoch: 1215 [539640/26000 (77%)]	Loss: 0.012915
Make prediction for 870 samples...
epoch: 1215
AUC: 0.9441117500489343
TPR:  0.844097995545657
precision:  0.9358024691358025
accuracy:  0.8896551724137931
MCC:  0.7838011912472583
1215
Training on 26000 samples...
Train epoch: 1216 [0/26000 (0%)]	Loss: 0.025832
Train epoch: 1216 [248260/26000 (38%)]	Loss: 0.017246
Train epoch: 1216 [526000/26000 (77%)]	Loss: 0.023531
Make prediction for 870 samples...
epoch: 1216
AUC: 0.948560802839776
TPR:  0.844097995545657
precision:  0.9475
accuracy:  0.8954022988505748
MCC:  0.7963873290423805
1216
Training on 26000 samples...
Train epoch: 1217 [0/26000 (0%)]	Loss: 0.007947
Train epoch: 1217 [261780/26000 (38%)]	Loss: 0.030380
Train epoch: 1217 [505240/26000 (77%)]	Loss: 0.009672
Make prediction for 870 samples...
epoch: 1217
AUC: 0.9476376640621281
TPR:  0.8396436525612472
precision:  0.9425
accuracy:  0.8908045977011494
MCC:  0.7871572354399443
1217
Training on 26000 samples...
Train epoch: 1218 [0/26000 (0%)]	Loss: 0.017954
Train epoch: 1218 [265280/26000 (38%)]	Loss: 0.010016
Train epoch: 1218 [519600/26000 (77%)]	Loss: 0.030006
Make prediction for 870 samples...
epoch: 1218
AUC: 0.9482883578710145
TPR:  0.8463251670378619
precision:  0.9382716049382716
accuracy:  0.8919540229885058
MCC:  0.7884122541433269
1218
Training on 26000 samples...
Train epoch: 1219 [0/26000 (0%)]	Loss: 0.024910
Train epoch: 1219 [259920/26000 (38%)]	Loss: 0.026169
Train epoch: 1219 [516440/26000 (77%)]	Loss: 0.031663
Make prediction for 870 samples...
epoch: 1219
AUC: 0.9485951890979691
TPR:  0.8351893095768375
precision:  0.946969696969697
accuracy:  0.8908045977011494
MCC:  0.7880749397365483
1219
Training on 26000 samples...
Train epoch: 1220 [0/26000 (0%)]	Loss: 0.017019
Train epoch: 1220 [262120/26000 (38%)]	Loss: 0.022836
Train epoch: 1220 [522440/26000 (77%)]	Loss: 0.025588
Make prediction for 870 samples...
epoch: 1220
AUC: 0.9509202291711855
TPR:  0.8574610244988864
precision:  0.9367396593673966
accuracy:  0.896551724137931
MCC:  0.7965043033120358
1220
Training on 26000 samples...
Train epoch: 1221 [0/26000 (0%)]	Loss: 0.027764
Train epoch: 1221 [253920/26000 (38%)]	Loss: 0.013979
Train epoch: 1221 [504960/26000 (77%)]	Loss: 0.033099
Make prediction for 870 samples...
epoch: 1221
AUC: 0.9456855826354686
TPR:  0.8530066815144766
precision:  0.9184652278177458
accuracy:  0.8850574712643678
MCC:  0.7725081807341729
1221
Training on 26000 samples...
Train epoch: 1222 [0/26000 (0%)]	Loss: 0.023527
Train epoch: 1222 [253940/26000 (38%)]	Loss: 0.027698
Train epoch: 1222 [533480/26000 (77%)]	Loss: 0.014422
Make prediction for 870 samples...
epoch: 1222
AUC: 0.9476429542556962
TPR:  0.8485523385300668
precision:  0.9384236453201971
accuracy:  0.8931034482758621
MCC:  0.7905197640199503
1222
Training on 26000 samples...
Train epoch: 1223 [0/26000 (0%)]	Loss: 0.018052
Train epoch: 1223 [252180/26000 (38%)]	Loss: 0.043003
Train epoch: 1223 [501800/26000 (77%)]	Loss: 0.023527
Make prediction for 870 samples...
epoch: 1223
AUC: 0.9487247988403897
TPR:  0.8485523385300668
precision:  0.9384236453201971
accuracy:  0.8931034482758621
MCC:  0.7905197640199503
1223
Training on 26000 samples...
Train epoch: 1224 [0/26000 (0%)]	Loss: 0.017050
Train epoch: 1224 [257720/26000 (38%)]	Loss: 0.011160
Train epoch: 1224 [518360/26000 (77%)]	Loss: 0.021016
Make prediction for 870 samples...
epoch: 1224
AUC: 0.9483756460648893
TPR:  0.8485523385300668
precision:  0.9454094292803971
accuracy:  0.896551724137931
MCC:  0.7980455562691899
1224
Training on 26000 samples...
Train epoch: 1225 [0/26000 (0%)]	Loss: 0.036211
Train epoch: 1225 [256220/26000 (38%)]	Loss: 0.012117
Train epoch: 1225 [520160/26000 (77%)]	Loss: 0.024848
Make prediction for 870 samples...
epoch: 1225
AUC: 0.9476032778039348
TPR:  0.8418708240534521
precision:  0.9473684210526315
accuracy:  0.8942528735632184
MCC:  0.7943040731956524
1225
Training on 26000 samples...
Train epoch: 1226 [0/26000 (0%)]	Loss: 0.039437
Train epoch: 1226 [265160/26000 (38%)]	Loss: 0.016945
Train epoch: 1226 [500120/26000 (77%)]	Loss: 0.020718
Make prediction for 870 samples...
epoch: 1226
AUC: 0.9466431076713099
TPR:  0.8552338530066815
precision:  0.9343065693430657
accuracy:  0.8942528735632184
MCC:  0.791897201810939
1226
Training on 26000 samples...
Train epoch: 1227 [0/26000 (0%)]	Loss: 0.014830
Train epoch: 1227 [254580/26000 (38%)]	Loss: 0.009525
Train epoch: 1227 [518360/26000 (77%)]	Loss: 0.019302
Make prediction for 870 samples...
epoch: 1227
AUC: 0.9464367901221504
TPR:  0.8418708240534521
precision:  0.9473684210526315
accuracy:  0.8942528735632184
MCC:  0.7943040731956524
1227
Training on 26000 samples...
Train epoch: 1228 [0/26000 (0%)]	Loss: 0.019252
Train epoch: 1228 [263880/26000 (38%)]	Loss: 0.012081
Train epoch: 1228 [503840/26000 (77%)]	Loss: 0.020243
Make prediction for 870 samples...
epoch: 1228
AUC: 0.9454184278602753
TPR:  0.8374164810690423
precision:  0.9494949494949495
accuracy:  0.8931034482758621
MCC:  0.7926936239555289
1228
Training on 26000 samples...
Train epoch: 1229 [0/26000 (0%)]	Loss: 0.017777
Train epoch: 1229 [272660/26000 (38%)]	Loss: 0.027794
Train epoch: 1229 [528200/26000 (77%)]	Loss: 0.025394
Make prediction for 870 samples...
epoch: 1229
AUC: 0.9491506594226282
TPR:  0.8351893095768375
precision:  0.9517766497461929
accuracy:  0.8931034482758621
MCC:  0.7931803991668763
1229
Training on 26000 samples...
Train epoch: 1230 [0/26000 (0%)]	Loss: 0.021293
Train epoch: 1230 [258120/26000 (38%)]	Loss: 0.027773
Train epoch: 1230 [514840/26000 (77%)]	Loss: 0.030885
Make prediction for 870 samples...
epoch: 1230
AUC: 0.9476191483846395
TPR:  0.8396436525612472
precision:  0.9425
accuracy:  0.8908045977011494
MCC:  0.7871572354399443
1230
Training on 26000 samples...
Train epoch: 1231 [0/26000 (0%)]	Loss: 0.016810
Train epoch: 1231 [258280/26000 (38%)]	Loss: 0.017064
Train epoch: 1231 [546960/26000 (77%)]	Loss: 0.010880
Make prediction for 870 samples...
epoch: 1231
AUC: 0.9474604425775939
TPR:  0.8485523385300668
precision:  0.9454094292803971
accuracy:  0.896551724137931
MCC:  0.7980455562691899
1231
Training on 26000 samples...
Train epoch: 1232 [0/26000 (0%)]	Loss: 0.013029
Train epoch: 1232 [253860/26000 (38%)]	Loss: 0.017584
Train epoch: 1232 [514720/26000 (77%)]	Loss: 0.020423
Make prediction for 870 samples...
epoch: 1232
AUC: 0.9446196086314799
TPR:  0.8418708240534521
precision:  0.9473684210526315
accuracy:  0.8942528735632184
MCC:  0.7943040731956524
1232
Training on 26000 samples...
Train epoch: 1233 [0/26000 (0%)]	Loss: 0.007774
Train epoch: 1233 [256920/26000 (38%)]	Loss: 0.018229
Train epoch: 1233 [530800/26000 (77%)]	Loss: 0.018068
Make prediction for 870 samples...
epoch: 1233
AUC: 0.9454977807637982
TPR:  0.8485523385300668
precision:  0.9477611940298507
accuracy:  0.8977011494252873
MCC:  0.8005643321288148
1233
Training on 26000 samples...
Train epoch: 1234 [0/26000 (0%)]	Loss: 0.030279
Train epoch: 1234 [267420/26000 (38%)]	Loss: 0.016560
Train epoch: 1234 [491800/26000 (77%)]	Loss: 0.007630
Make prediction for 870 samples...
epoch: 1234
AUC: 0.9479709462569236
TPR:  0.844097995545657
precision:  0.9451371571072319
accuracy:  0.8942528735632184
MCC:  0.7938598721535957
1234
Training on 26000 samples...
Train epoch: 1235 [0/26000 (0%)]	Loss: 0.017381
Train epoch: 1235 [266220/26000 (38%)]	Loss: 0.031422
Train epoch: 1235 [509760/26000 (77%)]	Loss: 0.009935
Make prediction for 870 samples...
epoch: 1235
AUC: 0.9470742584471167
TPR:  0.8552338530066815
precision:  0.9320388349514563
accuracy:  0.8931034482758621
MCC:  0.7894211817472887
1235
Training on 26000 samples...
Train epoch: 1236 [0/26000 (0%)]	Loss: 0.027811
Train epoch: 1236 [262340/26000 (38%)]	Loss: 0.032630
Train epoch: 1236 [516920/26000 (77%)]	Loss: 0.018260
Make prediction for 870 samples...
epoch: 1236
AUC: 0.9466748488327189
TPR:  0.8485523385300668
precision:  0.9292682926829269
accuracy:  0.8885057471264368
MCC:  0.7805549632189699
1236
Training on 26000 samples...
Train epoch: 1237 [0/26000 (0%)]	Loss: 0.018905
Train epoch: 1237 [252480/26000 (38%)]	Loss: 0.013643
Train epoch: 1237 [527960/26000 (77%)]	Loss: 0.017384
Make prediction for 870 samples...
epoch: 1237
AUC: 0.9458125472811052
TPR:  0.844097995545657
precision:  0.949874686716792
accuracy:  0.896551724137931
MCC:  0.7989199917020897
1237
Training on 26000 samples...
Train epoch: 1238 [0/26000 (0%)]	Loss: 0.022321
Train epoch: 1238 [254680/26000 (38%)]	Loss: 0.015592
Train epoch: 1238 [552320/26000 (77%)]	Loss: 0.030459
Make prediction for 870 samples...
epoch: 1238
AUC: 0.9446778007607298
TPR:  0.8619153674832962
precision:  0.9325301204819277
accuracy:  0.896551724137931
MCC:  0.7958366030949541
1238
Training on 26000 samples...
Train epoch: 1239 [0/26000 (0%)]	Loss: 0.011794
Train epoch: 1239 [258160/26000 (38%)]	Loss: 0.013890
Train epoch: 1239 [535280/26000 (77%)]	Loss: 0.028016
Make prediction for 870 samples...
epoch: 1239
AUC: 0.9440667834036047
TPR:  0.8374164810690423
precision:  0.9543147208121827
accuracy:  0.8954022988505748
MCC:  0.7978010531420958
1239
Training on 26000 samples...
Train epoch: 1240 [0/26000 (0%)]	Loss: 0.030303
Train epoch: 1240 [260420/26000 (38%)]	Loss: 0.018636
Train epoch: 1240 [521080/26000 (77%)]	Loss: 0.015798
Make prediction for 870 samples...
epoch: 1240
AUC: 0.9437890482412752
TPR:  0.8351893095768375
precision:  0.9517766497461929
accuracy:  0.8931034482758621
MCC:  0.7931803991668763
1240
Training on 26000 samples...
Train epoch: 1241 [0/26000 (0%)]	Loss: 0.020009
Train epoch: 1241 [270000/26000 (38%)]	Loss: 0.014482
Train epoch: 1241 [526640/26000 (77%)]	Loss: 0.018147
Make prediction for 870 samples...
epoch: 1241
AUC: 0.9452570769564457
TPR:  0.8374164810690423
precision:  0.9518987341772152
accuracy:  0.8942528735632184
MCC:  0.7952446567959571
1241
Training on 26000 samples...
Train epoch: 1242 [0/26000 (0%)]	Loss: 0.041044
Train epoch: 1242 [252920/26000 (38%)]	Loss: 0.016765
Train epoch: 1242 [512640/26000 (77%)]	Loss: 0.016094
Make prediction for 870 samples...
epoch: 1242
AUC: 0.9445640615990141
TPR:  0.8530066815144766
precision:  0.9341463414634147
accuracy:  0.8931034482758621
MCC:  0.7897703631104138
1242
Training on 26000 samples...
Train epoch: 1243 [0/26000 (0%)]	Loss: 0.025438
Train epoch: 1243 [254480/26000 (38%)]	Loss: 0.020228
Train epoch: 1243 [509160/26000 (77%)]	Loss: 0.015915
Make prediction for 870 samples...
epoch: 1243
AUC: 0.9439530442418889
TPR:  0.8418708240534521
precision:  0.9402985074626866
accuracy:  0.8908045977011494
MCC:  0.7867241968265323
1243
Training on 26000 samples...
Train epoch: 1244 [0/26000 (0%)]	Loss: 0.018211
Train epoch: 1244 [254900/26000 (38%)]	Loss: 0.018254
Train epoch: 1244 [507960/26000 (77%)]	Loss: 0.018887
Make prediction for 870 samples...
epoch: 1244
AUC: 0.9426543017209
TPR:  0.8329621380846325
precision:  0.9468354430379747
accuracy:  0.8896551724137931
MCC:  0.7860053438535143
1244
Training on 26000 samples...
Train epoch: 1245 [0/26000 (0%)]	Loss: 0.017803
Train epoch: 1245 [272360/26000 (38%)]	Loss: 0.025717
Train epoch: 1245 [508680/26000 (77%)]	Loss: 0.024205
Make prediction for 870 samples...
epoch: 1245
AUC: 0.9445005792761957
TPR:  0.8574610244988864
precision:  0.9367396593673966
accuracy:  0.896551724137931
MCC:  0.7965043033120358
1245
Training on 26000 samples...
Train epoch: 1246 [0/26000 (0%)]	Loss: 0.017401
Train epoch: 1246 [263980/26000 (38%)]	Loss: 0.014724
Train epoch: 1246 [522920/26000 (77%)]	Loss: 0.016197
Make prediction for 870 samples...
epoch: 1246
AUC: 0.9492379476165033
TPR:  0.8552338530066815
precision:  0.9343065693430657
accuracy:  0.8942528735632184
MCC:  0.791897201810939
1246
Training on 26000 samples...
Train epoch: 1247 [0/26000 (0%)]	Loss: 0.025913
Train epoch: 1247 [261000/26000 (38%)]	Loss: 0.020160
Train epoch: 1247 [525680/26000 (77%)]	Loss: 0.022236
Make prediction for 870 samples...
epoch: 1247
AUC: 0.9470954192213894
TPR:  0.8507795100222717
precision:  0.9385749385749386
accuracy:  0.8942528735632184
MCC:  0.7926308395520176
1247
Training on 26000 samples...
Train epoch: 1248 [0/26000 (0%)]	Loss: 0.019650
Train epoch: 1248 [256080/26000 (38%)]	Loss: 0.029757
Train epoch: 1248 [511200/26000 (77%)]	Loss: 0.028523
Make prediction for 870 samples...
epoch: 1248
AUC: 0.9480502991604463
TPR:  0.8574610244988864
precision:  0.9344660194174758
accuracy:  0.8954022988505748
MCC:  0.7940277094491114
1248
Training on 26000 samples...
Train epoch: 1249 [0/26000 (0%)]	Loss: 0.017957
Train epoch: 1249 [260020/26000 (38%)]	Loss: 0.019661
Train epoch: 1249 [522280/26000 (77%)]	Loss: 0.016060
Make prediction for 870 samples...
epoch: 1249
AUC: 0.9488517634860258
TPR:  0.8396436525612472
precision:  0.9425
accuracy:  0.8908045977011494
MCC:  0.7871572354399443
1249
Training on 26000 samples...
Train epoch: 1250 [0/26000 (0%)]	Loss: 0.052189
Train epoch: 1250 [264000/26000 (38%)]	Loss: 0.023613
Train epoch: 1250 [522240/26000 (77%)]	Loss: 0.008534
Make prediction for 870 samples...
epoch: 1250
AUC: 0.9506451391056399
TPR:  0.8552338530066815
precision:  0.9320388349514563
accuracy:  0.8931034482758621
MCC:  0.7894211817472887
1250
Training on 26000 samples...
Train epoch: 1251 [0/26000 (0%)]	Loss: 0.011255
Train epoch: 1251 [246980/26000 (38%)]	Loss: 0.018223
Train epoch: 1251 [514240/26000 (77%)]	Loss: 0.030129
Make prediction for 870 samples...
epoch: 1251
AUC: 0.9499865100064011
TPR:  0.8351893095768375
precision:  0.9445843828715366
accuracy:  0.8896551724137931
MCC:  0.7855301702637858
1251
Training on 26000 samples...
Train epoch: 1252 [0/26000 (0%)]	Loss: 0.031654
Train epoch: 1252 [265120/26000 (38%)]	Loss: 0.022004
Train epoch: 1252 [507560/26000 (77%)]	Loss: 0.033682
Make prediction for 870 samples...
epoch: 1252
AUC: 0.9495712298112987
TPR:  0.844097995545657
precision:  0.9451371571072319
accuracy:  0.8942528735632184
MCC:  0.7938598721535957
1252
Training on 26000 samples...
Train epoch: 1253 [0/26000 (0%)]	Loss: 0.013273
Train epoch: 1253 [251640/26000 (38%)]	Loss: 0.013374
Train epoch: 1253 [506600/26000 (77%)]	Loss: 0.026631
Make prediction for 870 samples...
epoch: 1253
AUC: 0.9529913399531289
TPR:  0.8285077951002228
precision:  0.9489795918367347
accuracy:  0.8885057471264368
MCC:  0.78443922696187
1253
Training on 26000 samples...
Train epoch: 1254 [0/26000 (0%)]	Loss: 0.022282
Train epoch: 1254 [277660/26000 (38%)]	Loss: 0.014009
Train epoch: 1254 [499760/26000 (77%)]	Loss: 0.019363
Make prediction for 870 samples...
epoch: 1254
AUC: 0.9459157060556846
TPR:  0.8552338530066815
precision:  0.9230769230769231
accuracy:  0.8885057471264368
MCC:  0.7795646600533978
1254
Training on 26000 samples...
Train epoch: 1255 [0/26000 (0%)]	Loss: 0.023460
Train epoch: 1255 [254400/26000 (38%)]	Loss: 0.018101
Train epoch: 1255 [530800/26000 (77%)]	Loss: 0.024659
Make prediction for 870 samples...
epoch: 1255
AUC: 0.9473387681255256
TPR:  0.821826280623608
precision:  0.9485861182519281
accuracy:  0.8850574712643678
MCC:  0.778283007480606
1255
Training on 26000 samples...
Train epoch: 1256 [0/26000 (0%)]	Loss: 0.020786
Train epoch: 1256 [264820/26000 (38%)]	Loss: 0.028130
Train epoch: 1256 [522080/26000 (77%)]	Loss: 0.023231
Make prediction for 870 samples...
epoch: 1256
AUC: 0.9498304492961397
TPR:  0.8262806236080178
precision:  0.9512820512820512
accuracy:  0.8885057471264368
MCC:  0.784956741088362
1256
Training on 26000 samples...
Train epoch: 1257 [0/26000 (0%)]	Loss: 0.025665
Train epoch: 1257 [257960/26000 (38%)]	Loss: 0.025000
Train epoch: 1257 [504760/26000 (77%)]	Loss: 0.012498
Make prediction for 870 samples...
epoch: 1257
AUC: 0.9480291383861735
TPR:  0.8195991091314031
precision:  0.9460154241645244
accuracy:  0.8827586206896552
MCC:  0.7736569854642765
1257
Training on 26000 samples...
Train epoch: 1258 [0/26000 (0%)]	Loss: 0.016763
Train epoch: 1258 [248540/26000 (38%)]	Loss: 0.022941
Train epoch: 1258 [521800/26000 (77%)]	Loss: 0.007125
Make prediction for 870 samples...
epoch: 1258
AUC: 0.9514280877537309
TPR:  0.8351893095768375
precision:  0.946969696969697
accuracy:  0.8908045977011494
MCC:  0.7880749397365483
1258
Training on 26000 samples...
Train epoch: 1259 [0/26000 (0%)]	Loss: 0.011536
Train epoch: 1259 [266380/26000 (38%)]	Loss: 0.019327
Train epoch: 1259 [492200/26000 (77%)]	Loss: 0.027021
Make prediction for 870 samples...
epoch: 1259
AUC: 0.9513381544630718
TPR:  0.8374164810690423
precision:  0.94
accuracy:  0.8885057471264368
MCC:  0.7825421886387263
1259
Training on 26000 samples...
Train epoch: 1260 [0/26000 (0%)]	Loss: 0.017572
Train epoch: 1260 [262660/26000 (38%)]	Loss: 0.011274
Train epoch: 1260 [523000/26000 (77%)]	Loss: 0.022774
Make prediction for 870 samples...
epoch: 1260
AUC: 0.9476165032878554
TPR:  0.8374164810690423
precision:  0.9353233830845771
accuracy:  0.8862068965517241
MCC:  0.7774974399583439
1260
Training on 26000 samples...
Train epoch: 1261 [0/26000 (0%)]	Loss: 0.026811
Train epoch: 1261 [262080/26000 (38%)]	Loss: 0.021524
Train epoch: 1261 [507640/26000 (77%)]	Loss: 0.020442
Make prediction for 870 samples...
epoch: 1261
AUC: 0.9493278809071624
TPR:  0.821826280623608
precision:  0.9534883720930233
accuracy:  0.8873563218390804
MCC:  0.7834516030526394
1261
Training on 26000 samples...
Train epoch: 1262 [0/26000 (0%)]	Loss: 0.021721
Train epoch: 1262 [267680/26000 (38%)]	Loss: 0.022657
Train epoch: 1262 [534840/26000 (77%)]	Loss: 0.021566
Make prediction for 870 samples...
epoch: 1262
AUC: 0.9485581577429918
TPR:  0.8396436525612472
precision:  0.9378109452736318
accuracy:  0.8885057471264368
MCC:  0.782110818392438
1262
Training on 26000 samples...
Train epoch: 1263 [0/26000 (0%)]	Loss: 0.015674
Train epoch: 1263 [264300/26000 (38%)]	Loss: 0.027881
Train epoch: 1263 [518400/26000 (77%)]	Loss: 0.016329
Make prediction for 870 samples...
epoch: 1263
AUC: 0.9475530209650371
TPR:  0.844097995545657
precision:  0.9427860696517413
accuracy:  0.8931034482758621
MCC:  0.7913375752606264
1263
Training on 26000 samples...
Train epoch: 1264 [0/26000 (0%)]	Loss: 0.008795
Train epoch: 1264 [260820/26000 (38%)]	Loss: 0.012838
Train epoch: 1264 [524040/26000 (77%)]	Loss: 0.009083
Make prediction for 870 samples...
epoch: 1264
AUC: 0.9500632178131397
TPR:  0.8552338530066815
precision:  0.9434889434889435
accuracy:  0.8988505747126436
MCC:  0.8018501264415977
1264
Training on 26000 samples...
Train epoch: 1265 [0/26000 (0%)]	Loss: 0.035869
Train epoch: 1265 [248960/26000 (38%)]	Loss: 0.020024
Train epoch: 1265 [508960/26000 (77%)]	Loss: 0.016151
Make prediction for 870 samples...
epoch: 1265
AUC: 0.9485396420655032
TPR:  0.8374164810690423
precision:  0.9518987341772152
accuracy:  0.8942528735632184
MCC:  0.7952446567959571
1265
Training on 26000 samples...
Train epoch: 1266 [0/26000 (0%)]	Loss: 0.018467
Train epoch: 1266 [256760/26000 (38%)]	Loss: 0.017635
Train epoch: 1266 [520640/26000 (77%)]	Loss: 0.013823
Make prediction for 870 samples...
epoch: 1266
AUC: 0.9497140650376397
TPR:  0.8351893095768375
precision:  0.9517766497461929
accuracy:  0.8931034482758621
MCC:  0.7931803991668763
1266
Training on 26000 samples...
Train epoch: 1267 [0/26000 (0%)]	Loss: 0.029522
Train epoch: 1267 [264460/26000 (38%)]	Loss: 0.042665
Train epoch: 1267 [519520/26000 (77%)]	Loss: 0.012963
Make prediction for 870 samples...
epoch: 1267
AUC: 0.9475371503843326
TPR:  0.844097995545657
precision:  0.9427860696517413
accuracy:  0.8931034482758621
MCC:  0.7913375752606264
1267
Training on 26000 samples...
Train epoch: 1268 [0/26000 (0%)]	Loss: 0.014188
Train epoch: 1268 [262120/26000 (38%)]	Loss: 0.023452
Train epoch: 1268 [533040/26000 (77%)]	Loss: 0.023778
Make prediction for 870 samples...
epoch: 1268
AUC: 0.9469234879304235
TPR:  0.8641425389755011
precision:  0.9304556354916067
accuracy:  0.896551724137931
MCC:  0.7955283180585025
1268
Training on 26000 samples...
Train epoch: 1269 [0/26000 (0%)]	Loss: 0.027670
Train epoch: 1269 [265500/26000 (38%)]	Loss: 0.022719
Train epoch: 1269 [524920/26000 (77%)]	Loss: 0.027159
Make prediction for 870 samples...
epoch: 1269
AUC: 0.944855022245264
TPR:  0.8396436525612472
precision:  0.9331683168316832
accuracy:  0.8862068965517241
MCC:  0.7770846601305327
1269
Training on 26000 samples...
Train epoch: 1270 [0/26000 (0%)]	Loss: 0.019704
Train epoch: 1270 [267480/26000 (38%)]	Loss: 0.012528
Train epoch: 1270 [502720/26000 (77%)]	Loss: 0.021075
Make prediction for 870 samples...
epoch: 1270
AUC: 0.9438869168222864
TPR:  0.8285077951002228
precision:  0.9489795918367347
accuracy:  0.8885057471264368
MCC:  0.78443922696187
1270
Training on 26000 samples...
Train epoch: 1271 [0/26000 (0%)]	Loss: 0.044266
Train epoch: 1271 [266820/26000 (38%)]	Loss: 0.012544
Train epoch: 1271 [525880/26000 (77%)]	Loss: 0.014492
Make prediction for 870 samples...
epoch: 1271
AUC: 0.9462886647022414
TPR:  0.8507795100222717
precision:  0.9385749385749386
accuracy:  0.8942528735632184
MCC:  0.7926308395520176
1271
Training on 26000 samples...
Train epoch: 1272 [0/26000 (0%)]	Loss: 0.026100
Train epoch: 1272 [254920/26000 (38%)]	Loss: 0.018807
Train epoch: 1272 [516160/26000 (77%)]	Loss: 0.023982
Make prediction for 870 samples...
epoch: 1272
AUC: 0.9461378941855483
TPR:  0.8396436525612472
precision:  0.940149625935162
accuracy:  0.8896551724137931
MCC:  0.7846314719054195
1272
Training on 26000 samples...
Train epoch: 1273 [0/26000 (0%)]	Loss: 0.023100
Train epoch: 1273 [255360/26000 (38%)]	Loss: 0.020112
Train epoch: 1273 [507640/26000 (77%)]	Loss: 0.027708
Make prediction for 870 samples...
epoch: 1273
AUC: 0.9422178607515249
TPR:  0.8329621380846325
precision:  0.9420654911838791
accuracy:  0.8873563218390804
MCC:  0.7809124330925628
1273
Training on 26000 samples...
Train epoch: 1274 [0/26000 (0%)]	Loss: 0.016783
Train epoch: 1274 [263940/26000 (38%)]	Loss: 0.011961
Train epoch: 1274 [504960/26000 (77%)]	Loss: 0.016826
Make prediction for 870 samples...
epoch: 1274
AUC: 0.9459236413460368
TPR:  0.844097995545657
precision:  0.949874686716792
accuracy:  0.896551724137931
MCC:  0.7989199917020897
1274
Training on 26000 samples...
Train epoch: 1275 [0/26000 (0%)]	Loss: 0.021963
Train epoch: 1275 [258920/26000 (38%)]	Loss: 0.019906
Train epoch: 1275 [512240/26000 (77%)]	Loss: 0.025903
Make prediction for 870 samples...
epoch: 1275
AUC: 0.9471245152860143
TPR:  0.844097995545657
precision:  0.9451371571072319
accuracy:  0.8942528735632184
MCC:  0.7938598721535957
1275
Training on 26000 samples...
Train epoch: 1276 [0/26000 (0%)]	Loss: 0.008081
Train epoch: 1276 [252760/26000 (38%)]	Loss: 0.017222
Train epoch: 1276 [542440/26000 (77%)]	Loss: 0.020303
Make prediction for 870 samples...
epoch: 1276
AUC: 0.9459342217331732
TPR:  0.8285077951002228
precision:  0.9538461538461539
accuracy:  0.8908045977011494
MCC:  0.7895816385876636
1276
Training on 26000 samples...
Train epoch: 1277 [0/26000 (0%)]	Loss: 0.020475
Train epoch: 1277 [260100/26000 (38%)]	Loss: 0.020758
Train epoch: 1277 [514800/26000 (77%)]	Loss: 0.021054
Make prediction for 870 samples...
epoch: 1277
AUC: 0.9487777007760714
TPR:  0.8507795100222717
precision:  0.9478908188585607
accuracy:  0.8988505747126436
MCC:  0.80265813796072
1277
Training on 26000 samples...
Train epoch: 1278 [0/26000 (0%)]	Loss: 0.016671
Train epoch: 1278 [264580/26000 (38%)]	Loss: 0.021071
Train epoch: 1278 [519520/26000 (77%)]	Loss: 0.026018
Make prediction for 870 samples...
epoch: 1278
AUC: 0.9463309862507868
TPR:  0.8507795100222717
precision:  0.9526184538653366
accuracy:  0.9011494252873563
MCC:  0.8077024725258599
1278
Training on 26000 samples...
Train epoch: 1279 [0/26000 (0%)]	Loss: 0.021392
Train epoch: 1279 [259040/26000 (38%)]	Loss: 0.025154
Train epoch: 1279 [508000/26000 (77%)]	Loss: 0.013648
Make prediction for 870 samples...
epoch: 1279
AUC: 0.9499759296192648
TPR:  0.8463251670378619
precision:  0.9359605911330049
accuracy:  0.8908045977011494
MCC:  0.785909423250005
1279
Training on 26000 samples...
Train epoch: 1280 [0/26000 (0%)]	Loss: 0.011576
Train epoch: 1280 [260280/26000 (38%)]	Loss: 0.024343
Train epoch: 1280 [522280/26000 (77%)]	Loss: 0.014486
Make prediction for 870 samples...
epoch: 1280
AUC: 0.9515365367218788
TPR:  0.8485523385300668
precision:  0.9454094292803971
accuracy:  0.896551724137931
MCC:  0.7980455562691899
1280
Training on 26000 samples...
Train epoch: 1281 [0/26000 (0%)]	Loss: 0.024256
Train epoch: 1281 [263360/26000 (38%)]	Loss: 0.012702
Train epoch: 1281 [525320/26000 (77%)]	Loss: 0.039908
Make prediction for 870 samples...
epoch: 1281
AUC: 0.9482857127742305
TPR:  0.8374164810690423
precision:  0.9591836734693877
accuracy:  0.8977011494252873
MCC:  0.8029301266978845
1281
Training on 26000 samples...
Train epoch: 1282 [0/26000 (0%)]	Loss: 0.010826
Train epoch: 1282 [249240/26000 (38%)]	Loss: 0.014576
Train epoch: 1282 [503200/26000 (77%)]	Loss: 0.023732
Make prediction for 870 samples...
epoch: 1282
AUC: 0.9421464431383544
TPR:  0.8463251670378619
precision:  0.95
accuracy:  0.8977011494252873
MCC:  0.8010023758435986
1282
Training on 26000 samples...
Train epoch: 1283 [0/26000 (0%)]	Loss: 0.033105
Train epoch: 1283 [254360/26000 (38%)]	Loss: 0.026292
Train epoch: 1283 [537440/26000 (77%)]	Loss: 0.021671
Make prediction for 870 samples...
epoch: 1283
AUC: 0.947521279803628
TPR:  0.8507795100222717
precision:  0.9271844660194175
accuracy:  0.8885057471264368
MCC:  0.7802081263436434
1283
Training on 26000 samples...
Train epoch: 1284 [0/26000 (0%)]	Loss: 0.011792
Train epoch: 1284 [254340/26000 (38%)]	Loss: 0.014331
Train epoch: 1284 [536720/26000 (77%)]	Loss: 0.030400
Make prediction for 870 samples...
epoch: 1284
AUC: 0.948759185098583
TPR:  0.8396436525612472
precision:  0.9472361809045227
accuracy:  0.8931034482758621
MCC:  0.7922242756458764
1284
Training on 26000 samples...
Train epoch: 1285 [0/26000 (0%)]	Loss: 0.022031
Train epoch: 1285 [263660/26000 (38%)]	Loss: 0.021743
Train epoch: 1285 [534960/26000 (77%)]	Loss: 0.015647
Make prediction for 870 samples...
epoch: 1285
AUC: 0.9507271371059467
TPR:  0.8619153674832962
precision:  0.937046004842615
accuracy:  0.8988505747126436
MCC:  0.8007678955692091
1285
Training on 26000 samples...
Train epoch: 1286 [0/26000 (0%)]	Loss: 0.017241
Train epoch: 1286 [263380/26000 (38%)]	Loss: 0.029949
Train epoch: 1286 [500760/26000 (77%)]	Loss: 0.016109
Make prediction for 870 samples...
epoch: 1286
AUC: 0.9509863565907876
TPR:  0.8418708240534521
precision:  0.9402985074626866
accuracy:  0.8908045977011494
MCC:  0.7867241968265323
1286
Training on 26000 samples...
Train epoch: 1287 [0/26000 (0%)]	Loss: 0.022891
Train epoch: 1287 [258980/26000 (38%)]	Loss: 0.012775
Train epoch: 1287 [527720/26000 (77%)]	Loss: 0.017882
Make prediction for 870 samples...
epoch: 1287
AUC: 0.9484893852266054
TPR:  0.844097995545657
precision:  0.9334975369458128
accuracy:  0.8885057471264368
MCC:  0.7812990824800597
1287
Training on 26000 samples...
Train epoch: 1288 [0/26000 (0%)]	Loss: 0.020388
Train epoch: 1288 [253280/26000 (38%)]	Loss: 0.024227
Train epoch: 1288 [513120/26000 (77%)]	Loss: 0.020048
Make prediction for 870 samples...
epoch: 1288
AUC: 0.9476191483846395
TPR:  0.8530066815144766
precision:  0.9433497536945813
accuracy:  0.8977011494252873
MCC:  0.7997404455598408
1288
Training on 26000 samples...
Train epoch: 1289 [0/26000 (0%)]	Loss: 0.022169
Train epoch: 1289 [267100/26000 (38%)]	Loss: 0.015050
Train epoch: 1289 [515280/26000 (77%)]	Loss: 0.023577
Make prediction for 870 samples...
epoch: 1289
AUC: 0.9468335546397643
TPR:  0.8307349665924276
precision:  0.9588688946015425
accuracy:  0.8942528735632184
MCC:  0.7967870955459238
1289
Training on 26000 samples...
Train epoch: 1290 [0/26000 (0%)]	Loss: 0.012967
Train epoch: 1290 [271820/26000 (38%)]	Loss: 0.028231
Train epoch: 1290 [517440/26000 (77%)]	Loss: 0.023895
Make prediction for 870 samples...
epoch: 1290
AUC: 0.949698194456935
TPR:  0.8485523385300668
precision:  0.9384236453201971
accuracy:  0.8931034482758621
MCC:  0.7905197640199503
1290
Training on 26000 samples...
Train epoch: 1291 [0/26000 (0%)]	Loss: 0.027545
Train epoch: 1291 [264720/26000 (38%)]	Loss: 0.006407
Train epoch: 1291 [509480/26000 (77%)]	Loss: 0.018789
Make prediction for 870 samples...
epoch: 1291
AUC: 0.9480212030958213
TPR:  0.8329621380846325
precision:  0.9516539440203562
accuracy:  0.8919540229885058
MCC:  0.7911195069404254
1291
Training on 26000 samples...
Train epoch: 1292 [0/26000 (0%)]	Loss: 0.018759
Train epoch: 1292 [268080/26000 (38%)]	Loss: 0.017296
Train epoch: 1292 [545960/26000 (77%)]	Loss: 0.013416
Make prediction for 870 samples...
epoch: 1292
AUC: 0.9469076173497188
TPR:  0.8530066815144766
precision:  0.9364303178484108
accuracy:  0.8942528735632184
MCC:  0.7922554855400586
1292
Training on 26000 samples...
Train epoch: 1293 [0/26000 (0%)]	Loss: 0.012470
Train epoch: 1293 [254020/26000 (38%)]	Loss: 0.022311
Train epoch: 1293 [540760/26000 (77%)]	Loss: 0.020313
Make prediction for 870 samples...
epoch: 1293
AUC: 0.9479894619344121
TPR:  0.8530066815144766
precision:  0.941031941031941
accuracy:  0.896551724137931
MCC:  0.7972404829968077
1293
Training on 26000 samples...
Train epoch: 1294 [0/26000 (0%)]	Loss: 0.036566
Train epoch: 1294 [253880/26000 (38%)]	Loss: 0.016654
Train epoch: 1294 [515400/26000 (77%)]	Loss: 0.034248
Make prediction for 870 samples...
epoch: 1294
AUC: 0.9471403858667189
TPR:  0.8507795100222717
precision:  0.9408866995073891
accuracy:  0.8954022988505748
MCC:  0.7951301047898955
1294
Training on 26000 samples...
Train epoch: 1295 [0/26000 (0%)]	Loss: 0.017518
Train epoch: 1295 [261680/26000 (38%)]	Loss: 0.020915
Train epoch: 1295 [517480/26000 (77%)]	Loss: 0.027223
Make prediction for 870 samples...
epoch: 1295
AUC: 0.947230319157378
TPR:  0.8463251670378619
precision:  0.9571788413098237
accuracy:  0.9011494252873563
MCC:  0.8086188561199008
1295
Training on 26000 samples...
Train epoch: 1296 [0/26000 (0%)]	Loss: 0.023206
Train epoch: 1296 [254760/26000 (38%)]	Loss: 0.018306
Train epoch: 1296 [533960/26000 (77%)]	Loss: 0.020922
Make prediction for 870 samples...
epoch: 1296
AUC: 0.9464367901221507
TPR:  0.8507795100222717
precision:  0.9455445544554455
accuracy:  0.8977011494252873
MCC:  0.8001437094201885
1296
Training on 26000 samples...
Train epoch: 1297 [0/26000 (0%)]	Loss: 0.030423
Train epoch: 1297 [255740/26000 (38%)]	Loss: 0.011724
Train epoch: 1297 [500480/26000 (77%)]	Loss: 0.027042
Make prediction for 870 samples...
epoch: 1297
AUC: 0.9489364065831168
TPR:  0.8552338530066815
precision:  0.9481481481481482
accuracy:  0.9011494252873563
MCC:  0.8068565057276016
1297
Training on 26000 samples...
Train epoch: 1298 [0/26000 (0%)]	Loss: 0.029360
Train epoch: 1298 [255060/26000 (38%)]	Loss: 0.014889
Train epoch: 1298 [497960/26000 (77%)]	Loss: 0.019236
Make prediction for 870 samples...
epoch: 1298
AUC: 0.9469340683175599
TPR:  0.8530066815144766
precision:  0.941031941031941
accuracy:  0.896551724137931
MCC:  0.7972404829968077
1298
Training on 26000 samples...
Train epoch: 1299 [0/26000 (0%)]	Loss: 0.014644
Train epoch: 1299 [266280/26000 (38%)]	Loss: 0.033645
Train epoch: 1299 [506520/26000 (77%)]	Loss: 0.027017
Make prediction for 870 samples...
epoch: 1299
AUC: 0.9476508895460486
TPR:  0.821826280623608
precision:  0.9609375
accuracy:  0.8908045977011494
MCC:  0.7912464204301265
1299
Training on 26000 samples...
Train epoch: 1300 [0/26000 (0%)]	Loss: 0.035972
Train epoch: 1300 [257760/26000 (38%)]	Loss: 0.017514
Train epoch: 1300 [530560/26000 (77%)]	Loss: 0.010731
Make prediction for 870 samples...
epoch: 1300
AUC: 0.9483650656777531
TPR:  0.8485523385300668
precision:  0.957286432160804
accuracy:  0.9022988505747126
MCC:  0.8106915367736808
1300
Training on 26000 samples...
Train epoch: 1301 [0/26000 (0%)]	Loss: 0.022151
Train epoch: 1301 [251400/26000 (38%)]	Loss: 0.029844
Train epoch: 1301 [523080/26000 (77%)]	Loss: 0.022997
Make prediction for 870 samples...
epoch: 1301
AUC: 0.9488067968406965
TPR:  0.8285077951002228
precision:  0.9587628865979382
accuracy:  0.8931034482758621
MCC:  0.794746059714429
1301
Training on 26000 samples...
Train epoch: 1302 [0/26000 (0%)]	Loss: 0.023955
Train epoch: 1302 [256160/26000 (38%)]	Loss: 0.024555
Train epoch: 1302 [508720/26000 (77%)]	Loss: 0.020332
Make prediction for 870 samples...
epoch: 1302
AUC: 0.9485079009040941
TPR:  0.8574610244988864
precision:  0.9299516908212561
accuracy:  0.8931034482758621
MCC:  0.7890889479271961
1302
Training on 26000 samples...
Train epoch: 1303 [0/26000 (0%)]	Loss: 0.011104
Train epoch: 1303 [263140/26000 (38%)]	Loss: 0.017702
Train epoch: 1303 [516720/26000 (77%)]	Loss: 0.024777
Make prediction for 870 samples...
epoch: 1303
AUC: 0.946391823476821
TPR:  0.8485523385300668
precision:  0.9477611940298507
accuracy:  0.8977011494252873
MCC:  0.8005643321288148
1303
Training on 26000 samples...
Train epoch: 1304 [0/26000 (0%)]	Loss: 0.015042
Train epoch: 1304 [268420/26000 (38%)]	Loss: 0.034076
Train epoch: 1304 [539080/26000 (77%)]	Loss: 0.017228
Make prediction for 870 samples...
epoch: 1304
AUC: 0.9495051023916966
TPR:  0.8463251670378619
precision:  0.95
accuracy:  0.8977011494252873
MCC:  0.8010023758435986
1304
Training on 26000 samples...
Train epoch: 1305 [0/26000 (0%)]	Loss: 0.020420
Train epoch: 1305 [274960/26000 (38%)]	Loss: 0.027231
Train epoch: 1305 [494000/26000 (77%)]	Loss: 0.009798
Make prediction for 870 samples...
epoch: 1305
AUC: 0.9514439583344355
TPR:  0.8507795100222717
precision:  0.9385749385749386
accuracy:  0.8942528735632184
MCC:  0.7926308395520176
1305
Training on 26000 samples...
Train epoch: 1306 [0/26000 (0%)]	Loss: 0.016972
Train epoch: 1306 [260180/26000 (38%)]	Loss: 0.016112
Train epoch: 1306 [530840/26000 (77%)]	Loss: 0.017067
Make prediction for 870 samples...
epoch: 1306
AUC: 0.9495077474884807
TPR:  0.8351893095768375
precision:  0.9517766497461929
accuracy:  0.8931034482758621
MCC:  0.7931803991668763
1306
Training on 26000 samples...
Train epoch: 1307 [0/26000 (0%)]	Loss: 0.018593
Train epoch: 1307 [253700/26000 (38%)]	Loss: 0.012880
Train epoch: 1307 [518040/26000 (77%)]	Loss: 0.019787
Make prediction for 870 samples...
epoch: 1307
AUC: 0.9496902591665828
TPR:  0.844097995545657
precision:  0.9475
accuracy:  0.8954022988505748
MCC:  0.7963873290423805
1307
Training on 26000 samples...
Train epoch: 1308 [0/26000 (0%)]	Loss: 0.021500
Train epoch: 1308 [269200/26000 (38%)]	Loss: 0.018068
Train epoch: 1308 [515640/26000 (77%)]	Loss: 0.019286
Make prediction for 870 samples...
epoch: 1308
AUC: 0.9494918769077761
TPR:  0.8507795100222717
precision:  0.9317073170731708
accuracy:  0.8908045977011494
MCC:  0.7851626631646919
1308
Training on 26000 samples...
Train epoch: 1309 [0/26000 (0%)]	Loss: 0.019031
Train epoch: 1309 [252200/26000 (38%)]	Loss: 0.018120
Train epoch: 1309 [528640/26000 (77%)]	Loss: 0.013204
Make prediction for 870 samples...
epoch: 1309
AUC: 0.9458363531521619
TPR:  0.8507795100222717
precision:  0.9294403892944039
accuracy:  0.8896551724137931
MCC:  0.7826829988087454
1309
Training on 26000 samples...
Train epoch: 1310 [0/26000 (0%)]	Loss: 0.028979
Train epoch: 1310 [255340/26000 (38%)]	Loss: 0.006452
Train epoch: 1310 [513440/26000 (77%)]	Loss: 0.020952
Make prediction for 870 samples...
epoch: 1310
AUC: 0.9452570769564457
TPR:  0.8418708240534521
precision:  0.942643391521197
accuracy:  0.8919540229885058
MCC:  0.7892456720295076
1310
Training on 26000 samples...
Train epoch: 1311 [0/26000 (0%)]	Loss: 0.010799
Train epoch: 1311 [267380/26000 (38%)]	Loss: 0.025036
Train epoch: 1311 [516280/26000 (77%)]	Loss: 0.033694
Make prediction for 870 samples...
epoch: 1311
AUC: 0.9482063598707078
TPR:  0.8530066815144766
precision:  0.945679012345679
accuracy:  0.8988505747126436
MCC:  0.802245442831533
1311
Training on 26000 samples...
Train epoch: 1312 [0/26000 (0%)]	Loss: 0.021267
Train epoch: 1312 [261900/26000 (38%)]	Loss: 0.017539
Train epoch: 1312 [519240/26000 (77%)]	Loss: 0.021089
Make prediction for 870 samples...
epoch: 1312
AUC: 0.9469896153500257
TPR:  0.844097995545657
precision:  0.9522613065326633
accuracy:  0.8977011494252873
MCC:  0.8014579062097786
1312
Training on 26000 samples...
Train epoch: 1313 [0/26000 (0%)]	Loss: 0.017343
Train epoch: 1313 [267480/26000 (38%)]	Loss: 0.022934
Train epoch: 1313 [514320/26000 (77%)]	Loss: 0.004670
Make prediction for 870 samples...
epoch: 1313
AUC: 0.9479206894180257
TPR:  0.8485523385300668
precision:  0.9525
accuracy:  0.9
MCC:  0.8056174226448167
1313
Training on 26000 samples...
Train epoch: 1314 [0/26000 (0%)]	Loss: 0.023461
Train epoch: 1314 [258260/26000 (38%)]	Loss: 0.027198
Train epoch: 1314 [523800/26000 (77%)]	Loss: 0.045134
Make prediction for 870 samples...
epoch: 1314
AUC: 0.9443498087595026
TPR:  0.8530066815144766
precision:  0.9364303178484108
accuracy:  0.8942528735632184
MCC:  0.7922554855400586
1314
Training on 26000 samples...
Train epoch: 1315 [0/26000 (0%)]	Loss: 0.027047
Train epoch: 1315 [273480/26000 (38%)]	Loss: 0.020870
Train epoch: 1315 [515720/26000 (77%)]	Loss: 0.017837
Make prediction for 870 samples...
epoch: 1315
AUC: 0.9442201990170821
TPR:  0.844097995545657
precision:  0.9451371571072319
accuracy:  0.8942528735632184
MCC:  0.7938598721535957
1315
Training on 26000 samples...
Train epoch: 1316 [0/26000 (0%)]	Loss: 0.019307
Train epoch: 1316 [263620/26000 (38%)]	Loss: 0.024597
Train epoch: 1316 [537160/26000 (77%)]	Loss: 0.020137
Make prediction for 870 samples...
epoch: 1316
AUC: 0.9473070269641166
TPR:  0.8396436525612472
precision:  0.9496221662468514
accuracy:  0.8942528735632184
MCC:  0.7947656446062318
1316
Training on 26000 samples...
Train epoch: 1317 [0/26000 (0%)]	Loss: 0.033146
Train epoch: 1317 [272980/26000 (38%)]	Loss: 0.015602
Train epoch: 1317 [523800/26000 (77%)]	Loss: 0.017643
Make prediction for 870 samples...
epoch: 1317
AUC: 0.9468018134783551
TPR:  0.8418708240534521
precision:  0.9521410579345088
accuracy:  0.896551724137931
MCC:  0.7993833817774548
1317
Training on 26000 samples...
Train epoch: 1318 [0/26000 (0%)]	Loss: 0.039562
Train epoch: 1318 [262040/26000 (38%)]	Loss: 0.019056
Train epoch: 1318 [519600/26000 (77%)]	Loss: 0.022151
Make prediction for 870 samples...
epoch: 1318
AUC: 0.949343751487867
TPR:  0.8418708240534521
precision:  0.9569620253164557
accuracy:  0.8988505747126436
MCC:  0.8044839697384001
1318
Training on 26000 samples...
Train epoch: 1319 [0/26000 (0%)]	Loss: 0.009848
Train epoch: 1319 [263720/26000 (38%)]	Loss: 0.015567
Train epoch: 1319 [519600/26000 (77%)]	Loss: 0.012403
Make prediction for 870 samples...
epoch: 1319
AUC: 0.9472567701252188
TPR:  0.8552338530066815
precision:  0.9365853658536586
accuracy:  0.8954022988505748
MCC:  0.7943780630561358
1319
Training on 26000 samples...
Train epoch: 1320 [0/26000 (0%)]	Loss: 0.027597
Train epoch: 1320 [263660/26000 (38%)]	Loss: 0.028447
Train epoch: 1320 [513000/26000 (77%)]	Loss: 0.018624
Make prediction for 870 samples...
epoch: 1320
AUC: 0.9452914632146392
TPR:  0.8351893095768375
precision:  0.9422110552763819
accuracy:  0.8885057471264368
MCC:  0.7829906450819742
1320
Training on 26000 samples...
Train epoch: 1321 [0/26000 (0%)]	Loss: 0.018306
Train epoch: 1321 [254100/26000 (38%)]	Loss: 0.018632
Train epoch: 1321 [542040/26000 (77%)]	Loss: 0.029945
Make prediction for 870 samples...
epoch: 1321
AUC: 0.9475503758682531
TPR:  0.8463251670378619
precision:  0.9405940594059405
accuracy:  0.8931034482758621
MCC:  0.7909200897043261
1321
Training on 26000 samples...
Train epoch: 1322 [0/26000 (0%)]	Loss: 0.021999
Train epoch: 1322 [266580/26000 (38%)]	Loss: 0.010348
Train epoch: 1322 [530920/26000 (77%)]	Loss: 0.024892
Make prediction for 870 samples...
epoch: 1322
AUC: 0.9441117500489342
TPR:  0.8685968819599109
precision:  0.9112149532710281
accuracy:  0.8885057471264368
MCC:  0.7780331360683416
1322
Training on 26000 samples...
Train epoch: 1323 [0/26000 (0%)]	Loss: 0.032834
Train epoch: 1323 [259420/26000 (38%)]	Loss: 0.048603
Train epoch: 1323 [510880/26000 (77%)]	Loss: 0.011295
Make prediction for 870 samples...
epoch: 1323
AUC: 0.9476561797396166
TPR:  0.8396436525612472
precision:  0.9472361809045227
accuracy:  0.8931034482758621
MCC:  0.7922242756458764
1323
Training on 26000 samples...
Train epoch: 1324 [0/26000 (0%)]	Loss: 0.019182
Train epoch: 1324 [255100/26000 (38%)]	Loss: 0.025097
Train epoch: 1324 [514480/26000 (77%)]	Loss: 0.009289
Make prediction for 870 samples...
epoch: 1324
AUC: 0.9467171703812641
TPR:  0.8307349665924276
precision:  0.9467005076142132
accuracy:  0.8885057471264368
MCC:  0.7839390912164372
1324
Training on 26000 samples...
Train epoch: 1325 [0/26000 (0%)]	Loss: 0.020200
Train epoch: 1325 [263060/26000 (38%)]	Loss: 0.039222
Train epoch: 1325 [508560/26000 (77%)]	Loss: 0.012562
Make prediction for 870 samples...
epoch: 1325
AUC: 0.9481825539996508
TPR:  0.8463251670378619
precision:  0.9547738693467337
accuracy:  0.9
MCC:  0.8060747214917297
1325
Training on 26000 samples...
Train epoch: 1326 [0/26000 (0%)]	Loss: 0.017288
Train epoch: 1326 [259580/26000 (38%)]	Loss: 0.028606
Train epoch: 1326 [519200/26000 (77%)]	Loss: 0.013933
Make prediction for 870 samples...
epoch: 1326
AUC: 0.9497167101344238
TPR:  0.844097995545657
precision:  0.949874686716792
accuracy:  0.896551724137931
MCC:  0.7989199917020897
1326
Training on 26000 samples...
Train epoch: 1327 [0/26000 (0%)]	Loss: 0.011183
Train epoch: 1327 [261220/26000 (38%)]	Loss: 0.008579
Train epoch: 1327 [504320/26000 (77%)]	Loss: 0.020379
Make prediction for 870 samples...
epoch: 1327
AUC: 0.9435642150146273
TPR:  0.8329621380846325
precision:  0.9396984924623115
accuracy:  0.8862068965517241
MCC:  0.7783738298000232
1327
Training on 26000 samples...
Train epoch: 1328 [0/26000 (0%)]	Loss: 0.009559
Train epoch: 1328 [257280/26000 (38%)]	Loss: 0.014858
Train epoch: 1328 [522480/26000 (77%)]	Loss: 0.018890
Make prediction for 870 samples...
epoch: 1328
AUC: 0.9456644218611959
TPR:  0.8485523385300668
precision:  0.943069306930693
accuracy:  0.8954022988505748
MCC:  0.7955318995622573
1328
Training on 26000 samples...
Train epoch: 1329 [0/26000 (0%)]	Loss: 0.027836
Train epoch: 1329 [269300/26000 (38%)]	Loss: 0.013171
Train epoch: 1329 [513520/26000 (77%)]	Loss: 0.013147
Make prediction for 870 samples...
epoch: 1329
AUC: 0.946566399864571
TPR:  0.8507795100222717
precision:  0.9455445544554455
accuracy:  0.8977011494252873
MCC:  0.8001437094201885
1329
Training on 26000 samples...
Train epoch: 1330 [0/26000 (0%)]	Loss: 0.017660
Train epoch: 1330 [261320/26000 (38%)]	Loss: 0.020949
Train epoch: 1330 [514000/26000 (77%)]	Loss: 0.020356
Make prediction for 870 samples...
epoch: 1330
AUC: 0.9494178141978215
TPR:  0.8507795100222717
precision:  0.9385749385749386
accuracy:  0.8942528735632184
MCC:  0.7926308395520176
1330
Training on 26000 samples...
Train epoch: 1331 [0/26000 (0%)]	Loss: 0.024864
Train epoch: 1331 [264140/26000 (38%)]	Loss: 0.022104
Train epoch: 1331 [528200/26000 (77%)]	Loss: 0.026891
Make prediction for 870 samples...
epoch: 1331
AUC: 0.9488094419374806
TPR:  0.8262806236080178
precision:  0.9537275064267352
accuracy:  0.8896551724137931
MCC:  0.7875350515132649
1331
Training on 26000 samples...
Train epoch: 1332 [0/26000 (0%)]	Loss: 0.023654
Train epoch: 1332 [266360/26000 (38%)]	Loss: 0.028168
Train epoch: 1332 [515240/26000 (77%)]	Loss: 0.014937
Make prediction for 870 samples...
epoch: 1332
AUC: 0.9429108761089569
TPR:  0.8329621380846325
precision:  0.9396984924623115
accuracy:  0.8862068965517241
MCC:  0.7783738298000232
1332
Training on 26000 samples...
Train epoch: 1333 [0/26000 (0%)]	Loss: 0.027849
Train epoch: 1333 [259080/26000 (38%)]	Loss: 0.016664
Train epoch: 1333 [509960/26000 (77%)]	Loss: 0.014384
Make prediction for 870 samples...
epoch: 1333
AUC: 0.9497378709086965
TPR:  0.8530066815144766
precision:  0.945679012345679
accuracy:  0.8988505747126436
MCC:  0.802245442831533
1333
Training on 26000 samples...
Train epoch: 1334 [0/26000 (0%)]	Loss: 0.017854
Train epoch: 1334 [258100/26000 (38%)]	Loss: 0.027373
Train epoch: 1334 [530760/26000 (77%)]	Loss: 0.012483
Make prediction for 870 samples...
epoch: 1334
AUC: 0.9463495019282756
TPR:  0.8485523385300668
precision:  0.9548872180451128
accuracy:  0.9011494252873563
MCC:  0.8081518287149643
1334
Training on 26000 samples...
Train epoch: 1335 [0/26000 (0%)]	Loss: 0.016583
Train epoch: 1335 [266800/26000 (38%)]	Loss: 0.006473
Train epoch: 1335 [509360/26000 (77%)]	Loss: 0.028000
Make prediction for 870 samples...
epoch: 1335
AUC: 0.9483756460648894
TPR:  0.8374164810690423
precision:  0.9494949494949495
accuracy:  0.8931034482758621
MCC:  0.7926936239555289
1335
Training on 26000 samples...
Train epoch: 1336 [0/26000 (0%)]	Loss: 0.014132
Train epoch: 1336 [256980/26000 (38%)]	Loss: 0.023773
Train epoch: 1336 [517120/26000 (77%)]	Loss: 0.016836
Make prediction for 870 samples...
epoch: 1336
AUC: 0.947116579995662
TPR:  0.8574610244988864
precision:  0.941320293398533
accuracy:  0.8988505747126436
MCC:  0.8014721316688668
1336
Training on 26000 samples...
Train epoch: 1337 [0/26000 (0%)]	Loss: 0.026956
Train epoch: 1337 [263080/26000 (38%)]	Loss: 0.011969
Train epoch: 1337 [530080/26000 (77%)]	Loss: 0.017967
Make prediction for 870 samples...
epoch: 1337
AUC: 0.9501319903295262
TPR:  0.8530066815144766
precision:  0.9433497536945813
accuracy:  0.8977011494252873
MCC:  0.7997404455598408
1337
Training on 26000 samples...
Train epoch: 1338 [0/26000 (0%)]	Loss: 0.008512
Train epoch: 1338 [253980/26000 (38%)]	Loss: 0.018252
Train epoch: 1338 [523480/26000 (77%)]	Loss: 0.029825
Make prediction for 870 samples...
epoch: 1338
AUC: 0.9493913632299806
TPR:  0.8418708240534521
precision:  0.9521410579345088
accuracy:  0.896551724137931
MCC:  0.7993833817774548
1338
Training on 26000 samples...
Train epoch: 1339 [0/26000 (0%)]	Loss: 0.013426
Train epoch: 1339 [253540/26000 (38%)]	Loss: 0.014804
Train epoch: 1339 [514040/26000 (77%)]	Loss: 0.012739
Make prediction for 870 samples...
epoch: 1339
AUC: 0.949169175100117
TPR:  0.8530066815144766
precision:  0.9433497536945813
accuracy:  0.8977011494252873
MCC:  0.7997404455598408
1339
Training on 26000 samples...
Train epoch: 1340 [0/26000 (0%)]	Loss: 0.016388
Train epoch: 1340 [263940/26000 (38%)]	Loss: 0.014949
Train epoch: 1340 [514040/26000 (77%)]	Loss: 0.019022
Make prediction for 870 samples...
epoch: 1340
AUC: 0.9461061530241391
TPR:  0.8507795100222717
precision:  0.9502487562189055
accuracy:  0.9
MCC:  0.805177710562909
1340
Training on 26000 samples...
Train epoch: 1341 [0/26000 (0%)]	Loss: 0.021128
Train epoch: 1341 [268560/26000 (38%)]	Loss: 0.014723
Train epoch: 1341 [545880/26000 (77%)]	Loss: 0.023564
Make prediction for 870 samples...
epoch: 1341
AUC: 0.9458628041200027
TPR:  0.8396436525612472
precision:  0.9472361809045227
accuracy:  0.8931034482758621
MCC:  0.7922242756458764
1341
Training on 26000 samples...
Train epoch: 1342 [0/26000 (0%)]	Loss: 0.023400
Train epoch: 1342 [259820/26000 (38%)]	Loss: 0.026894
Train epoch: 1342 [505360/26000 (77%)]	Loss: 0.024339
Make prediction for 870 samples...
epoch: 1342
AUC: 0.9453866866988664
TPR:  0.8396436525612472
precision:  0.9448621553884712
accuracy:  0.8919540229885058
MCC:  0.7896881546892152
1342
Training on 26000 samples...
Train epoch: 1343 [0/26000 (0%)]	Loss: 0.030515
Train epoch: 1343 [258680/26000 (38%)]	Loss: 0.023439
Train epoch: 1343 [526320/26000 (77%)]	Loss: 0.027761
Make prediction for 870 samples...
epoch: 1343
AUC: 0.9437996286284116
TPR:  0.844097995545657
precision:  0.9475
accuracy:  0.8954022988505748
MCC:  0.7963873290423805
1343
Training on 26000 samples...
Train epoch: 1344 [0/26000 (0%)]	Loss: 0.018879
Train epoch: 1344 [260640/26000 (38%)]	Loss: 0.034879
Train epoch: 1344 [521080/26000 (77%)]	Loss: 0.012818
Make prediction for 870 samples...
epoch: 1344
AUC: 0.9462278274762073
TPR:  0.8351893095768375
precision:  0.9422110552763819
accuracy:  0.8885057471264368
MCC:  0.7829906450819742
1344
Training on 26000 samples...
Train epoch: 1345 [0/26000 (0%)]	Loss: 0.021659
Train epoch: 1345 [248300/26000 (38%)]	Loss: 0.024782
Train epoch: 1345 [536640/26000 (77%)]	Loss: 0.015780
Make prediction for 870 samples...
epoch: 1345
AUC: 0.9471271603827984
TPR:  0.8507795100222717
precision:  0.9408866995073891
accuracy:  0.8954022988505748
MCC:  0.7951301047898955
1345
Training on 26000 samples...
Train epoch: 1346 [0/26000 (0%)]	Loss: 0.021759
Train epoch: 1346 [262520/26000 (38%)]	Loss: 0.012834
Train epoch: 1346 [512840/26000 (77%)]	Loss: 0.012659
Make prediction for 870 samples...
epoch: 1346
AUC: 0.9465902057356279
TPR:  0.8507795100222717
precision:  0.9432098765432099
accuracy:  0.896551724137931
MCC:  0.7976343799354643
1346
Training on 26000 samples...
Train epoch: 1347 [0/26000 (0%)]	Loss: 0.017715
Train epoch: 1347 [267660/26000 (38%)]	Loss: 0.019750
Train epoch: 1347 [507200/26000 (77%)]	Loss: 0.023035
Make prediction for 870 samples...
epoch: 1347
AUC: 0.9483015833549349
TPR:  0.8552338530066815
precision:  0.9458128078817734
accuracy:  0.9
MCC:  0.8043507863297861
1347
Training on 26000 samples...
Train epoch: 1348 [0/26000 (0%)]	Loss: 0.013001
Train epoch: 1348 [256180/26000 (38%)]	Loss: 0.027992
Train epoch: 1348 [526440/26000 (77%)]	Loss: 0.027092
Make prediction for 870 samples...
epoch: 1348
AUC: 0.9495130376820488
TPR:  0.8507795100222717
precision:  0.9385749385749386
accuracy:  0.8942528735632184
MCC:  0.7926308395520176
1348
Training on 26000 samples...
Train epoch: 1349 [0/26000 (0%)]	Loss: 0.014194
Train epoch: 1349 [260760/26000 (38%)]	Loss: 0.027129
Train epoch: 1349 [510560/26000 (77%)]	Loss: 0.013090
Make prediction for 870 samples...
epoch: 1349
AUC: 0.9460188648302641
TPR:  0.8596881959910914
precision:  0.9346246973365617
accuracy:  0.896551724137931
MCC:  0.7961619170488148
1349
Training on 26000 samples...
Train epoch: 1350 [0/26000 (0%)]	Loss: 0.029141
Train epoch: 1350 [260040/26000 (38%)]	Loss: 0.025533
Train epoch: 1350 [520520/26000 (77%)]	Loss: 0.033401
Make prediction for 870 samples...
epoch: 1350
AUC: 0.9440244618550593
TPR:  0.8351893095768375
precision:  0.9328358208955224
accuracy:  0.8839080459770114
MCC:  0.7728840615242496
1350
Training on 26000 samples...
Train epoch: 1351 [0/26000 (0%)]	Loss: 0.021785
Train epoch: 1351 [263800/26000 (38%)]	Loss: 0.031737
Train epoch: 1351 [549760/26000 (77%)]	Loss: 0.015804
Make prediction for 870 samples...
epoch: 1351
AUC: 0.9457331943775822
TPR:  0.8418708240534521
precision:  0.945
accuracy:  0.8931034482758621
MCC:  0.7917722822411625
1351
Training on 26000 samples...
Train epoch: 1352 [0/26000 (0%)]	Loss: 0.024734
Train epoch: 1352 [260280/26000 (38%)]	Loss: 0.019737
Train epoch: 1352 [516240/26000 (77%)]	Loss: 0.018443
Make prediction for 870 samples...
epoch: 1352
AUC: 0.9423871469457068
TPR:  0.8463251670378619
precision:  0.9313725490196079
accuracy:  0.8885057471264368
MCC:  0.780918598297479
1352
Training on 26000 samples...
Train epoch: 1353 [0/26000 (0%)]	Loss: 0.015655
Train epoch: 1353 [250080/26000 (38%)]	Loss: 0.029947
Train epoch: 1353 [516320/26000 (77%)]	Loss: 0.013968
Make prediction for 870 samples...
epoch: 1353
AUC: 0.9427627506890477
TPR:  0.8463251670378619
precision:  0.926829268292683
accuracy:  0.8862068965517241
MCC:  0.7759472632732479
1353
Training on 26000 samples...
Train epoch: 1354 [0/26000 (0%)]	Loss: 0.022635
Train epoch: 1354 [261540/26000 (38%)]	Loss: 0.015803
Train epoch: 1354 [533440/26000 (77%)]	Loss: 0.018088
Make prediction for 870 samples...
epoch: 1354
AUC: 0.9455691983769685
TPR:  0.8418708240534521
precision:  0.9402985074626866
accuracy:  0.8908045977011494
MCC:  0.7867241968265323
1354
Training on 26000 samples...
Train epoch: 1355 [0/26000 (0%)]	Loss: 0.008433
Train epoch: 1355 [262620/26000 (38%)]	Loss: 0.022248
Train epoch: 1355 [522760/26000 (77%)]	Loss: 0.019562
Make prediction for 870 samples...
epoch: 1355
AUC: 0.9455718434737526
TPR:  0.8262806236080178
precision:  0.948849104859335
accuracy:  0.8873563218390804
MCC:  0.7823839074468643
1355
Training on 26000 samples...
Train epoch: 1356 [0/26000 (0%)]	Loss: 0.016890
Train epoch: 1356 [283460/26000 (38%)]	Loss: 0.014477
Train epoch: 1356 [513280/26000 (77%)]	Loss: 0.021689
Make prediction for 870 samples...
epoch: 1356
AUC: 0.9473652190933666
TPR:  0.8418708240534521
precision:  0.9473684210526315
accuracy:  0.8942528735632184
MCC:  0.7943040731956524
1356
Training on 26000 samples...
Train epoch: 1357 [0/26000 (0%)]	Loss: 0.018017
Train epoch: 1357 [270340/26000 (38%)]	Loss: 0.024715
Train epoch: 1357 [543320/26000 (77%)]	Loss: 0.017527
Make prediction for 870 samples...
epoch: 1357
AUC: 0.9476588248364007
TPR:  0.8396436525612472
precision:  0.9496221662468514
accuracy:  0.8942528735632184
MCC:  0.7947656446062318
1357
Training on 26000 samples...
Train epoch: 1358 [0/26000 (0%)]	Loss: 0.027568
Train epoch: 1358 [247900/26000 (38%)]	Loss: 0.034716
Train epoch: 1358 [523480/26000 (77%)]	Loss: 0.020017
Make prediction for 870 samples...
epoch: 1358
AUC: 0.9489443418734691
TPR:  0.8596881959910914
precision:  0.9414634146341463
accuracy:  0.9
MCC:  0.8035934629475797
1358
Training on 26000 samples...
Train epoch: 1359 [0/26000 (0%)]	Loss: 0.016854
Train epoch: 1359 [267180/26000 (38%)]	Loss: 0.018665
Train epoch: 1359 [508280/26000 (77%)]	Loss: 0.015440
Make prediction for 870 samples...
epoch: 1359
AUC: 0.9481402324511053
TPR:  0.8507795100222717
precision:  0.9408866995073891
accuracy:  0.8954022988505748
MCC:  0.7951301047898955
1359
Training on 26000 samples...
Train epoch: 1360 [0/26000 (0%)]	Loss: 0.027573
Train epoch: 1360 [258820/26000 (38%)]	Loss: 0.007172
Train epoch: 1360 [507040/26000 (77%)]	Loss: 0.016766
Make prediction for 870 samples...
epoch: 1360
AUC: 0.9487036380661168
TPR:  0.8396436525612472
precision:  0.9425
accuracy:  0.8908045977011494
MCC:  0.7871572354399443
1360
Training on 26000 samples...
Train epoch: 1361 [0/26000 (0%)]	Loss: 0.024815
Train epoch: 1361 [266900/26000 (38%)]	Loss: 0.010532
Train epoch: 1361 [500760/26000 (77%)]	Loss: 0.029587
Make prediction for 870 samples...
epoch: 1361
AUC: 0.9480926207089917
TPR:  0.8374164810690423
precision:  0.947103274559194
accuracy:  0.8919540229885058
MCC:  0.7901479074350087
1361
Training on 26000 samples...
Train epoch: 1362 [0/26000 (0%)]	Loss: 0.021832
Train epoch: 1362 [257100/26000 (38%)]	Loss: 0.023748
Train epoch: 1362 [524040/26000 (77%)]	Loss: 0.017870
Make prediction for 870 samples...
epoch: 1362
AUC: 0.9476138581910711
TPR:  0.8463251670378619
precision:  0.9476309226932669
accuracy:  0.896551724137931
MCC:  0.7984740722776837
1362
Training on 26000 samples...
Train epoch: 1363 [0/26000 (0%)]	Loss: 0.021143
Train epoch: 1363 [246560/26000 (38%)]	Loss: 0.033247
Train epoch: 1363 [518160/26000 (77%)]	Loss: 0.083571
Make prediction for 870 samples...
epoch: 1363
AUC: 0.9451909495368436
TPR:  0.844097995545657
precision:  0.9334975369458128
accuracy:  0.8885057471264368
MCC:  0.7812990824800597
1363
Training on 26000 samples...
Train epoch: 1364 [0/26000 (0%)]	Loss: 0.024405
Train epoch: 1364 [273320/26000 (38%)]	Loss: 0.031993
Train epoch: 1364 [508320/26000 (77%)]	Loss: 0.017506
Make prediction for 870 samples...
epoch: 1364
AUC: 0.9461140883144914
TPR:  0.8485523385300668
precision:  0.9338235294117647
accuracy:  0.8908045977011494
MCC:  0.7855275691845327
1364
Training on 26000 samples...
Train epoch: 1365 [0/26000 (0%)]	Loss: 0.019112
Train epoch: 1365 [254800/26000 (38%)]	Loss: 0.048150
Train epoch: 1365 [496320/26000 (77%)]	Loss: 0.042099
Make prediction for 870 samples...
epoch: 1365
AUC: 0.9439768501129456
TPR:  0.8530066815144766
precision:  0.945679012345679
accuracy:  0.8988505747126436
MCC:  0.802245442831533
1365
Training on 26000 samples...
Train epoch: 1366 [0/26000 (0%)]	Loss: 0.028081
Train epoch: 1366 [272420/26000 (38%)]	Loss: 0.028499
Train epoch: 1366 [532800/26000 (77%)]	Loss: 0.013037
Make prediction for 870 samples...
epoch: 1366
AUC: 0.9471747721249121
TPR:  0.8485523385300668
precision:  0.9338235294117647
accuracy:  0.8908045977011494
MCC:  0.7855275691845327
1366
Training on 26000 samples...
Train epoch: 1367 [0/26000 (0%)]	Loss: 0.011318
Train epoch: 1367 [262360/26000 (38%)]	Loss: 0.014647
Train epoch: 1367 [511400/26000 (77%)]	Loss: 0.018591
Make prediction for 870 samples...
epoch: 1367
AUC: 0.9477884345788212
TPR:  0.8463251670378619
precision:  0.9405940594059405
accuracy:  0.8931034482758621
MCC:  0.7909200897043261
1367
Training on 26000 samples...
Train epoch: 1368 [0/26000 (0%)]	Loss: 0.011612
Train epoch: 1368 [271560/26000 (38%)]	Loss: 0.028672
Train epoch: 1368 [504880/26000 (77%)]	Loss: 0.025735
Make prediction for 870 samples...
epoch: 1368
AUC: 0.9457384845711505
TPR:  0.8418708240534521
precision:  0.9379652605459057
accuracy:  0.8896551724137931
MCC:  0.7842078111945994
1368
Training on 26000 samples...
Train epoch: 1369 [0/26000 (0%)]	Loss: 0.015518
Train epoch: 1369 [261840/26000 (38%)]	Loss: 0.015384
Train epoch: 1369 [510960/26000 (77%)]	Loss: 0.013899
Make prediction for 870 samples...
epoch: 1369
AUC: 0.9505525607181967
TPR:  0.8530066815144766
precision:  0.9433497536945813
accuracy:  0.8977011494252873
MCC:  0.7997404455598408
1369
Training on 26000 samples...
Train epoch: 1370 [0/26000 (0%)]	Loss: 0.026362
Train epoch: 1370 [273960/26000 (38%)]	Loss: 0.020613
Train epoch: 1370 [522160/26000 (77%)]	Loss: 0.021366
Make prediction for 870 samples...
epoch: 1370
AUC: 0.9459289315396051
TPR:  0.8329621380846325
precision:  0.9396984924623115
accuracy:  0.8862068965517241
MCC:  0.7783738298000232
1370
Training on 26000 samples...
Train epoch: 1371 [0/26000 (0%)]	Loss: 0.006333
Train epoch: 1371 [252860/26000 (38%)]	Loss: 0.013276
Train epoch: 1371 [506640/26000 (77%)]	Loss: 0.013626
Make prediction for 870 samples...
epoch: 1371
AUC: 0.9473996053515599
TPR:  0.8329621380846325
precision:  0.9565217391304348
accuracy:  0.8942528735632184
MCC:  0.7962553029161995
1371
Training on 26000 samples...
Train epoch: 1372 [0/26000 (0%)]	Loss: 0.013249
Train epoch: 1372 [259380/26000 (38%)]	Loss: 0.012186
Train epoch: 1372 [505520/26000 (77%)]	Loss: 0.016792
Make prediction for 870 samples...
epoch: 1372
AUC: 0.9480132678054689
TPR:  0.844097995545657
precision:  0.9381188118811881
accuracy:  0.8908045977011494
MCC:  0.7863082798463951
1372
Training on 26000 samples...
Train epoch: 1373 [0/26000 (0%)]	Loss: 0.019135
Train epoch: 1373 [263200/26000 (38%)]	Loss: 0.019437
Train epoch: 1373 [523920/26000 (77%)]	Loss: 0.038738
Make prediction for 870 samples...
epoch: 1373
AUC: 0.9462701490247527
TPR:  0.8641425389755011
precision:  0.9304556354916067
accuracy:  0.896551724137931
MCC:  0.7955283180585025
1373
Training on 26000 samples...
Train epoch: 1374 [0/26000 (0%)]	Loss: 0.033087
Train epoch: 1374 [266200/26000 (38%)]	Loss: 0.012817
Train epoch: 1374 [509720/26000 (77%)]	Loss: 0.017381
Make prediction for 870 samples...
epoch: 1374
AUC: 0.9483941617423781
TPR:  0.8418708240534521
precision:  0.949748743718593
accuracy:  0.8954022988505748
MCC:  0.7968410909278275
1374
Training on 26000 samples...
Train epoch: 1375 [0/26000 (0%)]	Loss: 0.017706
Train epoch: 1375 [258020/26000 (38%)]	Loss: 0.019495
Train epoch: 1375 [517160/26000 (77%)]	Loss: 0.014004
Make prediction for 870 samples...
epoch: 1375
AUC: 0.9499362531675034
TPR:  0.844097995545657
precision:  0.9381188118811881
accuracy:  0.8908045977011494
MCC:  0.7863082798463951
1375
Training on 26000 samples...
Train epoch: 1376 [0/26000 (0%)]	Loss: 0.019852
Train epoch: 1376 [258240/26000 (38%)]	Loss: 0.019699
Train epoch: 1376 [525080/26000 (77%)]	Loss: 0.020838
Make prediction for 870 samples...
epoch: 1376
AUC: 0.9510048722682765
TPR:  0.8351893095768375
precision:  0.9517766497461929
accuracy:  0.8931034482758621
MCC:  0.7931803991668763
1376
Training on 26000 samples...
Train epoch: 1377 [0/26000 (0%)]	Loss: 0.022206
Train epoch: 1377 [252040/26000 (38%)]	Loss: 0.013080
Train epoch: 1377 [519160/26000 (77%)]	Loss: 0.014222
Make prediction for 870 samples...
epoch: 1377
AUC: 0.9452782377307186
TPR:  0.8396436525612472
precision:  0.952020202020202
accuracy:  0.8954022988505748
MCC:  0.7973123081745095
1377
Training on 26000 samples...
Train epoch: 1378 [0/26000 (0%)]	Loss: 0.013844
Train epoch: 1378 [255900/26000 (38%)]	Loss: 0.026482
Train epoch: 1378 [504160/26000 (77%)]	Loss: 0.033119
Make prediction for 870 samples...
epoch: 1378
AUC: 0.9454845552798776
TPR:  0.8708240534521158
precision:  0.9287410926365796
accuracy:  0.8988505747126436
MCC:  0.7995651460886953
1378
Training on 26000 samples...
Train epoch: 1379 [0/26000 (0%)]	Loss: 0.021373
Train epoch: 1379 [263580/26000 (38%)]	Loss: 0.016039
Train epoch: 1379 [532080/26000 (77%)]	Loss: 0.014658
Make prediction for 870 samples...
epoch: 1379
AUC: 0.9482248755481962
TPR:  0.8485523385300668
precision:  0.9548872180451128
accuracy:  0.9011494252873563
MCC:  0.8081518287149643
1379
Training on 26000 samples...
Train epoch: 1380 [0/26000 (0%)]	Loss: 0.012258
Train epoch: 1380 [251980/26000 (38%)]	Loss: 0.014609
Train epoch: 1380 [501480/26000 (77%)]	Loss: 0.027121
Make prediction for 870 samples...
epoch: 1380
AUC: 0.9502563098783785
TPR:  0.8463251670378619
precision:  0.95
accuracy:  0.8977011494252873
MCC:  0.8010023758435986
1380
Training on 26000 samples...
Train epoch: 1381 [0/26000 (0%)]	Loss: 0.013887
Train epoch: 1381 [266000/26000 (38%)]	Loss: 0.018174
Train epoch: 1381 [509160/26000 (77%)]	Loss: 0.022483
Make prediction for 870 samples...
epoch: 1381
AUC: 0.9462331176697756
TPR:  0.8485523385300668
precision:  0.9477611940298507
accuracy:  0.8977011494252873
MCC:  0.8005643321288148
1381
Training on 26000 samples...
Train epoch: 1382 [0/26000 (0%)]	Loss: 0.033413
Train epoch: 1382 [265060/26000 (38%)]	Loss: 0.011987
Train epoch: 1382 [523200/26000 (77%)]	Loss: 0.023700
Make prediction for 870 samples...
epoch: 1382
AUC: 0.9461352490887641
TPR:  0.8530066815144766
precision:  0.941031941031941
accuracy:  0.896551724137931
MCC:  0.7972404829968077
1382
Training on 26000 samples...
Train epoch: 1383 [0/26000 (0%)]	Loss: 0.020293
Train epoch: 1383 [257580/26000 (38%)]	Loss: 0.025933
Train epoch: 1383 [511000/26000 (77%)]	Loss: 0.025215
Make prediction for 870 samples...
epoch: 1383
AUC: 0.9463680176057643
TPR:  0.8285077951002228
precision:  0.9538461538461539
accuracy:  0.8908045977011494
MCC:  0.7895816385876636
1383
Training on 26000 samples...
Train epoch: 1384 [0/26000 (0%)]	Loss: 0.015271
Train epoch: 1384 [259120/26000 (38%)]	Loss: 0.035249
Train epoch: 1384 [518160/26000 (77%)]	Loss: 0.012206
Make prediction for 870 samples...
epoch: 1384
AUC: 0.9486375106465146
TPR:  0.8463251670378619
precision:  0.95
accuracy:  0.8977011494252873
MCC:  0.8010023758435986
1384
Training on 26000 samples...
Train epoch: 1385 [0/26000 (0%)]	Loss: 0.029852
Train epoch: 1385 [257820/26000 (38%)]	Loss: 0.022064
Train epoch: 1385 [526120/26000 (77%)]	Loss: 0.013938
Make prediction for 870 samples...
epoch: 1385
AUC: 0.9486692518079237
TPR:  0.8530066815144766
precision:  0.948019801980198
accuracy:  0.9
MCC:  0.8047555192781197
1385
Training on 26000 samples...
Train epoch: 1386 [0/26000 (0%)]	Loss: 0.017418
Train epoch: 1386 [251720/26000 (38%)]	Loss: 0.022223
Train epoch: 1386 [537880/26000 (77%)]	Loss: 0.015885
Make prediction for 870 samples...
epoch: 1386
AUC: 0.9486004792915375
TPR:  0.8262806236080178
precision:  0.958656330749354
accuracy:  0.8919540229885058
MCC:  0.7927082986416824
1386
Training on 26000 samples...
Train epoch: 1387 [0/26000 (0%)]	Loss: 0.017955
Train epoch: 1387 [257000/26000 (38%)]	Loss: 0.020857
Train epoch: 1387 [544920/26000 (77%)]	Loss: 0.022400
Make prediction for 870 samples...
epoch: 1387
AUC: 0.9469790349628893
TPR:  0.8485523385300668
precision:  0.9501246882793017
accuracy:  0.8988505747126436
MCC:  0.8030882724017718
1387
Training on 26000 samples...
Train epoch: 1388 [0/26000 (0%)]	Loss: 0.011197
Train epoch: 1388 [263280/26000 (38%)]	Loss: 0.042646
Train epoch: 1388 [535760/26000 (77%)]	Loss: 0.022319
Make prediction for 870 samples...
epoch: 1388
AUC: 0.9482698421935258
TPR:  0.844097995545657
precision:  0.9570707070707071
accuracy:  0.9
MCC:  0.8065496766124708
1388
Training on 26000 samples...
Train epoch: 1389 [0/26000 (0%)]	Loss: 0.015847
Train epoch: 1389 [266700/26000 (38%)]	Loss: 0.024332
Train epoch: 1389 [517760/26000 (77%)]	Loss: 0.029000
Make prediction for 870 samples...
epoch: 1389
AUC: 0.9477646287077645
TPR:  0.8552338530066815
precision:  0.9458128078817734
accuracy:  0.9
MCC:  0.8043507863297861
1389
Training on 26000 samples...
Train epoch: 1390 [0/26000 (0%)]	Loss: 0.020966
Train epoch: 1390 [259540/26000 (38%)]	Loss: 0.011145
Train epoch: 1390 [509480/26000 (77%)]	Loss: 0.030250
Make prediction for 870 samples...
epoch: 1390
AUC: 0.9472012230927529
TPR:  0.8619153674832962
precision:  0.9258373205741627
accuracy:  0.8931034482758621
MCC:  0.7884751472262421
1390
Training on 26000 samples...
Train epoch: 1391 [0/26000 (0%)]	Loss: 0.009302
Train epoch: 1391 [247320/26000 (38%)]	Loss: 0.021392
Train epoch: 1391 [538680/26000 (77%)]	Loss: 0.012046
Make prediction for 870 samples...
epoch: 1391
AUC: 0.9503145020076283
TPR:  0.8285077951002228
precision:  0.9538461538461539
accuracy:  0.8908045977011494
MCC:  0.7895816385876636
1391
Training on 26000 samples...
Train epoch: 1392 [0/26000 (0%)]	Loss: 0.021353
Train epoch: 1392 [250940/26000 (38%)]	Loss: 0.012733
Train epoch: 1392 [514360/26000 (77%)]	Loss: 0.015052
Make prediction for 870 samples...
epoch: 1392
AUC: 0.9471932878024008
TPR:  0.8530066815144766
precision:  0.9387254901960784
accuracy:  0.8954022988505748
MCC:  0.79474551095864
1392
Training on 26000 samples...
Train epoch: 1393 [0/26000 (0%)]	Loss: 0.025690
Train epoch: 1393 [244980/26000 (38%)]	Loss: 0.017342
Train epoch: 1393 [527280/26000 (77%)]	Loss: 0.011747
Make prediction for 870 samples...
epoch: 1393
AUC: 0.9511662231721059
TPR:  0.8552338530066815
precision:  0.9343065693430657
accuracy:  0.8942528735632184
MCC:  0.791897201810939
1393
Training on 26000 samples...
Train epoch: 1394 [0/26000 (0%)]	Loss: 0.017939
Train epoch: 1394 [269520/26000 (38%)]	Loss: 0.045404
Train epoch: 1394 [504080/26000 (77%)]	Loss: 0.021135
Make prediction for 870 samples...
epoch: 1394
AUC: 0.9495791651016511
TPR:  0.8530066815144766
precision:  0.927360774818402
accuracy:  0.8896551724137931
MCC:  0.7823439814876316
1394
Training on 26000 samples...
Train epoch: 1395 [0/26000 (0%)]	Loss: 0.016880
Train epoch: 1395 [268020/26000 (38%)]	Loss: 0.008587
Train epoch: 1395 [531880/26000 (77%)]	Loss: 0.017245
Make prediction for 870 samples...
epoch: 1395
AUC: 0.947148321157071
TPR:  0.8485523385300668
precision:  0.9361179361179361
accuracy:  0.8919540229885058
MCC:  0.7880211961072277
1395
Training on 26000 samples...
Train epoch: 1396 [0/26000 (0%)]	Loss: 0.012481
Train epoch: 1396 [253060/26000 (38%)]	Loss: 0.053230
Train epoch: 1396 [514640/26000 (77%)]	Loss: 0.025129
Make prediction for 870 samples...
epoch: 1396
AUC: 0.9489205360024122
TPR:  0.8463251670378619
precision:  0.9429280397022333
accuracy:  0.8942528735632184
MCC:  0.7934329745776597
1396
Training on 26000 samples...
Train epoch: 1397 [0/26000 (0%)]	Loss: 0.015351
Train epoch: 1397 [256620/26000 (38%)]	Loss: 0.027716
Train epoch: 1397 [526520/26000 (77%)]	Loss: 0.028583
Make prediction for 870 samples...
epoch: 1397
AUC: 0.9503092118140603
TPR:  0.8463251670378619
precision:  0.9476309226932669
accuracy:  0.896551724137931
MCC:  0.7984740722776837
1397
Training on 26000 samples...
Train epoch: 1398 [0/26000 (0%)]	Loss: 0.012594
Train epoch: 1398 [263600/26000 (38%)]	Loss: 0.022040
Train epoch: 1398 [504200/26000 (77%)]	Loss: 0.019107
Make prediction for 870 samples...
epoch: 1398
AUC: 0.9490448555512646
TPR:  0.844097995545657
precision:  0.949874686716792
accuracy:  0.896551724137931
MCC:  0.7989199917020897
1398
Training on 26000 samples...
Train epoch: 1399 [0/26000 (0%)]	Loss: 0.020218
Train epoch: 1399 [265420/26000 (38%)]	Loss: 0.023450
Train epoch: 1399 [526200/26000 (77%)]	Loss: 0.028528
Make prediction for 870 samples...
epoch: 1399
AUC: 0.9500579276195715
TPR:  0.8596881959910914
precision:  0.9414634146341463
accuracy:  0.9
MCC:  0.8035934629475797
1399
Training on 26000 samples...
Train epoch: 1400 [0/26000 (0%)]	Loss: 0.019546
Train epoch: 1400 [268820/26000 (38%)]	Loss: 0.033506
Train epoch: 1400 [532480/26000 (77%)]	Loss: 0.011733
Make prediction for 870 samples...
epoch: 1400
AUC: 0.9470980643181733
TPR:  0.8285077951002228
precision:  0.9587628865979382
accuracy:  0.8931034482758621
MCC:  0.794746059714429
1400
Training on 26000 samples...
Train epoch: 1401 [0/26000 (0%)]	Loss: 0.022183
Train epoch: 1401 [256280/26000 (38%)]	Loss: 0.016963
Train epoch: 1401 [527200/26000 (77%)]	Loss: 0.026817
Make prediction for 870 samples...
epoch: 1401
AUC: 0.9503779843304468
TPR:  0.8507795100222717
precision:  0.9339853300733496
accuracy:  0.8919540229885058
MCC:  0.7876471624756546
1401
Training on 26000 samples...
Train epoch: 1402 [0/26000 (0%)]	Loss: 0.016692
Train epoch: 1402 [251260/26000 (38%)]	Loss: 0.010325
Train epoch: 1402 [520040/26000 (77%)]	Loss: 0.018174
Make prediction for 870 samples...
epoch: 1402
AUC: 0.9506133979442308
TPR:  0.8574610244988864
precision:  0.9367396593673966
accuracy:  0.896551724137931
MCC:  0.7965043033120358
1402
Training on 26000 samples...
Train epoch: 1403 [0/26000 (0%)]	Loss: 0.022217
Train epoch: 1403 [253400/26000 (38%)]	Loss: 0.021154
Train epoch: 1403 [511400/26000 (77%)]	Loss: 0.014167
Make prediction for 870 samples...
epoch: 1403
AUC: 0.9498436747800602
TPR:  0.8552338530066815
precision:  0.9388753056234719
accuracy:  0.896551724137931
MCC:  0.7968638086044627
1403
Training on 26000 samples...
Train epoch: 1404 [0/26000 (0%)]	Loss: 0.023816
Train epoch: 1404 [260320/26000 (38%)]	Loss: 0.023980
Train epoch: 1404 [533280/26000 (77%)]	Loss: 0.016594
Make prediction for 870 samples...
epoch: 1404
AUC: 0.9509572605261625
TPR:  0.8418708240534521
precision:  0.9521410579345088
accuracy:  0.896551724137931
MCC:  0.7993833817774548
1404
Training on 26000 samples...
Train epoch: 1405 [0/26000 (0%)]	Loss: 0.023385
Train epoch: 1405 [260480/26000 (38%)]	Loss: 0.012352
Train epoch: 1405 [535440/26000 (77%)]	Loss: 0.030839
Make prediction for 870 samples...
epoch: 1405
AUC: 0.9523062598860492
TPR:  0.8574610244988864
precision:  0.9367396593673966
accuracy:  0.896551724137931
MCC:  0.7965043033120358
1405
Training on 26000 samples...
Train epoch: 1406 [0/26000 (0%)]	Loss: 0.013181
Train epoch: 1406 [256780/26000 (38%)]	Loss: 0.021911
Train epoch: 1406 [515800/26000 (77%)]	Loss: 0.019522
Make prediction for 870 samples...
epoch: 1406
AUC: 0.9500499923292193
TPR:  0.8530066815144766
precision:  0.941031941031941
accuracy:  0.896551724137931
MCC:  0.7972404829968077
1406
Training on 26000 samples...
Train epoch: 1407 [0/26000 (0%)]	Loss: 0.021875
Train epoch: 1407 [253760/26000 (38%)]	Loss: 0.018029
Train epoch: 1407 [517920/26000 (77%)]	Loss: 0.017242
Make prediction for 870 samples...
epoch: 1407
AUC: 0.9498516100704125
TPR:  0.8596881959910914
precision:  0.9301204819277108
accuracy:  0.8942528735632184
MCC:  0.7912316491879167
1407
Training on 26000 samples...
Train epoch: 1408 [0/26000 (0%)]	Loss: 0.016234
Train epoch: 1408 [258860/26000 (38%)]	Loss: 0.013584
Train epoch: 1408 [513000/26000 (77%)]	Loss: 0.017717
Make prediction for 870 samples...
epoch: 1408
AUC: 0.9507006861381059
TPR:  0.8396436525612472
precision:  0.9496221662468514
accuracy:  0.8942528735632184
MCC:  0.7947656446062318
1408
Training on 26000 samples...
Train epoch: 1409 [0/26000 (0%)]	Loss: 0.019099
Train epoch: 1409 [252580/26000 (38%)]	Loss: 0.022740
Train epoch: 1409 [507520/26000 (77%)]	Loss: 0.026022
Make prediction for 870 samples...
epoch: 1409
AUC: 0.9503356627819013
TPR:  0.8552338530066815
precision:  0.9411764705882353
accuracy:  0.8977011494252873
MCC:  0.7993544818456937
1409
Training on 26000 samples...
Train epoch: 1410 [0/26000 (0%)]	Loss: 0.017615
Train epoch: 1410 [249980/26000 (38%)]	Loss: 0.012375
Train epoch: 1410 [519360/26000 (77%)]	Loss: 0.016966
Make prediction for 870 samples...
epoch: 1410
AUC: 0.9489840183252305
TPR:  0.8574610244988864
precision:  0.941320293398533
accuracy:  0.8988505747126436
MCC:  0.8014721316688668
1410
Training on 26000 samples...
Train epoch: 1411 [0/26000 (0%)]	Loss: 0.014379
Train epoch: 1411 [264340/26000 (38%)]	Loss: 0.035094
Train epoch: 1411 [506720/26000 (77%)]	Loss: 0.014647
Make prediction for 870 samples...
epoch: 1411
AUC: 0.9484364832909238
TPR:  0.8418708240534521
precision:  0.942643391521197
accuracy:  0.8919540229885058
MCC:  0.7892456720295076
1411
Training on 26000 samples...
Train epoch: 1412 [0/26000 (0%)]	Loss: 0.024566
Train epoch: 1412 [261140/26000 (38%)]	Loss: 0.009915
Train epoch: 1412 [517560/26000 (77%)]	Loss: 0.020172
Make prediction for 870 samples...
epoch: 1412
AUC: 0.9503065667172762
TPR:  0.8374164810690423
precision:  0.9543147208121827
accuracy:  0.8954022988505748
MCC:  0.7978010531420958
1412
Training on 26000 samples...
Train epoch: 1413 [0/26000 (0%)]	Loss: 0.016726
Train epoch: 1413 [265300/26000 (38%)]	Loss: 0.016215
Train epoch: 1413 [517240/26000 (77%)]	Loss: 0.016793
Make prediction for 870 samples...
epoch: 1413
AUC: 0.9521475540790038
TPR:  0.8173719376391982
precision:  0.9557291666666666
accuracy:  0.8862068965517241
MCC:  0.7819823620537392
1413
Training on 26000 samples...
Train epoch: 1414 [0/26000 (0%)]	Loss: 0.032395
Train epoch: 1414 [252660/26000 (38%)]	Loss: 0.014381
Train epoch: 1414 [522920/26000 (77%)]	Loss: 0.014488
Make prediction for 870 samples...
epoch: 1414
AUC: 0.9508091351062535
TPR:  0.8507795100222717
precision:  0.9478908188585607
accuracy:  0.8988505747126436
MCC:  0.80265813796072
1414
Training on 26000 samples...
Train epoch: 1415 [0/26000 (0%)]	Loss: 0.031639
Train epoch: 1415 [262700/26000 (38%)]	Loss: 0.010118
Train epoch: 1415 [522800/26000 (77%)]	Loss: 0.015922
Make prediction for 870 samples...
epoch: 1415
AUC: 0.9512244153013558
TPR:  0.8485523385300668
precision:  0.9292682926829269
accuracy:  0.8885057471264368
MCC:  0.7805549632189699
1415
Training on 26000 samples...
Train epoch: 1416 [0/26000 (0%)]	Loss: 0.014882
Train epoch: 1416 [249620/26000 (38%)]	Loss: 0.022182
Train epoch: 1416 [543200/26000 (77%)]	Loss: 0.017109
Make prediction for 870 samples...
epoch: 1416
AUC: 0.9514492485280037
TPR:  0.8262806236080178
precision:  0.948849104859335
accuracy:  0.8873563218390804
MCC:  0.7823839074468643
1416
Training on 26000 samples...
Train epoch: 1417 [0/26000 (0%)]	Loss: 0.010534
Train epoch: 1417 [250060/26000 (38%)]	Loss: 0.017650
Train epoch: 1417 [522560/26000 (77%)]	Loss: 0.017880
Make prediction for 870 samples...
epoch: 1417
AUC: 0.9523776774992198
TPR:  0.8574610244988864
precision:  0.9322033898305084
accuracy:  0.8942528735632184
MCC:  0.7915559385284204
1417
Training on 26000 samples...
Train epoch: 1418 [0/26000 (0%)]	Loss: 0.013187
Train epoch: 1418 [255280/26000 (38%)]	Loss: 0.019763
Train epoch: 1418 [514520/26000 (77%)]	Loss: 0.014809
Make prediction for 870 samples...
epoch: 1418
AUC: 0.9502483745880261
TPR:  0.8530066815144766
precision:  0.9251207729468599
accuracy:  0.8885057471264368
MCC:  0.7798780400661879
1418
Training on 26000 samples...
Train epoch: 1419 [0/26000 (0%)]	Loss: 0.007263
Train epoch: 1419 [254040/26000 (38%)]	Loss: 0.015403
Train epoch: 1419 [509360/26000 (77%)]	Loss: 0.012462
Make prediction for 870 samples...
epoch: 1419
AUC: 0.950333017685117
TPR:  0.844097995545657
precision:  0.9546599496221663
accuracy:  0.8988505747126436
MCC:  0.8040011189486779
1419
Training on 26000 samples...
Train epoch: 1420 [0/26000 (0%)]	Loss: 0.012584
Train epoch: 1420 [251340/26000 (38%)]	Loss: 0.021199
Train epoch: 1420 [532440/26000 (77%)]	Loss: 0.022856
Make prediction for 870 samples...
epoch: 1420
AUC: 0.9497537414894012
TPR:  0.8552338530066815
precision:  0.9320388349514563
accuracy:  0.8931034482758621
MCC:  0.7894211817472887
1420
Training on 26000 samples...
Train epoch: 1421 [0/26000 (0%)]	Loss: 0.012036
Train epoch: 1421 [259860/26000 (38%)]	Loss: 0.024723
Train epoch: 1421 [538640/26000 (77%)]	Loss: 0.016722
Make prediction for 870 samples...
epoch: 1421
AUC: 0.9484444185812759
TPR:  0.8507795100222717
precision:  0.9362745098039216
accuracy:  0.8931034482758621
MCC:  0.7901365400715863
1421
Training on 26000 samples...
Train epoch: 1422 [0/26000 (0%)]	Loss: 0.020592
Train epoch: 1422 [264760/26000 (38%)]	Loss: 0.031166
Train epoch: 1422 [515160/26000 (77%)]	Loss: 0.012983
Make prediction for 870 samples...
epoch: 1422
AUC: 0.9472938014801962
TPR:  0.821826280623608
precision:  0.9437340153452686
accuracy:  0.8827586206896552
MCC:  0.7731363104673075
1422
Training on 26000 samples...
Train epoch: 1423 [0/26000 (0%)]	Loss: 0.015959
Train epoch: 1423 [260260/26000 (38%)]	Loss: 0.015419
Train epoch: 1423 [515240/26000 (77%)]	Loss: 0.035343
Make prediction for 870 samples...
epoch: 1423
AUC: 0.9480159129022532
TPR:  0.8329621380846325
precision:  0.9326683291770573
accuracy:  0.8827586206896552
MCC:  0.7707888715331552
1423
Training on 26000 samples...
Train epoch: 1424 [0/26000 (0%)]	Loss: 0.031420
Train epoch: 1424 [263380/26000 (38%)]	Loss: 0.021916
Train epoch: 1424 [497360/26000 (77%)]	Loss: 0.020673
Make prediction for 870 samples...
epoch: 1424
AUC: 0.9500050256838898
TPR:  0.8530066815144766
precision:  0.9318734793187348
accuracy:  0.8919540229885058
MCC:  0.7872901003098421
1424
Training on 26000 samples...
Train epoch: 1425 [0/26000 (0%)]	Loss: 0.016956
Train epoch: 1425 [253360/26000 (38%)]	Loss: 0.015021
Train epoch: 1425 [511960/26000 (77%)]	Loss: 0.013232
Make prediction for 870 samples...
epoch: 1425
AUC: 0.94821429516106
TPR:  0.8374164810690423
precision:  0.9306930693069307
accuracy:  0.8839080459770114
MCC:  0.7724728502726015
1425
Training on 26000 samples...
Train epoch: 1426 [0/26000 (0%)]	Loss: 0.028761
Train epoch: 1426 [248380/26000 (38%)]	Loss: 0.013616
Train epoch: 1426 [516360/26000 (77%)]	Loss: 0.029727
Make prediction for 870 samples...
epoch: 1426
AUC: 0.9478545619984237
TPR:  0.8374164810690423
precision:  0.9376558603491272
accuracy:  0.8873563218390804
MCC:  0.7800172717813314
1426
Training on 26000 samples...
Train epoch: 1427 [0/26000 (0%)]	Loss: 0.014222
Train epoch: 1427 [255820/26000 (38%)]	Loss: 0.027762
Train epoch: 1427 [515800/26000 (77%)]	Loss: 0.007999
Make prediction for 870 samples...
epoch: 1427
AUC: 0.9476641150299687
TPR:  0.8329621380846325
precision:  0.9444444444444444
accuracy:  0.8885057471264368
MCC:  0.7834562555175677
1427
Training on 26000 samples...
Train epoch: 1428 [0/26000 (0%)]	Loss: 0.019745
Train epoch: 1428 [261700/26000 (38%)]	Loss: 0.020630
Train epoch: 1428 [505800/26000 (77%)]	Loss: 0.016849
Make prediction for 870 samples...
epoch: 1428
AUC: 0.949602970972708
TPR:  0.844097995545657
precision:  0.9312039312039312
accuracy:  0.8873563218390804
MCC:  0.7788019092176476
1428
Training on 26000 samples...
Train epoch: 1429 [0/26000 (0%)]	Loss: 0.031110
Train epoch: 1429 [257620/26000 (38%)]	Loss: 0.021513
Train epoch: 1429 [525680/26000 (77%)]	Loss: 0.033832
Make prediction for 870 samples...
epoch: 1429
AUC: 0.9491242084547874
TPR:  0.8418708240534521
precision:  0.9473684210526315
accuracy:  0.8942528735632184
MCC:  0.7943040731956524
1429
Training on 26000 samples...
Train epoch: 1430 [0/26000 (0%)]	Loss: 0.011256
Train epoch: 1430 [258520/26000 (38%)]	Loss: 0.029427
Train epoch: 1430 [516800/26000 (77%)]	Loss: 0.023324
Make prediction for 870 samples...
epoch: 1430
AUC: 0.9504308862661284
TPR:  0.844097995545657
precision:  0.9522613065326633
accuracy:  0.8977011494252873
MCC:  0.8014579062097786
1430
Training on 26000 samples...
Train epoch: 1431 [0/26000 (0%)]	Loss: 0.021084
Train epoch: 1431 [260920/26000 (38%)]	Loss: 0.009197
Train epoch: 1431 [527640/26000 (77%)]	Loss: 0.016958
Make prediction for 870 samples...
epoch: 1431
AUC: 0.9506848155574011
TPR:  0.844097995545657
precision:  0.9358024691358025
accuracy:  0.8896551724137931
MCC:  0.7838011912472583
1431
Training on 26000 samples...
Train epoch: 1432 [0/26000 (0%)]	Loss: 0.020934
Train epoch: 1432 [250220/26000 (38%)]	Loss: 0.024183
Train epoch: 1432 [512000/26000 (77%)]	Loss: 0.016572
Make prediction for 870 samples...
epoch: 1432
AUC: 0.9524623205963104
TPR:  0.8485523385300668
precision:  0.9384236453201971
accuracy:  0.8931034482758621
MCC:  0.7905197640199503
1432
Training on 26000 samples...
Train epoch: 1433 [0/26000 (0%)]	Loss: 0.019085
Train epoch: 1433 [257680/26000 (38%)]	Loss: 0.013560
Train epoch: 1433 [518480/26000 (77%)]	Loss: 0.015497
Make prediction for 870 samples...
epoch: 1433
AUC: 0.9526554126615493
TPR:  0.8418708240534521
precision:  0.9521410579345088
accuracy:  0.896551724137931
MCC:  0.7993833817774548
1433
Training on 26000 samples...
Train epoch: 1434 [0/26000 (0%)]	Loss: 0.046064
Train epoch: 1434 [268520/26000 (38%)]	Loss: 0.037630
Train epoch: 1434 [520880/26000 (77%)]	Loss: 0.013373
Make prediction for 870 samples...
epoch: 1434
AUC: 0.9496743885858784
TPR:  0.844097995545657
precision:  0.9334975369458128
accuracy:  0.8885057471264368
MCC:  0.7812990824800597
1434
Training on 26000 samples...
Train epoch: 1435 [0/26000 (0%)]	Loss: 0.038475
Train epoch: 1435 [247100/26000 (38%)]	Loss: 0.008157
Train epoch: 1435 [511360/26000 (77%)]	Loss: 0.020013
Make prediction for 870 samples...
epoch: 1435
AUC: 0.9496664532955261
TPR:  0.844097995545657
precision:  0.9334975369458128
accuracy:  0.8885057471264368
MCC:  0.7812990824800597
1435
Training on 26000 samples...
Train epoch: 1436 [0/26000 (0%)]	Loss: 0.012364
Train epoch: 1436 [252920/26000 (38%)]	Loss: 0.022836
Train epoch: 1436 [521600/26000 (77%)]	Loss: 0.016874
Make prediction for 870 samples...
epoch: 1436
AUC: 0.948740669421094
TPR:  0.8418708240534521
precision:  0.9379652605459057
accuracy:  0.8896551724137931
MCC:  0.7842078111945994
1436
Training on 26000 samples...
Train epoch: 1437 [0/26000 (0%)]	Loss: 0.015837
Train epoch: 1437 [259720/26000 (38%)]	Loss: 0.021679
Train epoch: 1437 [536240/26000 (77%)]	Loss: 0.017013
Make prediction for 870 samples...
epoch: 1437
AUC: 0.9476006327071508
TPR:  0.8374164810690423
precision:  0.947103274559194
accuracy:  0.8919540229885058
MCC:  0.7901479074350087
1437
Training on 26000 samples...
Train epoch: 1438 [0/26000 (0%)]	Loss: 0.014609
Train epoch: 1438 [264220/26000 (38%)]	Loss: 0.013154
Train epoch: 1438 [511960/26000 (77%)]	Loss: 0.019079
Make prediction for 870 samples...
epoch: 1438
AUC: 0.9468811663818778
TPR:  0.8240534521158129
precision:  0.9511568123393316
accuracy:  0.8873563218390804
MCC:  0.7829090294969354
1438
Training on 26000 samples...
Train epoch: 1439 [0/26000 (0%)]	Loss: 0.009811
Train epoch: 1439 [249040/26000 (38%)]	Loss: 0.024554
Train epoch: 1439 [531520/26000 (77%)]	Loss: 0.024579
Make prediction for 870 samples...
epoch: 1439
AUC: 0.9472488348348667
TPR:  0.8351893095768375
precision:  0.9517766497461929
accuracy:  0.8931034482758621
MCC:  0.7931803991668763
1439
Training on 26000 samples...
Train epoch: 1440 [0/26000 (0%)]	Loss: 0.023230
Train epoch: 1440 [251160/26000 (38%)]	Loss: 0.022753
Train epoch: 1440 [530240/26000 (77%)]	Loss: 0.024425
Make prediction for 870 samples...
epoch: 1440
AUC: 0.9460188648302642
TPR:  0.844097995545657
precision:  0.9358024691358025
accuracy:  0.8896551724137931
MCC:  0.7838011912472583
1440
Training on 26000 samples...
Train epoch: 1441 [0/26000 (0%)]	Loss: 0.013253
Train epoch: 1441 [263380/26000 (38%)]	Loss: 0.015447
Train epoch: 1441 [529880/26000 (77%)]	Loss: 0.017852
Make prediction for 870 samples...
epoch: 1441
AUC: 0.9499785747160487
TPR:  0.8374164810690423
precision:  0.9423558897243107
accuracy:  0.8896551724137931
MCC:  0.7850722361827779
1441
Training on 26000 samples...
Train epoch: 1442 [0/26000 (0%)]	Loss: 0.017200
Train epoch: 1442 [262620/26000 (38%)]	Loss: 0.016121
Train epoch: 1442 [527120/26000 (77%)]	Loss: 0.011865
Make prediction for 870 samples...
epoch: 1442
AUC: 0.9444318067598092
TPR:  0.8285077951002228
precision:  0.9538461538461539
accuracy:  0.8908045977011494
MCC:  0.7895816385876636
1442
Training on 26000 samples...
Train epoch: 1443 [0/26000 (0%)]	Loss: 0.006782
Train epoch: 1443 [265460/26000 (38%)]	Loss: 0.010550
Train epoch: 1443 [538680/26000 (77%)]	Loss: 0.017770
Make prediction for 870 samples...
epoch: 1443
AUC: 0.9469552290918325
TPR:  0.8641425389755011
precision:  0.9238095238095239
accuracy:  0.8931034482758621
MCC:  0.7881935007016548
1443
Training on 26000 samples...
Train epoch: 1444 [0/26000 (0%)]	Loss: 0.018310
Train epoch: 1444 [255960/26000 (38%)]	Loss: 0.020695
Train epoch: 1444 [513160/26000 (77%)]	Loss: 0.027879
Make prediction for 870 samples...
epoch: 1444
AUC: 0.9440509128229002
TPR:  0.8485523385300668
precision:  0.9384236453201971
accuracy:  0.8931034482758621
MCC:  0.7905197640199503
1444
Training on 26000 samples...
Train epoch: 1445 [0/26000 (0%)]	Loss: 0.014008
Train epoch: 1445 [255460/26000 (38%)]	Loss: 0.022006
Train epoch: 1445 [545440/26000 (77%)]	Loss: 0.013350
Make prediction for 870 samples...
epoch: 1445
AUC: 0.946711880187696
TPR:  0.844097995545657
precision:  0.9451371571072319
accuracy:  0.8942528735632184
MCC:  0.7938598721535957
1445
Training on 26000 samples...
Train epoch: 1446 [0/26000 (0%)]	Loss: 0.007668
Train epoch: 1446 [255020/26000 (38%)]	Loss: 0.010521
Train epoch: 1446 [523920/26000 (77%)]	Loss: 0.014182
Make prediction for 870 samples...
epoch: 1446
AUC: 0.9484417734844918
TPR:  0.8418708240534521
precision:  0.949748743718593
accuracy:  0.8954022988505748
MCC:  0.7968410909278275
1446
Training on 26000 samples...
Train epoch: 1447 [0/26000 (0%)]	Loss: 0.015222
Train epoch: 1447 [269000/26000 (38%)]	Loss: 0.031560
Train epoch: 1447 [536240/26000 (77%)]	Loss: 0.020549
Make prediction for 870 samples...
epoch: 1447
AUC: 0.9501214099423898
TPR:  0.8485523385300668
precision:  0.9596977329974811
accuracy:  0.903448275862069
MCC:  0.8132365932911239
1447
Training on 26000 samples...
Train epoch: 1448 [0/26000 (0%)]	Loss: 0.016082
Train epoch: 1448 [261880/26000 (38%)]	Loss: 0.020543
Train epoch: 1448 [535680/26000 (77%)]	Loss: 0.012527
Make prediction for 870 samples...
epoch: 1448
AUC: 0.949314655423242
TPR:  0.8530066815144766
precision:  0.9503722084367245
accuracy:  0.9011494252873563
MCC:  0.8072707196522503
1448
Training on 26000 samples...
Train epoch: 1449 [0/26000 (0%)]	Loss: 0.013766
Train epoch: 1449 [257420/26000 (38%)]	Loss: 0.024054
Train epoch: 1449 [509360/26000 (77%)]	Loss: 0.023530
Make prediction for 870 samples...
epoch: 1449
AUC: 0.9492194319390146
TPR:  0.8596881959910914
precision:  0.9368932038834952
accuracy:  0.8977011494252873
MCC:  0.7986342371509341
1449
Training on 26000 samples...
Train epoch: 1450 [0/26000 (0%)]	Loss: 0.032170
Train epoch: 1450 [252480/26000 (38%)]	Loss: 0.018371
Train epoch: 1450 [523040/26000 (77%)]	Loss: 0.014807
Make prediction for 870 samples...
epoch: 1450
AUC: 0.947404895545128
TPR:  0.8619153674832962
precision:  0.9393203883495146
accuracy:  0.9
MCC:  0.8032407648527566
1450
Training on 26000 samples...
Train epoch: 1451 [0/26000 (0%)]	Loss: 0.020865
Train epoch: 1451 [254520/26000 (38%)]	Loss: 0.014638
Train epoch: 1451 [528800/26000 (77%)]	Loss: 0.013002
Make prediction for 870 samples...
epoch: 1451
AUC: 0.9484364832909237
TPR:  0.8596881959910914
precision:  0.9323671497584541
accuracy:  0.8954022988505748
MCC:  0.7936944018577001
1451
Training on 26000 samples...
Train epoch: 1452 [0/26000 (0%)]	Loss: 0.027451
Train epoch: 1452 [255860/26000 (38%)]	Loss: 0.022293
Train epoch: 1452 [516640/26000 (77%)]	Loss: 0.013289
Make prediction for 870 samples...
epoch: 1452
AUC: 0.9495341984563216
TPR:  0.8574610244988864
precision:  0.9436274509803921
accuracy:  0.9
MCC:  0.8039634527327473
1452
Training on 26000 samples...
Train epoch: 1453 [0/26000 (0%)]	Loss: 0.018452
Train epoch: 1453 [264860/26000 (38%)]	Loss: 0.017672
Train epoch: 1453 [499400/26000 (77%)]	Loss: 0.018285
Make prediction for 870 samples...
epoch: 1453
AUC: 0.9495685847145148
TPR:  0.844097995545657
precision:  0.9546599496221663
accuracy:  0.8988505747126436
MCC:  0.8040011189486779
1453
Training on 26000 samples...
Train epoch: 1454 [0/26000 (0%)]	Loss: 0.015350
Train epoch: 1454 [252120/26000 (38%)]	Loss: 0.021878
Train epoch: 1454 [492920/26000 (77%)]	Loss: 0.024936
Make prediction for 870 samples...
epoch: 1454
AUC: 0.948825312518185
TPR:  0.8418708240534521
precision:  0.9473684210526315
accuracy:  0.8942528735632184
MCC:  0.7943040731956524
1454
Training on 26000 samples...
Train epoch: 1455 [0/26000 (0%)]	Loss: 0.018956
Train epoch: 1455 [260240/26000 (38%)]	Loss: 0.015972
Train epoch: 1455 [509120/26000 (77%)]	Loss: 0.023067
Make prediction for 870 samples...
epoch: 1455
AUC: 0.9466087214131165
TPR:  0.8596881959910914
precision:  0.9346246973365617
accuracy:  0.896551724137931
MCC:  0.7961619170488148
1455
Training on 26000 samples...
Train epoch: 1456 [0/26000 (0%)]	Loss: 0.026264
Train epoch: 1456 [254720/26000 (38%)]	Loss: 0.030715
Train epoch: 1456 [529720/26000 (77%)]	Loss: 0.014177
Make prediction for 870 samples...
epoch: 1456
AUC: 0.9504467568468329
TPR:  0.8485523385300668
precision:  0.9548872180451128
accuracy:  0.9011494252873563
MCC:  0.8081518287149643
1456
Training on 26000 samples...
Train epoch: 1457 [0/26000 (0%)]	Loss: 0.026442
Train epoch: 1457 [266000/26000 (38%)]	Loss: 0.016166
Train epoch: 1457 [514920/26000 (77%)]	Loss: 0.016000
Make prediction for 870 samples...
epoch: 1457
AUC: 0.9459289315396051
TPR:  0.8641425389755011
precision:  0.9304556354916067
accuracy:  0.896551724137931
MCC:  0.7955283180585025
1457
Training on 26000 samples...
Train epoch: 1458 [0/26000 (0%)]	Loss: 0.009885
Train epoch: 1458 [267880/26000 (38%)]	Loss: 0.021491
Train epoch: 1458 [508600/26000 (77%)]	Loss: 0.018461
Make prediction for 870 samples...
epoch: 1458
AUC: 0.9483677107745371
TPR:  0.8552338530066815
precision:  0.9365853658536586
accuracy:  0.8954022988505748
MCC:  0.7943780630561358
1458
Training on 26000 samples...
Train epoch: 1459 [0/26000 (0%)]	Loss: 0.023057
Train epoch: 1459 [268880/26000 (38%)]	Loss: 0.019792
Train epoch: 1459 [519000/26000 (77%)]	Loss: 0.020995
Make prediction for 870 samples...
epoch: 1459
AUC: 0.9468282644461962
TPR:  0.8374164810690423
precision:  0.9423558897243107
accuracy:  0.8896551724137931
MCC:  0.7850722361827779
1459
Training on 26000 samples...
Train epoch: 1460 [0/26000 (0%)]	Loss: 0.023204
Train epoch: 1460 [279080/26000 (38%)]	Loss: 0.057508
Train epoch: 1460 [522160/26000 (77%)]	Loss: 0.037201
Make prediction for 870 samples...
epoch: 1460
AUC: 0.9485555126462077
TPR:  0.8351893095768375
precision:  0.9422110552763819
accuracy:  0.8885057471264368
MCC:  0.7829906450819742
1460
Training on 26000 samples...
Train epoch: 1461 [0/26000 (0%)]	Loss: 0.023496
Train epoch: 1461 [272360/26000 (38%)]	Loss: 0.017803
Train epoch: 1461 [516120/26000 (77%)]	Loss: 0.023508
Make prediction for 870 samples...
epoch: 1461
AUC: 0.9471827074152643
TPR:  0.8418708240534521
precision:  0.9521410579345088
accuracy:  0.896551724137931
MCC:  0.7993833817774548
1461
Training on 26000 samples...
Train epoch: 1462 [0/26000 (0%)]	Loss: 0.017432
Train epoch: 1462 [259580/26000 (38%)]	Loss: 0.011686
Train epoch: 1462 [504640/26000 (77%)]	Loss: 0.018657
Make prediction for 870 samples...
epoch: 1462
AUC: 0.9493146554232419
TPR:  0.8374164810690423
precision:  0.94
accuracy:  0.8885057471264368
MCC:  0.7825421886387263
1462
Training on 26000 samples...
Train epoch: 1463 [0/26000 (0%)]	Loss: 0.012985
Train epoch: 1463 [261420/26000 (38%)]	Loss: 0.022580
Train epoch: 1463 [526840/26000 (77%)]	Loss: 0.027647
Make prediction for 870 samples...
epoch: 1463
AUC: 0.9505049489760831
TPR:  0.844097995545657
precision:  0.9475
accuracy:  0.8954022988505748
MCC:  0.7963873290423805
1463
Training on 26000 samples...
Train epoch: 1464 [0/26000 (0%)]	Loss: 0.037371
Train epoch: 1464 [244400/26000 (38%)]	Loss: 0.021446
Train epoch: 1464 [513760/26000 (77%)]	Loss: 0.014690
Make prediction for 870 samples...
epoch: 1464
AUC: 0.9507324272995149
TPR:  0.844097995545657
precision:  0.9451371571072319
accuracy:  0.8942528735632184
MCC:  0.7938598721535957
1464
Training on 26000 samples...
Train epoch: 1465 [0/26000 (0%)]	Loss: 0.007593
Train epoch: 1465 [247900/26000 (38%)]	Loss: 0.019176
Train epoch: 1465 [534800/26000 (77%)]	Loss: 0.017280
Make prediction for 870 samples...
epoch: 1465
AUC: 0.9464976273481847
TPR:  0.844097995545657
precision:  0.9266503667481663
accuracy:  0.8850574712643678
MCC:  0.7738221932824424
1465
Training on 26000 samples...
Train epoch: 1466 [0/26000 (0%)]	Loss: 0.012845
Train epoch: 1466 [251120/26000 (38%)]	Loss: 0.012771
Train epoch: 1466 [512920/26000 (77%)]	Loss: 0.029939
Make prediction for 870 samples...
epoch: 1466
AUC: 0.9462648588311846
TPR:  0.8173719376391982
precision:  0.9434447300771208
accuracy:  0.8804597701149425
MCC:  0.769030963447947
1466
Training on 26000 samples...
Train epoch: 1467 [0/26000 (0%)]	Loss: 0.025457
Train epoch: 1467 [267700/26000 (38%)]	Loss: 0.019119
Train epoch: 1467 [512280/26000 (77%)]	Loss: 0.022999
Make prediction for 870 samples...
epoch: 1467
AUC: 0.9457649355389913
TPR:  0.8418708240534521
precision:  0.9402985074626866
accuracy:  0.8908045977011494
MCC:  0.7867241968265323
1467
Training on 26000 samples...
Train epoch: 1468 [0/26000 (0%)]	Loss: 0.029705
Train epoch: 1468 [262260/26000 (38%)]	Loss: 0.012168
Train epoch: 1468 [517960/26000 (77%)]	Loss: 0.026458
Make prediction for 870 samples...
epoch: 1468
AUC: 0.9469261330272074
TPR:  0.8396436525612472
precision:  0.940149625935162
accuracy:  0.8896551724137931
MCC:  0.7846314719054195
1468
Training on 26000 samples...
Train epoch: 1469 [0/26000 (0%)]	Loss: 0.016207
Train epoch: 1469 [267300/26000 (38%)]	Loss: 0.018391
Train epoch: 1469 [512360/26000 (77%)]	Loss: 0.014241
Make prediction for 870 samples...
epoch: 1469
AUC: 0.9440482677261159
TPR:  0.844097995545657
precision:  0.9381188118811881
accuracy:  0.8908045977011494
MCC:  0.7863082798463951
1469
Training on 26000 samples...
Train epoch: 1470 [0/26000 (0%)]	Loss: 0.024864
Train epoch: 1470 [270080/26000 (38%)]	Loss: 0.016896
Train epoch: 1470 [522800/26000 (77%)]	Loss: 0.023360
Make prediction for 870 samples...
epoch: 1470
AUC: 0.9457702257325596
TPR:  0.8396436525612472
precision:  0.9496221662468514
accuracy:  0.8942528735632184
MCC:  0.7947656446062318
1470
Training on 26000 samples...
Train epoch: 1471 [0/26000 (0%)]	Loss: 0.019878
Train epoch: 1471 [269360/26000 (38%)]	Loss: 0.018363
Train epoch: 1471 [529920/26000 (77%)]	Loss: 0.033659
Make prediction for 870 samples...
epoch: 1471
AUC: 0.9432494484973206
TPR:  0.8351893095768375
precision:  0.9351620947630923
accuracy:  0.8850574712643678
MCC:  0.7754030716572433
1471
Training on 26000 samples...
Train epoch: 1472 [0/26000 (0%)]	Loss: 0.027315
Train epoch: 1472 [260780/26000 (38%)]	Loss: 0.013708
Train epoch: 1472 [553520/26000 (77%)]	Loss: 0.022512
Make prediction for 870 samples...
epoch: 1472
AUC: 0.9453179141824799
TPR:  0.8418708240534521
precision:  0.942643391521197
accuracy:  0.8919540229885058
MCC:  0.7892456720295076
1472
Training on 26000 samples...
Train epoch: 1473 [0/26000 (0%)]	Loss: 0.018042
Train epoch: 1473 [259860/26000 (38%)]	Loss: 0.019363
Train epoch: 1473 [517840/26000 (77%)]	Loss: 0.016173
Make prediction for 870 samples...
epoch: 1473
AUC: 0.9468097487687075
TPR:  0.8351893095768375
precision:  0.9398496240601504
accuracy:  0.8873563218390804
MCC:  0.7804563176763406
1473
Training on 26000 samples...
Train epoch: 1474 [0/26000 (0%)]	Loss: 0.018090
Train epoch: 1474 [262900/26000 (38%)]	Loss: 0.017866
Train epoch: 1474 [522760/26000 (77%)]	Loss: 0.031598
Make prediction for 870 samples...
epoch: 1474
AUC: 0.9434451856593433
TPR:  0.8285077951002228
precision:  0.9465648854961832
accuracy:  0.8873563218390804
MCC:  0.7818761533813624
1474
Training on 26000 samples...
Train epoch: 1475 [0/26000 (0%)]	Loss: 0.014762
Train epoch: 1475 [261360/26000 (38%)]	Loss: 0.027290
Train epoch: 1475 [517040/26000 (77%)]	Loss: 0.018020
Make prediction for 870 samples...
epoch: 1475
AUC: 0.9457517100550709
TPR:  0.8374164810690423
precision:  0.9353233830845771
accuracy:  0.8862068965517241
MCC:  0.7774974399583439
1475
Training on 26000 samples...
Train epoch: 1476 [0/26000 (0%)]	Loss: 0.018384
Train epoch: 1476 [259020/26000 (38%)]	Loss: 0.030792
Train epoch: 1476 [518280/26000 (77%)]	Loss: 0.019879
Make prediction for 870 samples...
epoch: 1476
AUC: 0.9462701490247529
TPR:  0.8485523385300668
precision:  0.9384236453201971
accuracy:  0.8931034482758621
MCC:  0.7905197640199503
1476
Training on 26000 samples...
Train epoch: 1477 [0/26000 (0%)]	Loss: 0.021232
Train epoch: 1477 [268660/26000 (38%)]	Loss: 0.011169
Train epoch: 1477 [489200/26000 (77%)]	Loss: 0.027881
Make prediction for 870 samples...
epoch: 1477
AUC: 0.9419242550084908
TPR:  0.8396436525612472
precision:  0.9308641975308642
accuracy:  0.8850574712643678
MCC:  0.774579065455121
1477
Training on 26000 samples...
Train epoch: 1478 [0/26000 (0%)]	Loss: 0.012150
Train epoch: 1478 [254200/26000 (38%)]	Loss: 0.027013
Train epoch: 1478 [518760/26000 (77%)]	Loss: 0.015148
Make prediction for 870 samples...
epoch: 1478
AUC: 0.9477990149659575
TPR:  0.844097995545657
precision:  0.9404466501240695
accuracy:  0.8919540229885058
MCC:  0.7888203928861296
1478
Training on 26000 samples...
Train epoch: 1479 [0/26000 (0%)]	Loss: 0.009380
Train epoch: 1479 [261680/26000 (38%)]	Loss: 0.020227
Train epoch: 1479 [555480/26000 (77%)]	Loss: 0.027883
Make prediction for 870 samples...
epoch: 1479
AUC: 0.9422839881711272
TPR:  0.8129175946547884
precision:  0.9554973821989529
accuracy:  0.8839080459770114
MCC:  0.777933049459848
1479
Training on 26000 samples...
Train epoch: 1480 [0/26000 (0%)]	Loss: 0.026991
Train epoch: 1480 [260160/26000 (38%)]	Loss: 0.012191
Train epoch: 1480 [504040/26000 (77%)]	Loss: 0.027919
Make prediction for 870 samples...
epoch: 1480
AUC: 0.9464526607028553
TPR:  0.8485523385300668
precision:  0.943069306930693
accuracy:  0.8954022988505748
MCC:  0.7955318995622573
1480
Training on 26000 samples...
Train epoch: 1481 [0/26000 (0%)]	Loss: 0.020640
Train epoch: 1481 [254680/26000 (38%)]	Loss: 0.016361
Train epoch: 1481 [524200/26000 (77%)]	Loss: 0.008572
Make prediction for 870 samples...
epoch: 1481
AUC: 0.9478545619984236
TPR:  0.8485523385300668
precision:  0.943069306930693
accuracy:  0.8954022988505748
MCC:  0.7955318995622573
1481
Training on 26000 samples...
Train epoch: 1482 [0/26000 (0%)]	Loss: 0.023112
Train epoch: 1482 [263760/26000 (38%)]	Loss: 0.030680
Train epoch: 1482 [506320/26000 (77%)]	Loss: 0.016193
Make prediction for 870 samples...
epoch: 1482
AUC: 0.9451618534722186
TPR:  0.8418708240534521
precision:  0.9593908629441624
accuracy:  0.9
MCC:  0.8070423610925348
1482
Training on 26000 samples...
Train epoch: 1483 [0/26000 (0%)]	Loss: 0.021005
Train epoch: 1483 [252360/26000 (38%)]	Loss: 0.020531
Train epoch: 1483 [525400/26000 (77%)]	Loss: 0.025915
Make prediction for 870 samples...
epoch: 1483
AUC: 0.9492194319390147
TPR:  0.8507795100222717
precision:  0.9478908188585607
accuracy:  0.8988505747126436
MCC:  0.80265813796072
1483
Training on 26000 samples...
Train epoch: 1484 [0/26000 (0%)]	Loss: 0.010849
Train epoch: 1484 [260560/26000 (38%)]	Loss: 0.018241
Train epoch: 1484 [525280/26000 (77%)]	Loss: 0.028321
Make prediction for 870 samples...
epoch: 1484
AUC: 0.9494231043913897
TPR:  0.8463251670378619
precision:  0.9547738693467337
accuracy:  0.9
MCC:  0.8060747214917297
1484
Training on 26000 samples...
Train epoch: 1485 [0/26000 (0%)]	Loss: 0.018267
Train epoch: 1485 [266460/26000 (38%)]	Loss: 0.029235
Train epoch: 1485 [538080/26000 (77%)]	Loss: 0.018993
Make prediction for 870 samples...
epoch: 1485
AUC: 0.9507271371059467
TPR:  0.8596881959910914
precision:  0.9323671497584541
accuracy:  0.8954022988505748
MCC:  0.7936944018577001
1485
Training on 26000 samples...
Train epoch: 1486 [0/26000 (0%)]	Loss: 0.024813
Train epoch: 1486 [253420/26000 (38%)]	Loss: 0.038535
Train epoch: 1486 [511480/26000 (77%)]	Loss: 0.021354
Make prediction for 870 samples...
epoch: 1486
AUC: 0.947436636706537
TPR:  0.8463251670378619
precision:  0.9313725490196079
accuracy:  0.8885057471264368
MCC:  0.780918598297479
1486
Training on 26000 samples...
Train epoch: 1487 [0/26000 (0%)]	Loss: 0.020653
Train epoch: 1487 [265000/26000 (38%)]	Loss: 0.026735
Train epoch: 1487 [512960/26000 (77%)]	Loss: 0.014189
Make prediction for 870 samples...
epoch: 1487
AUC: 0.9476032778039348
TPR:  0.8418708240534521
precision:  0.945
accuracy:  0.8931034482758621
MCC:  0.7917722822411625
1487
Training on 26000 samples...
Train epoch: 1488 [0/26000 (0%)]	Loss: 0.019674
Train epoch: 1488 [258340/26000 (38%)]	Loss: 0.011110
Train epoch: 1488 [499360/26000 (77%)]	Loss: 0.016090
Make prediction for 870 samples...
epoch: 1488
AUC: 0.9468679408979574
TPR:  0.844097995545657
precision:  0.9358024691358025
accuracy:  0.8896551724137931
MCC:  0.7838011912472583
1488
Training on 26000 samples...
Train epoch: 1489 [0/26000 (0%)]	Loss: 0.018123
Train epoch: 1489 [261240/26000 (38%)]	Loss: 0.008806
Train epoch: 1489 [538920/26000 (77%)]	Loss: 0.013446
Make prediction for 870 samples...
epoch: 1489
AUC: 0.9458548688296504
TPR:  0.844097995545657
precision:  0.9475
accuracy:  0.8954022988505748
MCC:  0.7963873290423805
1489
Training on 26000 samples...
Train epoch: 1490 [0/26000 (0%)]	Loss: 0.021760
Train epoch: 1490 [260820/26000 (38%)]	Loss: 0.016837
Train epoch: 1490 [522520/26000 (77%)]	Loss: 0.025056
Make prediction for 870 samples...
epoch: 1490
AUC: 0.9465531743806506
TPR:  0.8641425389755011
precision:  0.9304556354916067
accuracy:  0.896551724137931
MCC:  0.7955283180585025
1490
Training on 26000 samples...
Train epoch: 1491 [0/26000 (0%)]	Loss: 0.016579
Train epoch: 1491 [270320/26000 (38%)]	Loss: 0.028338
Train epoch: 1491 [537240/26000 (77%)]	Loss: 0.022007
Make prediction for 870 samples...
epoch: 1491
AUC: 0.9446698654703776
TPR:  0.8463251670378619
precision:  0.945273631840796
accuracy:  0.8954022988505748
MCC:  0.7959509536947206
1491
Training on 26000 samples...
Train epoch: 1492 [0/26000 (0%)]	Loss: 0.030090
Train epoch: 1492 [255560/26000 (38%)]	Loss: 0.024748
Train epoch: 1492 [528720/26000 (77%)]	Loss: 0.020682
Make prediction for 870 samples...
epoch: 1492
AUC: 0.9484629342587645
TPR:  0.8485523385300668
precision:  0.9501246882793017
accuracy:  0.8988505747126436
MCC:  0.8030882724017718
1492
Training on 26000 samples...
Train epoch: 1493 [0/26000 (0%)]	Loss: 0.019668
Train epoch: 1493 [256320/26000 (38%)]	Loss: 0.020179
Train epoch: 1493 [522960/26000 (77%)]	Loss: 0.016071
Make prediction for 870 samples...
epoch: 1493
AUC: 0.9470081310275142
TPR:  0.8374164810690423
precision:  0.9447236180904522
accuracy:  0.8908045977011494
MCC:  0.7876074603639254
1493
Training on 26000 samples...
Train epoch: 1494 [0/26000 (0%)]	Loss: 0.015343
Train epoch: 1494 [253100/26000 (38%)]	Loss: 0.018338
Train epoch: 1494 [511640/26000 (77%)]	Loss: 0.015620
Make prediction for 870 samples...
epoch: 1494
AUC: 0.9453575906342413
TPR:  0.8530066815144766
precision:  0.945679012345679
accuracy:  0.8988505747126436
MCC:  0.802245442831533
1494
Training on 26000 samples...
Train epoch: 1495 [0/26000 (0%)]	Loss: 0.024689
Train epoch: 1495 [259680/26000 (38%)]	Loss: 0.032441
Train epoch: 1495 [527200/26000 (77%)]	Loss: 0.019518
Make prediction for 870 samples...
epoch: 1495
AUC: 0.9450957260526162
TPR:  0.8619153674832962
precision:  0.9347826086956522
accuracy:  0.8977011494252873
MCC:  0.7982998557882043
1495
Training on 26000 samples...
Train epoch: 1496 [0/26000 (0%)]	Loss: 0.042439
Train epoch: 1496 [264120/26000 (38%)]	Loss: 0.020002
Train epoch: 1496 [500080/26000 (77%)]	Loss: 0.019963
Make prediction for 870 samples...
epoch: 1496
AUC: 0.9461035079273549
TPR:  0.8173719376391982
precision:  0.9557291666666666
accuracy:  0.8862068965517241
MCC:  0.7819823620537392
1496
Training on 26000 samples...
Train epoch: 1497 [0/26000 (0%)]	Loss: 0.013150
Train epoch: 1497 [257500/26000 (38%)]	Loss: 0.017659
Train epoch: 1497 [516040/26000 (77%)]	Loss: 0.027705
Make prediction for 870 samples...
epoch: 1497
AUC: 0.9498357394897081
TPR:  0.8530066815144766
precision:  0.9503722084367245
accuracy:  0.9011494252873563
MCC:  0.8072707196522503
1497
Training on 26000 samples...
Train epoch: 1498 [0/26000 (0%)]	Loss: 0.021308
Train epoch: 1498 [264120/26000 (38%)]	Loss: 0.018433
Train epoch: 1498 [519960/26000 (77%)]	Loss: 0.020362
Make prediction for 870 samples...
epoch: 1498
AUC: 0.947635018965344
TPR:  0.8507795100222717
precision:  0.9478908188585607
accuracy:  0.8988505747126436
MCC:  0.80265813796072
1498
Training on 26000 samples...
Train epoch: 1499 [0/26000 (0%)]	Loss: 0.013457
Train epoch: 1499 [256740/26000 (38%)]	Loss: 0.018669
Train epoch: 1499 [524720/26000 (77%)]	Loss: 0.014692
Make prediction for 870 samples...
epoch: 1499
AUC: 0.9487353792275258
TPR:  0.8552338530066815
precision:  0.9481481481481482
accuracy:  0.9011494252873563
MCC:  0.8068565057276016
1499
Training on 26000 samples...
Train epoch: 1500 [0/26000 (0%)]	Loss: 0.029570
Train epoch: 1500 [268520/26000 (38%)]	Loss: 0.035754
Train epoch: 1500 [547240/26000 (77%)]	Loss: 0.015411
Make prediction for 870 samples...
epoch: 1500
AUC: 0.9493728475524918
TPR:  0.8463251670378619
precision:  0.945273631840796
accuracy:  0.8954022988505748
MCC:  0.7959509536947206
1500
Training on 26000 samples...
Train epoch: 1501 [0/26000 (0%)]	Loss: 0.026478
Train epoch: 1501 [270180/26000 (38%)]	Loss: 0.011019
Train epoch: 1501 [539720/26000 (77%)]	Loss: 0.026530
Make prediction for 870 samples...
epoch: 1501
AUC: 0.9490025340027192
TPR:  0.8596881959910914
precision:  0.9530864197530864
accuracy:  0.9057471264367816
MCC:  0.8160786315197389
1501
Training on 26000 samples...
Train epoch: 1502 [0/26000 (0%)]	Loss: 0.014361
Train epoch: 1502 [253660/26000 (38%)]	Loss: 0.025262
Train epoch: 1502 [523520/26000 (77%)]	Loss: 0.008696
Make prediction for 870 samples...
epoch: 1502
AUC: 0.948822667421401
TPR:  0.8574610244988864
precision:  0.9553349875930521
accuracy:  0.9057471264367816
MCC:  0.8164958830353105
1502
Training on 26000 samples...
Train epoch: 1503 [0/26000 (0%)]	Loss: 0.017561
Train epoch: 1503 [250820/26000 (38%)]	Loss: 0.015409
Train epoch: 1503 [512240/26000 (77%)]	Loss: 0.030226
Make prediction for 870 samples...
epoch: 1503
AUC: 0.9497272905215601
TPR:  0.8619153674832962
precision:  0.9439024390243902
accuracy:  0.9022988505747126
MCC:  0.8082011628933017
1503
Training on 26000 samples...
Train epoch: 1504 [0/26000 (0%)]	Loss: 0.014962
Train epoch: 1504 [248760/26000 (38%)]	Loss: 0.023838
Train epoch: 1504 [546440/26000 (77%)]	Loss: 0.016927
Make prediction for 870 samples...
epoch: 1504
AUC: 0.9511529976881853
TPR:  0.8685968819599109
precision:  0.9219858156028369
accuracy:  0.8942528735632184
MCC:  0.7901034165326393
1504
Training on 26000 samples...
Train epoch: 1505 [0/26000 (0%)]	Loss: 0.016872
Train epoch: 1505 [264120/26000 (38%)]	Loss: 0.022591
Train epoch: 1505 [524880/26000 (77%)]	Loss: 0.018662
Make prediction for 870 samples...
epoch: 1505
AUC: 0.9490739516158897
TPR:  0.8596881959910914
precision:  0.9391727493917275
accuracy:  0.8988505747126436
MCC:  0.8011114048131326
1505
Training on 26000 samples...
Train epoch: 1506 [0/26000 (0%)]	Loss: 0.022448
Train epoch: 1506 [256000/26000 (38%)]	Loss: 0.015146
Train epoch: 1506 [514800/26000 (77%)]	Loss: 0.013739
Make prediction for 870 samples...
epoch: 1506
AUC: 0.9488015066471283
TPR:  0.8641425389755011
precision:  0.9463414634146341
accuracy:  0.9045977011494253
MCC:  0.8128088628390236
1506
Training on 26000 samples...
Train epoch: 1507 [0/26000 (0%)]	Loss: 0.035016
Train epoch: 1507 [271620/26000 (38%)]	Loss: 0.018383
Train epoch: 1507 [534400/26000 (77%)]	Loss: 0.022023
Make prediction for 870 samples...
epoch: 1507
AUC: 0.946420919541446
TPR:  0.8285077951002228
precision:  0.9489795918367347
accuracy:  0.8885057471264368
MCC:  0.78443922696187
1507
Training on 26000 samples...
Train epoch: 1508 [0/26000 (0%)]	Loss: 0.038060
Train epoch: 1508 [256380/26000 (38%)]	Loss: 0.012140
Train epoch: 1508 [514960/26000 (77%)]	Loss: 0.013296
Make prediction for 870 samples...
epoch: 1508
AUC: 0.9444370969533776
TPR:  0.8396436525612472
precision:  0.9472361809045227
accuracy:  0.8931034482758621
MCC:  0.7922242756458764
1508
Training on 26000 samples...
Train epoch: 1509 [0/26000 (0%)]	Loss: 0.020221
Train epoch: 1509 [252500/26000 (38%)]	Loss: 0.028593
Train epoch: 1509 [531760/26000 (77%)]	Loss: 0.012406
Make prediction for 870 samples...
epoch: 1509
AUC: 0.9467700723169462
TPR:  0.8485523385300668
precision:  0.9596977329974811
accuracy:  0.903448275862069
MCC:  0.8132365932911239
1509
Training on 26000 samples...
Train epoch: 1510 [0/26000 (0%)]	Loss: 0.014040
Train epoch: 1510 [269220/26000 (38%)]	Loss: 0.014854
Train epoch: 1510 [507720/26000 (77%)]	Loss: 0.046870
Make prediction for 870 samples...
epoch: 1510
AUC: 0.9491638849065487
TPR:  0.8663697104677061
precision:  0.9350961538461539
accuracy:  0.9
MCC:  0.8025870521837495
1510
Training on 26000 samples...
Train epoch: 1511 [0/26000 (0%)]	Loss: 0.043739
Train epoch: 1511 [261540/26000 (38%)]	Loss: 0.020775
Train epoch: 1511 [518880/26000 (77%)]	Loss: 0.017040
Make prediction for 870 samples...
epoch: 1511
AUC: 0.9474657327711622
TPR:  0.8530066815144766
precision:  0.945679012345679
accuracy:  0.8988505747126436
MCC:  0.802245442831533
1511
Training on 26000 samples...
Train epoch: 1512 [0/26000 (0%)]	Loss: 0.023927
Train epoch: 1512 [258620/26000 (38%)]	Loss: 0.015479
Train epoch: 1512 [508600/26000 (77%)]	Loss: 0.016591
Make prediction for 870 samples...
epoch: 1512
AUC: 0.9501187648456056
TPR:  0.8418708240534521
precision:  0.945
accuracy:  0.8931034482758621
MCC:  0.7917722822411625
1512
Training on 26000 samples...
Train epoch: 1513 [0/26000 (0%)]	Loss: 0.014657
Train epoch: 1513 [252120/26000 (38%)]	Loss: 0.023360
Train epoch: 1513 [516080/26000 (77%)]	Loss: 0.033688
Make prediction for 870 samples...
epoch: 1513
AUC: 0.9490765967126737
TPR:  0.8574610244988864
precision:  0.9344660194174758
accuracy:  0.8954022988505748
MCC:  0.7940277094491114
1513
Training on 26000 samples...
Train epoch: 1514 [0/26000 (0%)]	Loss: 0.017292
Train epoch: 1514 [251400/26000 (38%)]	Loss: 0.027744
Train epoch: 1514 [528200/26000 (77%)]	Loss: 0.014839
Make prediction for 870 samples...
epoch: 1514
AUC: 0.9482619069031737
TPR:  0.8641425389755011
precision:  0.9282296650717703
accuracy:  0.8954022988505748
MCC:  0.7930787482281134
1514
Training on 26000 samples...
Train epoch: 1515 [0/26000 (0%)]	Loss: 0.017989
Train epoch: 1515 [262940/26000 (38%)]	Loss: 0.024415
Train epoch: 1515 [517400/26000 (77%)]	Loss: 0.010913
Make prediction for 870 samples...
epoch: 1515
AUC: 0.9487724105825032
TPR:  0.8552338530066815
precision:  0.9365853658536586
accuracy:  0.8954022988505748
MCC:  0.7943780630561358
1515
Training on 26000 samples...
Train epoch: 1516 [0/26000 (0%)]	Loss: 0.017447
Train epoch: 1516 [262920/26000 (38%)]	Loss: 0.016764
Train epoch: 1516 [527520/26000 (77%)]	Loss: 0.013703
Make prediction for 870 samples...
epoch: 1516
AUC: 0.9500632178131398
TPR:  0.844097995545657
precision:  0.949874686716792
accuracy:  0.896551724137931
MCC:  0.7989199917020897
1516
Training on 26000 samples...
Train epoch: 1517 [0/26000 (0%)]	Loss: 0.027013
Train epoch: 1517 [248580/26000 (38%)]	Loss: 0.011729
Train epoch: 1517 [511560/26000 (77%)]	Loss: 0.022207
Make prediction for 870 samples...
epoch: 1517
AUC: 0.9507112665252422
TPR:  0.8329621380846325
precision:  0.949238578680203
accuracy:  0.8908045977011494
MCC:  0.7885597451916568
1517
Training on 26000 samples...
Train epoch: 1518 [0/26000 (0%)]	Loss: 0.024826
Train epoch: 1518 [264280/26000 (38%)]	Loss: 0.020600
Train epoch: 1518 [527480/26000 (77%)]	Loss: 0.015638
Make prediction for 870 samples...
epoch: 1518
AUC: 0.9488676340667306
TPR:  0.8351893095768375
precision:  0.9493670886075949
accuracy:  0.8919540229885058
MCC:  0.7906250003247357
1518
Training on 26000 samples...
Train epoch: 1519 [0/26000 (0%)]	Loss: 0.014170
Train epoch: 1519 [256820/26000 (38%)]	Loss: 0.015154
Train epoch: 1519 [508840/26000 (77%)]	Loss: 0.023709
Make prediction for 870 samples...
epoch: 1519
AUC: 0.9497854826508101
TPR:  0.8329621380846325
precision:  0.9516539440203562
accuracy:  0.8919540229885058
MCC:  0.7911195069404254
1519
Training on 26000 samples...
Train epoch: 1520 [0/26000 (0%)]	Loss: 0.027001
Train epoch: 1520 [255480/26000 (38%)]	Loss: 0.013268
Train epoch: 1520 [521080/26000 (77%)]	Loss: 0.031700
Make prediction for 870 samples...
epoch: 1520
AUC: 0.9488755693570827
TPR:  0.8374164810690423
precision:  0.9543147208121827
accuracy:  0.8954022988505748
MCC:  0.7978010531420958
1520
Training on 26000 samples...
Train epoch: 1521 [0/26000 (0%)]	Loss: 0.022544
Train epoch: 1521 [260760/26000 (38%)]	Loss: 0.020722
Train epoch: 1521 [503880/26000 (77%)]	Loss: 0.018319
Make prediction for 870 samples...
epoch: 1521
AUC: 0.9502616000719466
TPR:  0.844097995545657
precision:  0.9381188118811881
accuracy:  0.8908045977011494
MCC:  0.7863082798463951
1521
Training on 26000 samples...
Train epoch: 1522 [0/26000 (0%)]	Loss: 0.018875
Train epoch: 1522 [266280/26000 (38%)]	Loss: 0.019209
Train epoch: 1522 [516200/26000 (77%)]	Loss: 0.021380
Make prediction for 870 samples...
epoch: 1522
AUC: 0.9514571838183561
TPR:  0.8507795100222717
precision:  0.9408866995073891
accuracy:  0.8954022988505748
MCC:  0.7951301047898955
1522
Training on 26000 samples...
Train epoch: 1523 [0/26000 (0%)]	Loss: 0.029027
Train epoch: 1523 [251880/26000 (38%)]	Loss: 0.015230
Train epoch: 1523 [530200/26000 (77%)]	Loss: 0.020114
Make prediction for 870 samples...
epoch: 1523
AUC: 0.9496585180051739
TPR:  0.8307349665924276
precision:  0.951530612244898
accuracy:  0.8908045977011494
MCC:  0.7890619518958736
1523
Training on 26000 samples...
Train epoch: 1524 [0/26000 (0%)]	Loss: 0.009904
Train epoch: 1524 [265340/26000 (38%)]	Loss: 0.010545
Train epoch: 1524 [513640/26000 (77%)]	Loss: 0.028084
Make prediction for 870 samples...
epoch: 1524
AUC: 0.9463838881864687
TPR:  0.8619153674832962
precision:  0.9280575539568345
accuracy:  0.8942528735632184
MCC:  0.7909242905936366
1524
Training on 26000 samples...
Train epoch: 1525 [0/26000 (0%)]	Loss: 0.019738
Train epoch: 1525 [261640/26000 (38%)]	Loss: 0.024968
Train epoch: 1525 [524080/26000 (77%)]	Loss: 0.023239
Make prediction for 870 samples...
epoch: 1525
AUC: 0.9450216633426617
TPR:  0.8641425389755011
precision:  0.9304556354916067
accuracy:  0.896551724137931
MCC:  0.7955283180585025
1525
Training on 26000 samples...
Train epoch: 1526 [0/26000 (0%)]	Loss: 0.022784
Train epoch: 1526 [266540/26000 (38%)]	Loss: 0.023317
Train epoch: 1526 [505760/26000 (77%)]	Loss: 0.007840
Make prediction for 870 samples...
epoch: 1526
AUC: 0.9475874072232303
TPR:  0.8463251670378619
precision:  0.9336609336609336
accuracy:  0.8896551724137931
MCC:  0.7834115526624376
1526
Training on 26000 samples...
Train epoch: 1527 [0/26000 (0%)]	Loss: 0.012401
Train epoch: 1527 [252980/26000 (38%)]	Loss: 0.017548
Train epoch: 1527 [515680/26000 (77%)]	Loss: 0.031394
Make prediction for 870 samples...
epoch: 1527
AUC: 0.9471430309635032
TPR:  0.844097995545657
precision:  0.9427860696517413
accuracy:  0.8931034482758621
MCC:  0.7913375752606264
1527
Training on 26000 samples...
Train epoch: 1528 [0/26000 (0%)]	Loss: 0.015610
Train epoch: 1528 [250120/26000 (38%)]	Loss: 0.034867
Train epoch: 1528 [532000/26000 (77%)]	Loss: 0.034412
Make prediction for 870 samples...
epoch: 1528
AUC: 0.9479101090308896
TPR:  0.8418708240534521
precision:  0.9545454545454546
accuracy:  0.8977011494252873
MCC:  0.8019309923934902
1528
Training on 26000 samples...
Train epoch: 1529 [0/26000 (0%)]	Loss: 0.014269
Train epoch: 1529 [253500/26000 (38%)]	Loss: 0.020219
Train epoch: 1529 [518960/26000 (77%)]	Loss: 0.013294
Make prediction for 870 samples...
epoch: 1529
AUC: 0.9482195853546281
TPR:  0.8552338530066815
precision:  0.9411764705882353
accuracy:  0.8977011494252873
MCC:  0.7993544818456937
1529
Training on 26000 samples...
Train epoch: 1530 [0/26000 (0%)]	Loss: 0.014023
Train epoch: 1530 [255400/26000 (38%)]	Loss: 0.018217
Train epoch: 1530 [520720/26000 (77%)]	Loss: 0.023738
Make prediction for 870 samples...
epoch: 1530
AUC: 0.9483359696131282
TPR:  0.8374164810690423
precision:  0.9567430025445293
accuracy:  0.896551724137931
MCC:  0.8003628604994885
1530
Training on 26000 samples...
Train epoch: 1531 [0/26000 (0%)]	Loss: 0.039054
Train epoch: 1531 [250740/26000 (38%)]	Loss: 0.022241
Train epoch: 1531 [513880/26000 (77%)]	Loss: 0.012560
Make prediction for 870 samples...
epoch: 1531
AUC: 0.9486507361304349
TPR:  0.8663697104677061
precision:  0.9464720194647201
accuracy:  0.9057471264367816
MCC:  0.814932709316423
1531
Training on 26000 samples...
Train epoch: 1532 [0/26000 (0%)]	Loss: 0.025401
Train epoch: 1532 [244100/26000 (38%)]	Loss: 0.023474
Train epoch: 1532 [506720/26000 (77%)]	Loss: 0.052196
Make prediction for 870 samples...
epoch: 1532
AUC: 0.947955075676219
TPR:  0.8641425389755011
precision:  0.9238095238095239
accuracy:  0.8931034482758621
MCC:  0.7881935007016548
1532
Training on 26000 samples...
Train epoch: 1533 [0/26000 (0%)]	Loss: 0.016737
Train epoch: 1533 [266600/26000 (38%)]	Loss: 0.014740
Train epoch: 1533 [496760/26000 (77%)]	Loss: 0.028345
Make prediction for 870 samples...
epoch: 1533
AUC: 0.9497431611022648
TPR:  0.8485523385300668
precision:  0.943069306930693
accuracy:  0.8954022988505748
MCC:  0.7955318995622573
1533
Training on 26000 samples...
Train epoch: 1534 [0/26000 (0%)]	Loss: 0.022699
Train epoch: 1534 [265560/26000 (38%)]	Loss: 0.020356
Train epoch: 1534 [527440/26000 (77%)]	Loss: 0.021834
Make prediction for 870 samples...
epoch: 1534
AUC: 0.9482936480645828
TPR:  0.8351893095768375
precision:  0.9445843828715366
accuracy:  0.8896551724137931
MCC:  0.7855301702637858
1534
Training on 26000 samples...
Train epoch: 1535 [0/26000 (0%)]	Loss: 0.015407
Train epoch: 1535 [256940/26000 (38%)]	Loss: 0.018156
Train epoch: 1535 [528000/26000 (77%)]	Loss: 0.021061
Make prediction for 870 samples...
epoch: 1535
AUC: 0.9465029175417529
TPR:  0.8129175946547884
precision:  0.9554973821989529
accuracy:  0.8839080459770114
MCC:  0.777933049459848
1535
Training on 26000 samples...
Train epoch: 1536 [0/26000 (0%)]	Loss: 0.009425
Train epoch: 1536 [254320/26000 (38%)]	Loss: 0.017166
Train epoch: 1536 [555200/26000 (77%)]	Loss: 0.026619
Make prediction for 870 samples...
epoch: 1536
AUC: 0.9488967301313554
TPR:  0.844097995545657
precision:  0.9381188118811881
accuracy:  0.8908045977011494
MCC:  0.7863082798463951
1536
Training on 26000 samples...
Train epoch: 1537 [0/26000 (0%)]	Loss: 0.023145
Train epoch: 1537 [249680/26000 (38%)]	Loss: 0.014352
Train epoch: 1537 [541600/26000 (77%)]	Loss: 0.032854
Make prediction for 870 samples...
epoch: 1537
AUC: 0.9502616000719466
TPR:  0.8574610244988864
precision:  0.9367396593673966
accuracy:  0.896551724137931
MCC:  0.7965043033120358
1537
Training on 26000 samples...
Train epoch: 1538 [0/26000 (0%)]	Loss: 0.011814
Train epoch: 1538 [251440/26000 (38%)]	Loss: 0.025287
Train epoch: 1538 [511360/26000 (77%)]	Loss: 0.019540
Make prediction for 870 samples...
epoch: 1538
AUC: 0.9473519936094462
TPR:  0.8351893095768375
precision:  0.946969696969697
accuracy:  0.8908045977011494
MCC:  0.7880749397365483
1538
Training on 26000 samples...
Train epoch: 1539 [0/26000 (0%)]	Loss: 0.015291
Train epoch: 1539 [258880/26000 (38%)]	Loss: 0.016390
Train epoch: 1539 [560080/26000 (77%)]	Loss: 0.027930
Make prediction for 870 samples...
epoch: 1539
AUC: 0.9516132445286174
TPR:  0.8485523385300668
precision:  0.943069306930693
accuracy:  0.8954022988505748
MCC:  0.7955318995622573
1539
Training on 26000 samples...
Train epoch: 1540 [0/26000 (0%)]	Loss: 0.017463
Train epoch: 1540 [263060/26000 (38%)]	Loss: 0.009702
Train epoch: 1540 [516160/26000 (77%)]	Loss: 0.018319
Make prediction for 870 samples...
epoch: 1540
AUC: 0.9520311698205037
TPR:  0.8396436525612472
precision:  0.9425
accuracy:  0.8908045977011494
MCC:  0.7871572354399443
1540
Training on 26000 samples...
Train epoch: 1541 [0/26000 (0%)]	Loss: 0.025598
Train epoch: 1541 [260620/26000 (38%)]	Loss: 0.025085
Train epoch: 1541 [502640/26000 (77%)]	Loss: 0.014557
Make prediction for 870 samples...
epoch: 1541
AUC: 0.9490025340027192
TPR:  0.8619153674832962
precision:  0.9302884615384616
accuracy:  0.8954022988505748
MCC:  0.7933780953316087
1541
Training on 26000 samples...
Train epoch: 1542 [0/26000 (0%)]	Loss: 0.018297
Train epoch: 1542 [270040/26000 (38%)]	Loss: 0.017769
Train epoch: 1542 [547120/26000 (77%)]	Loss: 0.020999
Make prediction for 870 samples...
epoch: 1542
AUC: 0.948648091033651
TPR:  0.821826280623608
precision:  0.9461538461538461
accuracy:  0.8839080459770114
MCC:  0.7757069460897588
1542
Training on 26000 samples...
Train epoch: 1543 [0/26000 (0%)]	Loss: 0.027686
Train epoch: 1543 [271440/26000 (38%)]	Loss: 0.018853
Train epoch: 1543 [520040/26000 (77%)]	Loss: 0.021069
Make prediction for 870 samples...
epoch: 1543
AUC: 0.9478730776759122
TPR:  0.8329621380846325
precision:  0.9565217391304348
accuracy:  0.8942528735632184
MCC:  0.7962553029161995
1543
Training on 26000 samples...
Train epoch: 1544 [0/26000 (0%)]	Loss: 0.029462
Train epoch: 1544 [263000/26000 (38%)]	Loss: 0.020736
Train epoch: 1544 [501200/26000 (77%)]	Loss: 0.026241
Make prediction for 870 samples...
epoch: 1544
AUC: 0.9474101857386963
TPR:  0.8507795100222717
precision:  0.9362745098039216
accuracy:  0.8931034482758621
MCC:  0.7901365400715863
1544
Training on 26000 samples...
Train epoch: 1545 [0/26000 (0%)]	Loss: 0.028033
Train epoch: 1545 [260740/26000 (38%)]	Loss: 0.021218
Train epoch: 1545 [536040/26000 (77%)]	Loss: 0.014776
Make prediction for 870 samples...
epoch: 1545
AUC: 0.9469181977368553
TPR:  0.8596881959910914
precision:  0.9323671497584541
accuracy:  0.8954022988505748
MCC:  0.7936944018577001
1545
Training on 26000 samples...
Train epoch: 1546 [0/26000 (0%)]	Loss: 0.010137
Train epoch: 1546 [256040/26000 (38%)]	Loss: 0.024565
Train epoch: 1546 [543400/26000 (77%)]	Loss: 0.007950
Make prediction for 870 samples...
epoch: 1546
AUC: 0.947087483931037
TPR:  0.8574610244988864
precision:  0.941320293398533
accuracy:  0.8988505747126436
MCC:  0.8014721316688668
1546
Training on 26000 samples...
Train epoch: 1547 [0/26000 (0%)]	Loss: 0.031645
Train epoch: 1547 [254840/26000 (38%)]	Loss: 0.012947
Train epoch: 1547 [512480/26000 (77%)]	Loss: 0.021766
Make prediction for 870 samples...
epoch: 1547
AUC: 0.946738331155537
TPR:  0.8641425389755011
precision:  0.9394673123486683
accuracy:  0.9011494252873563
MCC:  0.8053738740896036
1547
Training on 26000 samples...
Train epoch: 1548 [0/26000 (0%)]	Loss: 0.010645
Train epoch: 1548 [254400/26000 (38%)]	Loss: 0.016440
Train epoch: 1548 [526600/26000 (77%)]	Loss: 0.020992
Make prediction for 870 samples...
epoch: 1548
AUC: 0.9474551523840258
TPR:  0.8596881959910914
precision:  0.9323671497584541
accuracy:  0.8954022988505748
MCC:  0.7936944018577001
1548
Training on 26000 samples...
Train epoch: 1549 [0/26000 (0%)]	Loss: 0.021826
Train epoch: 1549 [268020/26000 (38%)]	Loss: 0.017848
Train epoch: 1549 [513800/26000 (77%)]	Loss: 0.019791
Make prediction for 870 samples...
epoch: 1549
AUC: 0.9443815499209115
TPR:  0.844097995545657
precision:  0.9381188118811881
accuracy:  0.8908045977011494
MCC:  0.7863082798463951
1549
Training on 26000 samples...
Train epoch: 1550 [0/26000 (0%)]	Loss: 0.012860
Train epoch: 1550 [266680/26000 (38%)]	Loss: 0.021189
Train epoch: 1550 [514360/26000 (77%)]	Loss: 0.018583
Make prediction for 870 samples...
epoch: 1550
AUC: 0.9469340683175598
TPR:  0.8552338530066815
precision:  0.9411764705882353
accuracy:  0.8977011494252873
MCC:  0.7993544818456937
1550
Training on 26000 samples...
Train epoch: 1551 [0/26000 (0%)]	Loss: 0.017141
Train epoch: 1551 [270120/26000 (38%)]	Loss: 0.024909
Train epoch: 1551 [516720/26000 (77%)]	Loss: 0.013586
Make prediction for 870 samples...
epoch: 1551
AUC: 0.945320559279264
TPR:  0.8485523385300668
precision:  0.9315403422982885
accuracy:  0.8896551724137931
MCC:  0.7830388394112505
1551
Training on 26000 samples...
Train epoch: 1552 [0/26000 (0%)]	Loss: 0.024359
Train epoch: 1552 [252160/26000 (38%)]	Loss: 0.013886
Train epoch: 1552 [533440/26000 (77%)]	Loss: 0.011080
Make prediction for 870 samples...
epoch: 1552
AUC: 0.9473519936094462
TPR:  0.8530066815144766
precision:  0.9364303178484108
accuracy:  0.8942528735632184
MCC:  0.7922554855400586
1552
Training on 26000 samples...
Train epoch: 1553 [0/26000 (0%)]	Loss: 0.024018
Train epoch: 1553 [254120/26000 (38%)]	Loss: 0.012905
Train epoch: 1553 [543520/26000 (77%)]	Loss: 0.014470
Make prediction for 870 samples...
epoch: 1553
AUC: 0.9476958561913781
TPR:  0.8418708240534521
precision:  0.9545454545454546
accuracy:  0.8977011494252873
MCC:  0.8019309923934902
1553
Training on 26000 samples...
Train epoch: 1554 [0/26000 (0%)]	Loss: 0.015901
Train epoch: 1554 [252560/26000 (38%)]	Loss: 0.028073
Train epoch: 1554 [516640/26000 (77%)]	Loss: 0.016323
Make prediction for 870 samples...
epoch: 1554
AUC: 0.9448365065677754
TPR:  0.8329621380846325
precision:  0.9468354430379747
accuracy:  0.8896551724137931
MCC:  0.7860053438535143
1554
Training on 26000 samples...
Train epoch: 1555 [0/26000 (0%)]	Loss: 0.015616
Train epoch: 1555 [259180/26000 (38%)]	Loss: 0.021077
Train epoch: 1555 [535840/26000 (77%)]	Loss: 0.018815
Make prediction for 870 samples...
epoch: 1555
AUC: 0.9448867634066731
TPR:  0.8596881959910914
precision:  0.9368932038834952
accuracy:  0.8977011494252873
MCC:  0.7986342371509341
1555
Training on 26000 samples...
Train epoch: 1556 [0/26000 (0%)]	Loss: 0.011833
Train epoch: 1556 [258240/26000 (38%)]	Loss: 0.025631
Train epoch: 1556 [501280/26000 (77%)]	Loss: 0.017648
Make prediction for 870 samples...
epoch: 1556
AUC: 0.9471033545117414
TPR:  0.8530066815144766
precision:  0.9503722084367245
accuracy:  0.9011494252873563
MCC:  0.8072707196522503
1556
Training on 26000 samples...
Train epoch: 1557 [0/26000 (0%)]	Loss: 0.020828
Train epoch: 1557 [256600/26000 (38%)]	Loss: 0.022280
Train epoch: 1557 [516080/26000 (77%)]	Loss: 0.029325
Make prediction for 870 samples...
epoch: 1557
AUC: 0.9463971136703891
TPR:  0.8574610244988864
precision:  0.941320293398533
accuracy:  0.8988505747126436
MCC:  0.8014721316688668
1557
Training on 26000 samples...
Train epoch: 1558 [0/26000 (0%)]	Loss: 0.009848
Train epoch: 1558 [264540/26000 (38%)]	Loss: 0.029612
Train epoch: 1558 [512520/26000 (77%)]	Loss: 0.020869
Make prediction for 870 samples...
epoch: 1558
AUC: 0.9487168635500374
TPR:  0.8507795100222717
precision:  0.9294403892944039
accuracy:  0.8896551724137931
MCC:  0.7826829988087454
1558
Training on 26000 samples...
Train epoch: 1559 [0/26000 (0%)]	Loss: 0.013478
Train epoch: 1559 [253060/26000 (38%)]	Loss: 0.013653
Train epoch: 1559 [517280/26000 (77%)]	Loss: 0.013556
Make prediction for 870 samples...
epoch: 1559
AUC: 0.9475345052875485
TPR:  0.8530066815144766
precision:  0.941031941031941
accuracy:  0.896551724137931
MCC:  0.7972404829968077
1559
Training on 26000 samples...
Train epoch: 1560 [0/26000 (0%)]	Loss: 0.016984
Train epoch: 1560 [247280/26000 (38%)]	Loss: 0.022736
Train epoch: 1560 [508240/26000 (77%)]	Loss: 0.011611
Make prediction for 870 samples...
epoch: 1560
AUC: 0.9462278274762075
TPR:  0.8641425389755011
precision:  0.9371980676328503
accuracy:  0.9
MCC:  0.8029053097187083
1560
Training on 26000 samples...
Train epoch: 1561 [0/26000 (0%)]	Loss: 0.013456
Train epoch: 1561 [257860/26000 (38%)]	Loss: 0.017592
Train epoch: 1561 [531160/26000 (77%)]	Loss: 0.018949
Make prediction for 870 samples...
epoch: 1561
AUC: 0.9462040216051505
TPR:  0.8619153674832962
precision:  0.9439024390243902
accuracy:  0.9022988505747126
MCC:  0.8082011628933017
1561
Training on 26000 samples...
Train epoch: 1562 [0/26000 (0%)]	Loss: 0.016846
Train epoch: 1562 [263400/26000 (38%)]	Loss: 0.012550
Train epoch: 1562 [515400/26000 (77%)]	Loss: 0.026905
Make prediction for 870 samples...
epoch: 1562
AUC: 0.9476244385782076
TPR:  0.8485523385300668
precision:  0.9454094292803971
accuracy:  0.896551724137931
MCC:  0.7980455562691899
1562
Training on 26000 samples...
Train epoch: 1563 [0/26000 (0%)]	Loss: 0.017648
Train epoch: 1563 [254760/26000 (38%)]	Loss: 0.027132
Train epoch: 1563 [544520/26000 (77%)]	Loss: 0.025128
Make prediction for 870 samples...
epoch: 1563
AUC: 0.9501743118780717
TPR:  0.8596881959910914
precision:  0.9278846153846154
accuracy:  0.8931034482758621
MCC:  0.7887736169055385
1563
Training on 26000 samples...
Train epoch: 1564 [0/26000 (0%)]	Loss: 0.017267
Train epoch: 1564 [273900/26000 (38%)]	Loss: 0.017537
Train epoch: 1564 [524040/26000 (77%)]	Loss: 0.031678
Make prediction for 870 samples...
epoch: 1564
AUC: 0.9500658629099239
TPR:  0.8418708240534521
precision:  0.945
accuracy:  0.8931034482758621
MCC:  0.7917722822411625
1564
Training on 26000 samples...
Train epoch: 1565 [0/26000 (0%)]	Loss: 0.014282
Train epoch: 1565 [253760/26000 (38%)]	Loss: 0.027852
Train epoch: 1565 [513240/26000 (77%)]	Loss: 0.024187
Make prediction for 870 samples...
epoch: 1565
AUC: 0.9463733077993324
TPR:  0.8485523385300668
precision:  0.9501246882793017
accuracy:  0.8988505747126436
MCC:  0.8030882724017718
1565
Training on 26000 samples...
Train epoch: 1566 [0/26000 (0%)]	Loss: 0.029321
Train epoch: 1566 [260680/26000 (38%)]	Loss: 0.011613
Train epoch: 1566 [535120/26000 (77%)]	Loss: 0.017225
Make prediction for 870 samples...
epoch: 1566
AUC: 0.944971406503764
TPR:  0.8285077951002228
precision:  0.9441624365482234
accuracy:  0.8862068965517241
MCC:  0.7793184372412177
1566
Training on 26000 samples...
Train epoch: 1567 [0/26000 (0%)]	Loss: 0.016616
Train epoch: 1567 [266580/26000 (38%)]	Loss: 0.025994
Train epoch: 1567 [511520/26000 (77%)]	Loss: 0.011891
Make prediction for 870 samples...
epoch: 1567
AUC: 0.9480053325151166
TPR:  0.844097995545657
precision:  0.9312039312039312
accuracy:  0.8873563218390804
MCC:  0.7788019092176476
1567
Training on 26000 samples...
Train epoch: 1568 [0/26000 (0%)]	Loss: 0.016550
Train epoch: 1568 [268900/26000 (38%)]	Loss: 0.031321
Train epoch: 1568 [528320/26000 (77%)]	Loss: 0.011563
Make prediction for 870 samples...
epoch: 1568
AUC: 0.9448391516645595
TPR:  0.844097995545657
precision:  0.9312039312039312
accuracy:  0.8873563218390804
MCC:  0.7788019092176476
1568
Training on 26000 samples...
Train epoch: 1569 [0/26000 (0%)]	Loss: 0.016201
Train epoch: 1569 [262380/26000 (38%)]	Loss: 0.015588
Train epoch: 1569 [510800/26000 (77%)]	Loss: 0.017194
Make prediction for 870 samples...
epoch: 1569
AUC: 0.943209772045559
TPR:  0.8396436525612472
precision:  0.9378109452736318
accuracy:  0.8885057471264368
MCC:  0.782110818392438
1569
Training on 26000 samples...
Train epoch: 1570 [0/26000 (0%)]	Loss: 0.032387
Train epoch: 1570 [257400/26000 (38%)]	Loss: 0.014812
Train epoch: 1570 [521480/26000 (77%)]	Loss: 0.032225
Make prediction for 870 samples...
epoch: 1570
AUC: 0.9487459596146622
TPR:  0.8396436525612472
precision:  0.9425
accuracy:  0.8908045977011494
MCC:  0.7871572354399443
1570
Training on 26000 samples...
Train epoch: 1571 [0/26000 (0%)]	Loss: 0.018852
Train epoch: 1571 [252320/26000 (38%)]	Loss: 0.006038
Train epoch: 1571 [523400/26000 (77%)]	Loss: 0.020480
Make prediction for 870 samples...
epoch: 1571
AUC: 0.9491056927772987
TPR:  0.8507795100222717
precision:  0.9385749385749386
accuracy:  0.8942528735632184
MCC:  0.7926308395520176
1571
Training on 26000 samples...
Train epoch: 1572 [0/26000 (0%)]	Loss: 0.006312
Train epoch: 1572 [250740/26000 (38%)]	Loss: 0.017758
Train epoch: 1572 [520600/26000 (77%)]	Loss: 0.023862
Make prediction for 870 samples...
epoch: 1572
AUC: 0.9450639848912072
TPR:  0.8530066815144766
precision:  0.9433497536945813
accuracy:  0.8977011494252873
MCC:  0.7997404455598408
1572
Training on 26000 samples...
Train epoch: 1573 [0/26000 (0%)]	Loss: 0.033584
Train epoch: 1573 [261600/26000 (38%)]	Loss: 0.015271
Train epoch: 1573 [499680/26000 (77%)]	Loss: 0.010614
Make prediction for 870 samples...
epoch: 1573
AUC: 0.9409878907469225
TPR:  0.8374164810690423
precision:  0.9353233830845771
accuracy:  0.8862068965517241
MCC:  0.7774974399583439
1573
Training on 26000 samples...
Train epoch: 1574 [0/26000 (0%)]	Loss: 0.022151
Train epoch: 1574 [248180/26000 (38%)]	Loss: 0.023441
Train epoch: 1574 [506880/26000 (77%)]	Loss: 0.019488
Make prediction for 870 samples...
epoch: 1574
AUC: 0.9443260028884457
TPR:  0.8507795100222717
precision:  0.9294403892944039
accuracy:  0.8896551724137931
MCC:  0.7826829988087454
1574
Training on 26000 samples...
Train epoch: 1575 [0/26000 (0%)]	Loss: 0.017614
Train epoch: 1575 [258120/26000 (38%)]	Loss: 0.029935
Train epoch: 1575 [518160/26000 (77%)]	Loss: 0.033617
Make prediction for 870 samples...
epoch: 1575
AUC: 0.94833067941956
TPR:  0.8285077951002228
precision:  0.9441624365482234
accuracy:  0.8862068965517241
MCC:  0.7793184372412177
1575
Training on 26000 samples...
Train epoch: 1576 [0/26000 (0%)]	Loss: 0.024135
Train epoch: 1576 [263420/26000 (38%)]	Loss: 0.009038
Train epoch: 1576 [520640/26000 (77%)]	Loss: 0.018846
Make prediction for 870 samples...
epoch: 1576
AUC: 0.9472144485766735
TPR:  0.8418708240534521
precision:  0.9402985074626866
accuracy:  0.8908045977011494
MCC:  0.7867241968265323
1576
Training on 26000 samples...
Train epoch: 1577 [0/26000 (0%)]	Loss: 0.019828
Train epoch: 1577 [254380/26000 (38%)]	Loss: 0.019464
Train epoch: 1577 [490280/26000 (77%)]	Loss: 0.009842
Make prediction for 870 samples...
epoch: 1577
AUC: 0.9504335313629125
TPR:  0.8507795100222717
precision:  0.9362745098039216
accuracy:  0.8931034482758621
MCC:  0.7901365400715863
1577
Training on 26000 samples...
Train epoch: 1578 [0/26000 (0%)]	Loss: 0.025066
Train epoch: 1578 [257600/26000 (38%)]	Loss: 0.026835
Train epoch: 1578 [515640/26000 (77%)]	Loss: 0.022440
Make prediction for 870 samples...
epoch: 1578
AUC: 0.9499018669093102
TPR:  0.8530066815144766
precision:  0.941031941031941
accuracy:  0.896551724137931
MCC:  0.7972404829968077
1578
Training on 26000 samples...
Train epoch: 1579 [0/26000 (0%)]	Loss: 0.019690
Train epoch: 1579 [261340/26000 (38%)]	Loss: 0.020376
Train epoch: 1579 [520920/26000 (77%)]	Loss: 0.017278
Make prediction for 870 samples...
epoch: 1579
AUC: 0.9478995286437532
TPR:  0.8507795100222717
precision:  0.9362745098039216
accuracy:  0.8931034482758621
MCC:  0.7901365400715863
1579
Training on 26000 samples...
Train epoch: 1580 [0/26000 (0%)]	Loss: 0.008622
Train epoch: 1580 [257300/26000 (38%)]	Loss: 0.014006
Train epoch: 1580 [492280/26000 (77%)]	Loss: 0.015709
Make prediction for 870 samples...
epoch: 1580
AUC: 0.9507456527834353
TPR:  0.8396436525612472
precision:  0.940149625935162
accuracy:  0.8896551724137931
MCC:  0.7846314719054195
1580
Training on 26000 samples...
Train epoch: 1581 [0/26000 (0%)]	Loss: 0.019716
Train epoch: 1581 [253460/26000 (38%)]	Loss: 0.014861
Train epoch: 1581 [518920/26000 (77%)]	Loss: 0.020956
Make prediction for 870 samples...
epoch: 1581
AUC: 0.9488094419374804
TPR:  0.844097995545657
precision:  0.9404466501240695
accuracy:  0.8919540229885058
MCC:  0.7888203928861296
1581
Training on 26000 samples...
Train epoch: 1582 [0/26000 (0%)]	Loss: 0.031840
Train epoch: 1582 [268860/26000 (38%)]	Loss: 0.021056
Train epoch: 1582 [512160/26000 (77%)]	Loss: 0.013566
Make prediction for 870 samples...
epoch: 1582
AUC: 0.9495421337466738
TPR:  0.8418708240534521
precision:  0.942643391521197
accuracy:  0.8919540229885058
MCC:  0.7892456720295076
1582
Training on 26000 samples...
Train epoch: 1583 [0/26000 (0%)]	Loss: 0.024703
Train epoch: 1583 [253540/26000 (38%)]	Loss: 0.018774
Train epoch: 1583 [518680/26000 (77%)]	Loss: 0.028998
Make prediction for 870 samples...
epoch: 1583
AUC: 0.9486930576789805
TPR:  0.8418708240534521
precision:  0.9473684210526315
accuracy:  0.8942528735632184
MCC:  0.7943040731956524
1583
Training on 26000 samples...
Train epoch: 1584 [0/26000 (0%)]	Loss: 0.025866
Train epoch: 1584 [263280/26000 (38%)]	Loss: 0.011409
Train epoch: 1584 [513040/26000 (77%)]	Loss: 0.033460
Make prediction for 870 samples...
epoch: 1584
AUC: 0.9450216633426618
TPR:  0.8552338530066815
precision:  0.9343065693430657
accuracy:  0.8942528735632184
MCC:  0.791897201810939
1584
Training on 26000 samples...
Train epoch: 1585 [0/26000 (0%)]	Loss: 0.015499
Train epoch: 1585 [250340/26000 (38%)]	Loss: 0.012597
Train epoch: 1585 [505680/26000 (77%)]	Loss: 0.022780
Make prediction for 870 samples...
epoch: 1585
AUC: 0.9481931343867871
TPR:  0.8530066815144766
precision:  0.9318734793187348
accuracy:  0.8919540229885058
MCC:  0.7872901003098421
1585
Training on 26000 samples...
Train epoch: 1586 [0/26000 (0%)]	Loss: 0.021868
Train epoch: 1586 [261460/26000 (38%)]	Loss: 0.015731
Train epoch: 1586 [517400/26000 (77%)]	Loss: 0.013992
Make prediction for 870 samples...
epoch: 1586
AUC: 0.9489126007120601
TPR:  0.8418708240534521
precision:  0.9569620253164557
accuracy:  0.8988505747126436
MCC:  0.8044839697384001
1586
Training on 26000 samples...
Train epoch: 1587 [0/26000 (0%)]	Loss: 0.017553
Train epoch: 1587 [263200/26000 (38%)]	Loss: 0.010261
Train epoch: 1587 [536760/26000 (77%)]	Loss: 0.019969
Make prediction for 870 samples...
epoch: 1587
AUC: 0.9481772638060826
TPR:  0.8485523385300668
precision:  0.9247572815533981
accuracy:  0.8862068965517241
MCC:  0.7756015986418209
1587
Training on 26000 samples...
Train epoch: 1588 [0/26000 (0%)]	Loss: 0.017734
Train epoch: 1588 [254040/26000 (38%)]	Loss: 0.017362
Train epoch: 1588 [527960/26000 (77%)]	Loss: 0.020738
Make prediction for 870 samples...
epoch: 1588
AUC: 0.9441302657264229
TPR:  0.8374164810690423
precision:  0.9423558897243107
accuracy:  0.8896551724137931
MCC:  0.7850722361827779
1588
Training on 26000 samples...
Train epoch: 1589 [0/26000 (0%)]	Loss: 0.015600
Train epoch: 1589 [262280/26000 (38%)]	Loss: 0.017141
Train epoch: 1589 [538880/26000 (77%)]	Loss: 0.026077
Make prediction for 870 samples...
epoch: 1589
AUC: 0.9462754392183209
TPR:  0.8485523385300668
precision:  0.9407407407407408
accuracy:  0.8942528735632184
MCC:  0.7930233170393957
1589
Training on 26000 samples...
Train epoch: 1590 [0/26000 (0%)]	Loss: 0.012143
Train epoch: 1590 [259040/26000 (38%)]	Loss: 0.011536
Train epoch: 1590 [514960/26000 (77%)]	Loss: 0.013371
Make prediction for 870 samples...
epoch: 1590
AUC: 0.9464685312835596
TPR:  0.8485523385300668
precision:  0.9477611940298507
accuracy:  0.8977011494252873
MCC:  0.8005643321288148
1590
Training on 26000 samples...
Train epoch: 1591 [0/26000 (0%)]	Loss: 0.021600
Train epoch: 1591 [255780/26000 (38%)]	Loss: 0.022782
Train epoch: 1591 [530080/26000 (77%)]	Loss: 0.019304
Make prediction for 870 samples...
epoch: 1591
AUC: 0.9494204592946055
TPR:  0.8507795100222717
precision:  0.9408866995073891
accuracy:  0.8954022988505748
MCC:  0.7951301047898955
1591
Training on 26000 samples...
Train epoch: 1592 [0/26000 (0%)]	Loss: 0.008017
Train epoch: 1592 [252400/26000 (38%)]	Loss: 0.033767
Train epoch: 1592 [525960/26000 (77%)]	Loss: 0.018328
Make prediction for 870 samples...
epoch: 1592
AUC: 0.9485475773558554
TPR:  0.8463251670378619
precision:  0.9405940594059405
accuracy:  0.8931034482758621
MCC:  0.7909200897043261
1592
Training on 26000 samples...
Train epoch: 1593 [0/26000 (0%)]	Loss: 0.016204
Train epoch: 1593 [247420/26000 (38%)]	Loss: 0.014525
Train epoch: 1593 [512480/26000 (77%)]	Loss: 0.032156
Make prediction for 870 samples...
epoch: 1593
AUC: 0.9454448788281163
TPR:  0.8463251670378619
precision:  0.9405940594059405
accuracy:  0.8931034482758621
MCC:  0.7909200897043261
1593
Training on 26000 samples...
Train epoch: 1594 [0/26000 (0%)]	Loss: 0.007147
Train epoch: 1594 [261020/26000 (38%)]	Loss: 0.017318
Train epoch: 1594 [513080/26000 (77%)]	Loss: 0.012523
Make prediction for 870 samples...
epoch: 1594
AUC: 0.947957720773003
TPR:  0.844097995545657
precision:  0.9404466501240695
accuracy:  0.8919540229885058
MCC:  0.7888203928861296
1594
Training on 26000 samples...
Train epoch: 1595 [0/26000 (0%)]	Loss: 0.024632
Train epoch: 1595 [255480/26000 (38%)]	Loss: 0.022000
Train epoch: 1595 [497760/26000 (77%)]	Loss: 0.014735
Make prediction for 870 samples...
epoch: 1595
AUC: 0.947145676060287
TPR:  0.8396436525612472
precision:  0.9472361809045227
accuracy:  0.8931034482758621
MCC:  0.7922242756458764
1595
Training on 26000 samples...
Train epoch: 1596 [0/26000 (0%)]	Loss: 0.028379
Train epoch: 1596 [262640/26000 (38%)]	Loss: 0.018877
Train epoch: 1596 [511200/26000 (77%)]	Loss: 0.015110
Make prediction for 870 samples...
epoch: 1596
AUC: 0.9470425172857074
TPR:  0.8530066815144766
precision:  0.9387254901960784
accuracy:  0.8954022988505748
MCC:  0.79474551095864
1596
Training on 26000 samples...
Train epoch: 1597 [0/26000 (0%)]	Loss: 0.018490
Train epoch: 1597 [263220/26000 (38%)]	Loss: 0.026282
Train epoch: 1597 [506520/26000 (77%)]	Loss: 0.017287
Make prediction for 870 samples...
epoch: 1597
AUC: 0.9442995519206048
TPR:  0.8463251670378619
precision:  0.9405940594059405
accuracy:  0.8931034482758621
MCC:  0.7909200897043261
1597
Training on 26000 samples...
Train epoch: 1598 [0/26000 (0%)]	Loss: 0.011338
Train epoch: 1598 [258140/26000 (38%)]	Loss: 0.006581
Train epoch: 1598 [496480/26000 (77%)]	Loss: 0.019400
Make prediction for 870 samples...
epoch: 1598
AUC: 0.9457781610229119
TPR:  0.8374164810690423
precision:  0.9447236180904522
accuracy:  0.8908045977011494
MCC:  0.7876074603639254
1598
Training on 26000 samples...
Train epoch: 1599 [0/26000 (0%)]	Loss: 0.018546
Train epoch: 1599 [260960/26000 (38%)]	Loss: 0.018717
Train epoch: 1599 [524720/26000 (77%)]	Loss: 0.031131
Make prediction for 870 samples...
epoch: 1599
AUC: 0.9438948521126387
TPR:  0.8418708240534521
precision:  0.9379652605459057
accuracy:  0.8896551724137931
MCC:  0.7842078111945994
1599
Training on 26000 samples...
Train epoch: 1600 [0/26000 (0%)]	Loss: 0.028676
Train epoch: 1600 [261920/26000 (38%)]	Loss: 0.012484
Train epoch: 1600 [546760/26000 (77%)]	Loss: 0.033487
Make prediction for 870 samples...
epoch: 1600
AUC: 0.9483095186452871
TPR:  0.8619153674832962
precision:  0.9258373205741627
accuracy:  0.8931034482758621
MCC:  0.7884751472262421
1600
Training on 26000 samples...
Train epoch: 1601 [0/26000 (0%)]	Loss: 0.023525
Train epoch: 1601 [265620/26000 (38%)]	Loss: 0.028169
Train epoch: 1601 [519440/26000 (77%)]	Loss: 0.019336
Make prediction for 870 samples...
epoch: 1601
AUC: 0.9476852758042416
TPR:  0.844097995545657
precision:  0.9404466501240695
accuracy:  0.8919540229885058
MCC:  0.7888203928861296
1601
Training on 26000 samples...
Train epoch: 1602 [0/26000 (0%)]	Loss: 0.019318
Train epoch: 1602 [257360/26000 (38%)]	Loss: 0.011062
Train epoch: 1602 [528480/26000 (77%)]	Loss: 0.027096
Make prediction for 870 samples...
epoch: 1602
AUC: 0.9475027641261394
TPR:  0.844097995545657
precision:  0.9427860696517413
accuracy:  0.8931034482758621
MCC:  0.7913375752606264
1602
Training on 26000 samples...
Train epoch: 1603 [0/26000 (0%)]	Loss: 0.013221
Train epoch: 1603 [253140/26000 (38%)]	Loss: 0.014881
Train epoch: 1603 [514960/26000 (77%)]	Loss: 0.024318
Make prediction for 870 samples...
epoch: 1603
AUC: 0.9498304492961397
TPR:  0.8485523385300668
precision:  0.9315403422982885
accuracy:  0.8896551724137931
MCC:  0.7830388394112505
1603
Training on 26000 samples...
Train epoch: 1604 [0/26000 (0%)]	Loss: 0.021541
Train epoch: 1604 [257260/26000 (38%)]	Loss: 0.024295
Train epoch: 1604 [493560/26000 (77%)]	Loss: 0.038252
Make prediction for 870 samples...
epoch: 1604
AUC: 0.9476879209010257
TPR:  0.8351893095768375
precision:  0.9517766497461929
accuracy:  0.8931034482758621
MCC:  0.7931803991668763
1604
Training on 26000 samples...
Train epoch: 1605 [0/26000 (0%)]	Loss: 0.039225
Train epoch: 1605 [269620/26000 (38%)]	Loss: 0.014676
Train epoch: 1605 [513320/26000 (77%)]	Loss: 0.022839
Make prediction for 870 samples...
epoch: 1605
AUC: 0.9445878674700707
TPR:  0.8485523385300668
precision:  0.927007299270073
accuracy:  0.8873563218390804
MCC:  0.7780758973076486
1605
Training on 26000 samples...
Train epoch: 1606 [0/26000 (0%)]	Loss: 0.022104
Train epoch: 1606 [260160/26000 (38%)]	Loss: 0.009470
Train epoch: 1606 [520480/26000 (77%)]	Loss: 0.019597
Make prediction for 870 samples...
epoch: 1606
AUC: 0.9436647286924229
TPR:  0.8596881959910914
precision:  0.9212410501193318
accuracy:  0.8896551724137931
MCC:  0.7814274248041065
1606
Training on 26000 samples...
Train epoch: 1607 [0/26000 (0%)]	Loss: 0.020329
Train epoch: 1607 [251460/26000 (38%)]	Loss: 0.018922
Train epoch: 1607 [535560/26000 (77%)]	Loss: 0.021083
Make prediction for 870 samples...
epoch: 1607
AUC: 0.9458760296039231
TPR:  0.8485523385300668
precision:  0.9315403422982885
accuracy:  0.8896551724137931
MCC:  0.7830388394112505
1607
Training on 26000 samples...
Train epoch: 1608 [0/26000 (0%)]	Loss: 0.019648
Train epoch: 1608 [258780/26000 (38%)]	Loss: 0.020882
Train epoch: 1608 [523800/26000 (77%)]	Loss: 0.018238
Make prediction for 870 samples...
epoch: 1608
AUC: 0.9455665532801845
TPR:  0.8507795100222717
precision:  0.9271844660194175
accuracy:  0.8885057471264368
MCC:  0.7802081263436434
1608
Training on 26000 samples...
Train epoch: 1609 [0/26000 (0%)]	Loss: 0.017856
Train epoch: 1609 [255380/26000 (38%)]	Loss: 0.028953
Train epoch: 1609 [532680/26000 (77%)]	Loss: 0.011837
Make prediction for 870 samples...
epoch: 1609
AUC: 0.9488120870342646
TPR:  0.8574610244988864
precision:  0.9299516908212561
accuracy:  0.8931034482758621
MCC:  0.7890889479271961
1609
Training on 26000 samples...
Train epoch: 1610 [0/26000 (0%)]	Loss: 0.023892
Train epoch: 1610 [264020/26000 (38%)]	Loss: 0.013607
Train epoch: 1610 [519040/26000 (77%)]	Loss: 0.024977
Make prediction for 870 samples...
epoch: 1610
AUC: 0.9479365599987304
TPR:  0.8574610244988864
precision:  0.9436274509803921
accuracy:  0.9
MCC:  0.8039634527327473
1610
Training on 26000 samples...
Train epoch: 1611 [0/26000 (0%)]	Loss: 0.018614
Train epoch: 1611 [253080/26000 (38%)]	Loss: 0.022118
Train epoch: 1611 [519720/26000 (77%)]	Loss: 0.028254
Make prediction for 870 samples...
epoch: 1611
AUC: 0.9483439049034803
TPR:  0.8596881959910914
precision:  0.9301204819277108
accuracy:  0.8942528735632184
MCC:  0.7912316491879167
1611
Training on 26000 samples...
Train epoch: 1612 [0/26000 (0%)]	Loss: 0.012176
Train epoch: 1612 [269420/26000 (38%)]	Loss: 0.011274
Train epoch: 1612 [522560/26000 (77%)]	Loss: 0.013654
Make prediction for 870 samples...
epoch: 1612
AUC: 0.9509387448486741
TPR:  0.8530066815144766
precision:  0.9433497536945813
accuracy:  0.8977011494252873
MCC:  0.7997404455598408
1612
Training on 26000 samples...
Train epoch: 1613 [0/26000 (0%)]	Loss: 0.033187
Train epoch: 1613 [259660/26000 (38%)]	Loss: 0.019350
Train epoch: 1613 [517480/26000 (77%)]	Loss: 0.016488
Make prediction for 870 samples...
epoch: 1613
AUC: 0.9485740283236964
TPR:  0.8530066815144766
precision:  0.9503722084367245
accuracy:  0.9011494252873563
MCC:  0.8072707196522503
1613
Training on 26000 samples...
Train epoch: 1614 [0/26000 (0%)]	Loss: 0.018913
Train epoch: 1614 [265700/26000 (38%)]	Loss: 0.017435
Train epoch: 1614 [514480/26000 (77%)]	Loss: 0.031324
Make prediction for 870 samples...
epoch: 1614
AUC: 0.9493411063910828
TPR:  0.8463251670378619
precision:  0.9476309226932669
accuracy:  0.896551724137931
MCC:  0.7984740722776837
1614
Training on 26000 samples...
Train epoch: 1615 [0/26000 (0%)]	Loss: 0.017897
Train epoch: 1615 [248860/26000 (38%)]	Loss: 0.012035
Train epoch: 1615 [539160/26000 (77%)]	Loss: 0.017532
Make prediction for 870 samples...
epoch: 1615
AUC: 0.9468388448333325
TPR:  0.8485523385300668
precision:  0.943069306930693
accuracy:  0.8954022988505748
MCC:  0.7955318995622573
1615
Training on 26000 samples...
Train epoch: 1616 [0/26000 (0%)]	Loss: 0.025992
Train epoch: 1616 [260000/26000 (38%)]	Loss: 0.023324
Train epoch: 1616 [513240/26000 (77%)]	Loss: 0.029629
Make prediction for 870 samples...
epoch: 1616
AUC: 0.9458813197974913
TPR:  0.8285077951002228
precision:  0.9514066496163683
accuracy:  0.8896551724137931
MCC:  0.7870077059366427
1616
Training on 26000 samples...
Train epoch: 1617 [0/26000 (0%)]	Loss: 0.023654
Train epoch: 1617 [252520/26000 (38%)]	Loss: 0.020789
Train epoch: 1617 [534760/26000 (77%)]	Loss: 0.019994
Make prediction for 870 samples...
epoch: 1617
AUC: 0.9474472170936735
TPR:  0.8374164810690423
precision:  0.947103274559194
accuracy:  0.8919540229885058
MCC:  0.7901479074350087
1617
Training on 26000 samples...
Train epoch: 1618 [0/26000 (0%)]	Loss: 0.024833
Train epoch: 1618 [257380/26000 (38%)]	Loss: 0.019778
Train epoch: 1618 [524960/26000 (77%)]	Loss: 0.007072
Make prediction for 870 samples...
epoch: 1618
AUC: 0.9485951890979691
TPR:  0.8574610244988864
precision:  0.9529702970297029
accuracy:  0.9045977011494253
MCC:  0.8139791389939821
1618
Training on 26000 samples...
Train epoch: 1619 [0/26000 (0%)]	Loss: 0.024646
Train epoch: 1619 [255540/26000 (38%)]	Loss: 0.019138
Train epoch: 1619 [514680/26000 (77%)]	Loss: 0.022217
Make prediction for 870 samples...
epoch: 1619
AUC: 0.947984171740844
TPR:  0.8396436525612472
precision:  0.9425
accuracy:  0.8908045977011494
MCC:  0.7871572354399443
1619
Training on 26000 samples...
Train epoch: 1620 [0/26000 (0%)]	Loss: 0.015060
Train epoch: 1620 [258380/26000 (38%)]	Loss: 0.015530
Train epoch: 1620 [510400/26000 (77%)]	Loss: 0.017334
Make prediction for 870 samples...
epoch: 1620
AUC: 0.9488147321310487
TPR:  0.8552338530066815
precision:  0.927536231884058
accuracy:  0.8908045977011494
MCC:  0.784483493996692
1620
Training on 26000 samples...
Train epoch: 1621 [0/26000 (0%)]	Loss: 0.015108
Train epoch: 1621 [263900/26000 (38%)]	Loss: 0.032944
Train epoch: 1621 [505760/26000 (77%)]	Loss: 0.009808
Make prediction for 870 samples...
epoch: 1621
AUC: 0.9489443418734691
TPR:  0.8574610244988864
precision:  0.9344660194174758
accuracy:  0.8954022988505748
MCC:  0.7940277094491114
1621
Training on 26000 samples...
Train epoch: 1622 [0/26000 (0%)]	Loss: 0.023093
Train epoch: 1622 [261260/26000 (38%)]	Loss: 0.025894
Train epoch: 1622 [526360/26000 (77%)]	Loss: 0.018513
Make prediction for 870 samples...
epoch: 1622
AUC: 0.9481904892900032
TPR:  0.8507795100222717
precision:  0.9362745098039216
accuracy:  0.8931034482758621
MCC:  0.7901365400715863
1622
Training on 26000 samples...
Train epoch: 1623 [0/26000 (0%)]	Loss: 0.021043
Train epoch: 1623 [256820/26000 (38%)]	Loss: 0.019071
Train epoch: 1623 [525240/26000 (77%)]	Loss: 0.017170
Make prediction for 870 samples...
epoch: 1623
AUC: 0.9464341450253665
TPR:  0.8552338530066815
precision:  0.9343065693430657
accuracy:  0.8942528735632184
MCC:  0.791897201810939
1623
Training on 26000 samples...
Train epoch: 1624 [0/26000 (0%)]	Loss: 0.017399
Train epoch: 1624 [264880/26000 (38%)]	Loss: 0.026140
Train epoch: 1624 [524880/26000 (77%)]	Loss: 0.017586
Make prediction for 870 samples...
epoch: 1624
AUC: 0.9475186347068438
TPR:  0.8485523385300668
precision:  0.9361179361179361
accuracy:  0.8919540229885058
MCC:  0.7880211961072277
1624
Training on 26000 samples...
Train epoch: 1625 [0/26000 (0%)]	Loss: 0.019090
Train epoch: 1625 [269500/26000 (38%)]	Loss: 0.018990
Train epoch: 1625 [518560/26000 (77%)]	Loss: 0.021215
Make prediction for 870 samples...
epoch: 1625
AUC: 0.9485184812912305
TPR:  0.8574610244988864
precision:  0.941320293398533
accuracy:  0.8988505747126436
MCC:  0.8014721316688668
1625
Training on 26000 samples...
Train epoch: 1626 [0/26000 (0%)]	Loss: 0.030025
Train epoch: 1626 [258220/26000 (38%)]	Loss: 0.036365
Train epoch: 1626 [523560/26000 (77%)]	Loss: 0.022196
Make prediction for 870 samples...
epoch: 1626
AUC: 0.9497299356183443
TPR:  0.8507795100222717
precision:  0.9408866995073891
accuracy:  0.8954022988505748
MCC:  0.7951301047898955
1626
Training on 26000 samples...
Train epoch: 1627 [0/26000 (0%)]	Loss: 0.013281
Train epoch: 1627 [256200/26000 (38%)]	Loss: 0.030302
Train epoch: 1627 [525160/26000 (77%)]	Loss: 0.033933
Make prediction for 870 samples...
epoch: 1627
AUC: 0.9479312698051623
TPR:  0.8596881959910914
precision:  0.9278846153846154
accuracy:  0.8931034482758621
MCC:  0.7887736169055385
1627
Training on 26000 samples...
Train epoch: 1628 [0/26000 (0%)]	Loss: 0.024225
Train epoch: 1628 [265020/26000 (38%)]	Loss: 0.014490
Train epoch: 1628 [527120/26000 (77%)]	Loss: 0.023682
Make prediction for 870 samples...
epoch: 1628
AUC: 0.9457702257325595
TPR:  0.8485523385300668
precision:  0.9338235294117647
accuracy:  0.8908045977011494
MCC:  0.7855275691845327
1628
Training on 26000 samples...
Train epoch: 1629 [0/26000 (0%)]	Loss: 0.024082
Train epoch: 1629 [253260/26000 (38%)]	Loss: 0.026115
Train epoch: 1629 [510400/26000 (77%)]	Loss: 0.016494
Make prediction for 870 samples...
epoch: 1629
AUC: 0.9473043818673326
TPR:  0.8374164810690423
precision:  0.9494949494949495
accuracy:  0.8931034482758621
MCC:  0.7926936239555289
1629
Training on 26000 samples...
Train epoch: 1630 [0/26000 (0%)]	Loss: 0.026769
Train epoch: 1630 [257420/26000 (38%)]	Loss: 0.013319
Train epoch: 1630 [518760/26000 (77%)]	Loss: 0.029548
Make prediction for 870 samples...
epoch: 1630
AUC: 0.9486851223886281
TPR:  0.8507795100222717
precision:  0.9455445544554455
accuracy:  0.8977011494252873
MCC:  0.8001437094201885
1630
Training on 26000 samples...
Train epoch: 1631 [0/26000 (0%)]	Loss: 0.015051
Train epoch: 1631 [251860/26000 (38%)]	Loss: 0.013972
Train epoch: 1631 [519440/26000 (77%)]	Loss: 0.016374
Make prediction for 870 samples...
epoch: 1631
AUC: 0.948280422580662
TPR:  0.8574610244988864
precision:  0.9529702970297029
accuracy:  0.9045977011494253
MCC:  0.8139791389939821
1631
Training on 26000 samples...
Train epoch: 1632 [0/26000 (0%)]	Loss: 0.012451
Train epoch: 1632 [270780/26000 (38%)]	Loss: 0.021389
Train epoch: 1632 [504800/26000 (77%)]	Loss: 0.025947
Make prediction for 870 samples...
epoch: 1632
AUC: 0.9453972670860026
TPR:  0.844097995545657
precision:  0.9427860696517413
accuracy:  0.8931034482758621
MCC:  0.7913375752606264
1632
Training on 26000 samples...
Train epoch: 1633 [0/26000 (0%)]	Loss: 0.019492
Train epoch: 1633 [272660/26000 (38%)]	Loss: 0.014233
Train epoch: 1633 [532520/26000 (77%)]	Loss: 0.021494
Make prediction for 870 samples...
epoch: 1633
AUC: 0.9482433912256849
TPR:  0.844097995545657
precision:  0.9546599496221663
accuracy:  0.8988505747126436
MCC:  0.8040011189486779
1633
Training on 26000 samples...
Train epoch: 1634 [0/26000 (0%)]	Loss: 0.026117
Train epoch: 1634 [253740/26000 (38%)]	Loss: 0.031615
Train epoch: 1634 [511440/26000 (77%)]	Loss: 0.022643
Make prediction for 870 samples...
epoch: 1634
AUC: 0.949285559358617
TPR:  0.8485523385300668
precision:  0.943069306930693
accuracy:  0.8954022988505748
MCC:  0.7955318995622573
1634
Training on 26000 samples...
Train epoch: 1635 [0/26000 (0%)]	Loss: 0.026185
Train epoch: 1635 [269060/26000 (38%)]	Loss: 0.011143
Train epoch: 1635 [530320/26000 (77%)]	Loss: 0.014107
Make prediction for 870 samples...
epoch: 1635
AUC: 0.9491771103904693
TPR:  0.8507795100222717
precision:  0.9432098765432099
accuracy:  0.896551724137931
MCC:  0.7976343799354643
1635
Training on 26000 samples...
Train epoch: 1636 [0/26000 (0%)]	Loss: 0.016296
Train epoch: 1636 [261400/26000 (38%)]	Loss: 0.023674
Train epoch: 1636 [488400/26000 (77%)]	Loss: 0.017118
Make prediction for 870 samples...
epoch: 1636
AUC: 0.9451697887625709
TPR:  0.8574610244988864
precision:  0.9299516908212561
accuracy:  0.8931034482758621
MCC:  0.7890889479271961
1636
Training on 26000 samples...
Train epoch: 1637 [0/26000 (0%)]	Loss: 0.025899
Train epoch: 1637 [248300/26000 (38%)]	Loss: 0.018572
Train epoch: 1637 [541760/26000 (77%)]	Loss: 0.030189
Make prediction for 870 samples...
epoch: 1637
AUC: 0.9495712298112988
TPR:  0.8507795100222717
precision:  0.955
accuracy:  0.9022988505747126
MCC:  0.8102324694460348
1637
Training on 26000 samples...
Train epoch: 1638 [0/26000 (0%)]	Loss: 0.035157
Train epoch: 1638 [255700/26000 (38%)]	Loss: 0.030591
Train epoch: 1638 [516360/26000 (77%)]	Loss: 0.016731
Make prediction for 870 samples...
epoch: 1638
AUC: 0.945635325796571
TPR:  0.8485523385300668
precision:  0.9407407407407408
accuracy:  0.8942528735632184
MCC:  0.7930233170393957
1638
Training on 26000 samples...
Train epoch: 1639 [0/26000 (0%)]	Loss: 0.033369
Train epoch: 1639 [259140/26000 (38%)]	Loss: 0.011538
Train epoch: 1639 [530040/26000 (77%)]	Loss: 0.021392
Make prediction for 870 samples...
epoch: 1639
AUC: 0.9466880743166393
TPR:  0.8374164810690423
precision:  0.9353233830845771
accuracy:  0.8862068965517241
MCC:  0.7774974399583439
1639
Training on 26000 samples...
Train epoch: 1640 [0/26000 (0%)]	Loss: 0.018498
Train epoch: 1640 [269680/26000 (38%)]	Loss: 0.021928
Train epoch: 1640 [535520/26000 (77%)]	Loss: 0.022608
Make prediction for 870 samples...
epoch: 1640
AUC: 0.9494231043913897
TPR:  0.8596881959910914
precision:  0.9256594724220624
accuracy:  0.8919540229885058
MCC:  0.7863202631287707
1640
Training on 26000 samples...
Train epoch: 1641 [0/26000 (0%)]	Loss: 0.014770
Train epoch: 1641 [261700/26000 (38%)]	Loss: 0.013955
Train epoch: 1641 [523680/26000 (77%)]	Loss: 0.007406
Make prediction for 870 samples...
epoch: 1641
AUC: 0.9496743885858784
TPR:  0.8619153674832962
precision:  0.9325301204819277
accuracy:  0.896551724137931
MCC:  0.7958366030949541
1641
Training on 26000 samples...
Train epoch: 1642 [0/26000 (0%)]	Loss: 0.028332
Train epoch: 1642 [256280/26000 (38%)]	Loss: 0.013445
Train epoch: 1642 [502240/26000 (77%)]	Loss: 0.012466
Make prediction for 870 samples...
epoch: 1642
AUC: 0.9474736680615145
TPR:  0.8507795100222717
precision:  0.9455445544554455
accuracy:  0.8977011494252873
MCC:  0.8001437094201885
1642
Training on 26000 samples...
Train epoch: 1643 [0/26000 (0%)]	Loss: 0.012181
Train epoch: 1643 [252140/26000 (38%)]	Loss: 0.017847
Train epoch: 1643 [510240/26000 (77%)]	Loss: 0.019714
Make prediction for 870 samples...
epoch: 1643
AUC: 0.9485951890979691
TPR:  0.8418708240534521
precision:  0.9473684210526315
accuracy:  0.8942528735632184
MCC:  0.7943040731956524
1643
Training on 26000 samples...
Train epoch: 1644 [0/26000 (0%)]	Loss: 0.020096
Train epoch: 1644 [247100/26000 (38%)]	Loss: 0.015114
Train epoch: 1644 [514000/26000 (77%)]	Loss: 0.029198
Make prediction for 870 samples...
epoch: 1644
AUC: 0.9499679943289124
TPR:  0.844097995545657
precision:  0.9404466501240695
accuracy:  0.8919540229885058
MCC:  0.7888203928861296
1644
Training on 26000 samples...
Train epoch: 1645 [0/26000 (0%)]	Loss: 0.025562
Train epoch: 1645 [260360/26000 (38%)]	Loss: 0.010955
Train epoch: 1645 [520720/26000 (77%)]	Loss: 0.013787
Make prediction for 870 samples...
epoch: 1645
AUC: 0.9488729242602987
TPR:  0.8507795100222717
precision:  0.9455445544554455
accuracy:  0.8977011494252873
MCC:  0.8001437094201885
1645
Training on 26000 samples...
Train epoch: 1646 [0/26000 (0%)]	Loss: 0.020638
Train epoch: 1646 [273940/26000 (38%)]	Loss: 0.012651
Train epoch: 1646 [525120/26000 (77%)]	Loss: 0.008943
Make prediction for 870 samples...
epoch: 1646
AUC: 0.9483544852906169
TPR:  0.8530066815144766
precision:  0.9433497536945813
accuracy:  0.8977011494252873
MCC:  0.7997404455598408
1646
Training on 26000 samples...
Train epoch: 1647 [0/26000 (0%)]	Loss: 0.013497
Train epoch: 1647 [277160/26000 (38%)]	Loss: 0.019485
Train epoch: 1647 [530560/26000 (77%)]	Loss: 0.017697
Make prediction for 870 samples...
epoch: 1647
AUC: 0.9506980410413217
TPR:  0.8396436525612472
precision:  0.940149625935162
accuracy:  0.8896551724137931
MCC:  0.7846314719054195
1647
Training on 26000 samples...
Train epoch: 1648 [0/26000 (0%)]	Loss: 0.020482
Train epoch: 1648 [265740/26000 (38%)]	Loss: 0.018334
Train epoch: 1648 [504480/26000 (77%)]	Loss: 0.014476
Make prediction for 870 samples...
epoch: 1648
AUC: 0.949489231810992
TPR:  0.8485523385300668
precision:  0.9361179361179361
accuracy:  0.8919540229885058
MCC:  0.7880211961072277
1648
Training on 26000 samples...
Train epoch: 1649 [0/26000 (0%)]	Loss: 0.016281
Train epoch: 1649 [254400/26000 (38%)]	Loss: 0.018617
Train epoch: 1649 [510120/26000 (77%)]	Loss: 0.022239
Make prediction for 870 samples...
epoch: 1649
AUC: 0.9503409529754694
TPR:  0.8530066815144766
precision:  0.9387254901960784
accuracy:  0.8954022988505748
MCC:  0.79474551095864
1649
Training on 26000 samples...
Train epoch: 1650 [0/26000 (0%)]	Loss: 0.015372
Train epoch: 1650 [265680/26000 (38%)]	Loss: 0.015991
Train epoch: 1650 [510680/26000 (77%)]	Loss: 0.021137
Make prediction for 870 samples...
epoch: 1650
AUC: 0.9492696887779124
TPR:  0.8374164810690423
precision:  0.9376558603491272
accuracy:  0.8873563218390804
MCC:  0.7800172717813314
1650
Training on 26000 samples...
Train epoch: 1651 [0/26000 (0%)]	Loss: 0.023355
Train epoch: 1651 [269940/26000 (38%)]	Loss: 0.016974
Train epoch: 1651 [541400/26000 (77%)]	Loss: 0.015284
Make prediction for 870 samples...
epoch: 1651
AUC: 0.949748451295833
TPR:  0.8485523385300668
precision:  0.9384236453201971
accuracy:  0.8931034482758621
MCC:  0.7905197640199503
1651
Training on 26000 samples...
Train epoch: 1652 [0/26000 (0%)]	Loss: 0.025974
Train epoch: 1652 [260480/26000 (38%)]	Loss: 0.019799
Train epoch: 1652 [514720/26000 (77%)]	Loss: 0.025831
Make prediction for 870 samples...
epoch: 1652
AUC: 0.9486666067111396
TPR:  0.8530066815144766
precision:  0.945679012345679
accuracy:  0.8988505747126436
MCC:  0.802245442831533
1652
Training on 26000 samples...
Train epoch: 1653 [0/26000 (0%)]	Loss: 0.014210
Train epoch: 1653 [249660/26000 (38%)]	Loss: 0.019528
Train epoch: 1653 [507800/26000 (77%)]	Loss: 0.023072
Make prediction for 870 samples...
epoch: 1653
AUC: 0.9489020203249237
TPR:  0.8463251670378619
precision:  0.9476309226932669
accuracy:  0.896551724137931
MCC:  0.7984740722776837
1653
Training on 26000 samples...
Train epoch: 1654 [0/26000 (0%)]	Loss: 0.019744
Train epoch: 1654 [257460/26000 (38%)]	Loss: 0.018421
Train epoch: 1654 [517560/26000 (77%)]	Loss: 0.016104
Make prediction for 870 samples...
epoch: 1654
AUC: 0.9484999656137417
TPR:  0.8641425389755011
precision:  0.9326923076923077
accuracy:  0.8977011494252873
MCC:  0.7979825737576791
1654
Training on 26000 samples...
Train epoch: 1655 [0/26000 (0%)]	Loss: 0.017665
Train epoch: 1655 [256560/26000 (38%)]	Loss: 0.022691
Train epoch: 1655 [533960/26000 (77%)]	Loss: 0.017506
Make prediction for 870 samples...
epoch: 1655
AUC: 0.9431013230774115
TPR:  0.8663697104677061
precision:  0.9218009478672986
accuracy:  0.8931034482758621
MCC:  0.787928642394217
1655
Training on 26000 samples...
Train epoch: 1656 [0/26000 (0%)]	Loss: 0.022811
Train epoch: 1656 [259740/26000 (38%)]	Loss: 0.013585
Train epoch: 1656 [522840/26000 (77%)]	Loss: 0.009829
Make prediction for 870 samples...
epoch: 1656
AUC: 0.9453390749567526
TPR:  0.8507795100222717
precision:  0.9408866995073891
accuracy:  0.8954022988505748
MCC:  0.7951301047898955
1656
Training on 26000 samples...
Train epoch: 1657 [0/26000 (0%)]	Loss: 0.024888
Train epoch: 1657 [270640/26000 (38%)]	Loss: 0.020884
Train epoch: 1657 [517240/26000 (77%)]	Loss: 0.007636
Make prediction for 870 samples...
epoch: 1657
AUC: 0.9461458294759006
TPR:  0.8596881959910914
precision:  0.9368932038834952
accuracy:  0.8977011494252873
MCC:  0.7986342371509341
1657
Training on 26000 samples...
Train epoch: 1658 [0/26000 (0%)]	Loss: 0.016636
Train epoch: 1658 [260460/26000 (38%)]	Loss: 0.018161
Train epoch: 1658 [505560/26000 (77%)]	Loss: 0.037091
Make prediction for 870 samples...
epoch: 1658
AUC: 0.9463177607668664
TPR:  0.8418708240534521
precision:  0.9473684210526315
accuracy:  0.8942528735632184
MCC:  0.7943040731956524
1658
Training on 26000 samples...
Train epoch: 1659 [0/26000 (0%)]	Loss: 0.026485
Train epoch: 1659 [266140/26000 (38%)]	Loss: 0.024331
Train epoch: 1659 [518080/26000 (77%)]	Loss: 0.014129
Make prediction for 870 samples...
epoch: 1659
AUC: 0.9460585412820255
TPR:  0.8574610244988864
precision:  0.9322033898305084
accuracy:  0.8942528735632184
MCC:  0.7915559385284204
1659
Training on 26000 samples...
Train epoch: 1660 [0/26000 (0%)]	Loss: 0.022875
Train epoch: 1660 [262360/26000 (38%)]	Loss: 0.027231
Train epoch: 1660 [502400/26000 (77%)]	Loss: 0.011530
Make prediction for 870 samples...
epoch: 1660
AUC: 0.9490078241962874
TPR:  0.8596881959910914
precision:  0.9391727493917275
accuracy:  0.8988505747126436
MCC:  0.8011114048131326
1660
Training on 26000 samples...
Train epoch: 1661 [0/26000 (0%)]	Loss: 0.023463
Train epoch: 1661 [257180/26000 (38%)]	Loss: 0.028194
Train epoch: 1661 [510840/26000 (77%)]	Loss: 0.010023
Make prediction for 870 samples...
epoch: 1661
AUC: 0.9461511196694687
TPR:  0.8485523385300668
precision:  0.943069306930693
accuracy:  0.8954022988505748
MCC:  0.7955318995622573
1661
Training on 26000 samples...
Train epoch: 1662 [0/26000 (0%)]	Loss: 0.021745
Train epoch: 1662 [261620/26000 (38%)]	Loss: 0.020495
Train epoch: 1662 [501840/26000 (77%)]	Loss: 0.021518
Make prediction for 870 samples...
epoch: 1662
AUC: 0.9508646821387194
TPR:  0.8396436525612472
precision:  0.9472361809045227
accuracy:  0.8931034482758621
MCC:  0.7922242756458764
1662
Training on 26000 samples...
Train epoch: 1663 [0/26000 (0%)]	Loss: 0.018129
Train epoch: 1663 [261480/26000 (38%)]	Loss: 0.030993
Train epoch: 1663 [518000/26000 (77%)]	Loss: 0.013660
Make prediction for 870 samples...
epoch: 1663
AUC: 0.9451089515365366
TPR:  0.844097995545657
precision:  0.9381188118811881
accuracy:  0.8908045977011494
MCC:  0.7863082798463951
1663
Training on 26000 samples...
Train epoch: 1664 [0/26000 (0%)]	Loss: 0.020705
Train epoch: 1664 [255560/26000 (38%)]	Loss: 0.015891
Train epoch: 1664 [545120/26000 (77%)]	Loss: 0.015838
Make prediction for 870 samples...
epoch: 1664
AUC: 0.9474868935454348
TPR:  0.8485523385300668
precision:  0.9407407407407408
accuracy:  0.8942528735632184
MCC:  0.7930233170393957
1664
Training on 26000 samples...
Train epoch: 1665 [0/26000 (0%)]	Loss: 0.011398
Train epoch: 1665 [253620/26000 (38%)]	Loss: 0.005088
Train epoch: 1665 [521440/26000 (77%)]	Loss: 0.023259
Make prediction for 870 samples...
epoch: 1665
AUC: 0.9479947521279803
TPR:  0.844097995545657
precision:  0.9451371571072319
accuracy:  0.8942528735632184
MCC:  0.7938598721535957
1665
Training on 26000 samples...
Train epoch: 1666 [0/26000 (0%)]	Loss: 0.030083
Train epoch: 1666 [266140/26000 (38%)]	Loss: 0.030500
Train epoch: 1666 [510640/26000 (77%)]	Loss: 0.019579
Make prediction for 870 samples...
epoch: 1666
AUC: 0.9468176840590596
TPR:  0.8329621380846325
precision:  0.9444444444444444
accuracy:  0.8885057471264368
MCC:  0.7834562555175677
1666
Training on 26000 samples...
Train epoch: 1667 [0/26000 (0%)]	Loss: 0.024232
Train epoch: 1667 [259360/26000 (38%)]	Loss: 0.023216
Train epoch: 1667 [506160/26000 (77%)]	Loss: 0.014234
Make prediction for 870 samples...
epoch: 1667
AUC: 0.9470425172857077
TPR:  0.8530066815144766
precision:  0.9318734793187348
accuracy:  0.8919540229885058
MCC:  0.7872901003098421
1667
Training on 26000 samples...
Train epoch: 1668 [0/26000 (0%)]	Loss: 0.014640
Train epoch: 1668 [251700/26000 (38%)]	Loss: 0.009138
Train epoch: 1668 [529920/26000 (77%)]	Loss: 0.018539
Make prediction for 870 samples...
epoch: 1668
AUC: 0.949142724132276
TPR:  0.8485523385300668
precision:  0.9384236453201971
accuracy:  0.8931034482758621
MCC:  0.7905197640199503
1668
Training on 26000 samples...
Train epoch: 1669 [0/26000 (0%)]	Loss: 0.013202
Train epoch: 1669 [258880/26000 (38%)]	Loss: 0.015151
Train epoch: 1669 [520720/26000 (77%)]	Loss: 0.013854
Make prediction for 870 samples...
epoch: 1669
AUC: 0.9495818101984352
TPR:  0.8418708240534521
precision:  0.945
accuracy:  0.8931034482758621
MCC:  0.7917722822411625
1669
Training on 26000 samples...
Train epoch: 1670 [0/26000 (0%)]	Loss: 0.027198
Train epoch: 1670 [260320/26000 (38%)]	Loss: 0.011627
Train epoch: 1670 [526760/26000 (77%)]	Loss: 0.020350
Make prediction for 870 samples...
epoch: 1670
AUC: 0.9496823238762305
TPR:  0.8530066815144766
precision:  0.9433497536945813
accuracy:  0.8977011494252873
MCC:  0.7997404455598408
1670
Training on 26000 samples...
Train epoch: 1671 [0/26000 (0%)]	Loss: 0.018238
Train epoch: 1671 [253200/26000 (38%)]	Loss: 0.005108
Train epoch: 1671 [523280/26000 (77%)]	Loss: 0.015039
Make prediction for 870 samples...
epoch: 1671
AUC: 0.9494601357463669
TPR:  0.8574610244988864
precision:  0.9344660194174758
accuracy:  0.8954022988505748
MCC:  0.7940277094491114
1671
Training on 26000 samples...
Train epoch: 1672 [0/26000 (0%)]	Loss: 0.006434
Train epoch: 1672 [253400/26000 (38%)]	Loss: 0.014091
Train epoch: 1672 [515360/26000 (77%)]	Loss: 0.023122
Make prediction for 870 samples...
epoch: 1672
AUC: 0.9477302424495713
TPR:  0.8552338530066815
precision:  0.927536231884058
accuracy:  0.8908045977011494
MCC:  0.784483493996692
1672
Training on 26000 samples...
Train epoch: 1673 [0/26000 (0%)]	Loss: 0.018834
Train epoch: 1673 [264080/26000 (38%)]	Loss: 0.018902
Train epoch: 1673 [519960/26000 (77%)]	Loss: 0.005608
Make prediction for 870 samples...
epoch: 1673
AUC: 0.9474181210290484
TPR:  0.8351893095768375
precision:  0.9422110552763819
accuracy:  0.8885057471264368
MCC:  0.7829906450819742
1673
Training on 26000 samples...
Train epoch: 1674 [0/26000 (0%)]	Loss: 0.013351
Train epoch: 1674 [257380/26000 (38%)]	Loss: 0.032968
Train epoch: 1674 [528280/26000 (77%)]	Loss: 0.023474
Make prediction for 870 samples...
epoch: 1674
AUC: 0.9476297287717759
TPR:  0.8329621380846325
precision:  0.9420654911838791
accuracy:  0.8873563218390804
MCC:  0.7809124330925628
1674
Training on 26000 samples...
Train epoch: 1675 [0/26000 (0%)]	Loss: 0.019715
Train epoch: 1675 [254560/26000 (38%)]	Loss: 0.038035
Train epoch: 1675 [510520/26000 (77%)]	Loss: 0.025539
Make prediction for 870 samples...
epoch: 1675
AUC: 0.9506742351702648
TPR:  0.8396436525612472
precision:  0.952020202020202
accuracy:  0.8954022988505748
MCC:  0.7973123081745095
1675
Training on 26000 samples...
Train epoch: 1676 [0/26000 (0%)]	Loss: 0.018226
Train epoch: 1676 [267860/26000 (38%)]	Loss: 0.022392
Train epoch: 1676 [514680/26000 (77%)]	Loss: 0.013250
Make prediction for 870 samples...
epoch: 1676
AUC: 0.9438393050801729
TPR:  0.8351893095768375
precision:  0.959079283887468
accuracy:  0.896551724137931
MCC:  0.800879101405978
1676
Training on 26000 samples...
Train epoch: 1677 [0/26000 (0%)]	Loss: 0.028194
Train epoch: 1677 [260560/26000 (38%)]	Loss: 0.021442
Train epoch: 1677 [509120/26000 (77%)]	Loss: 0.024448
Make prediction for 870 samples...
epoch: 1677
AUC: 0.9461431843791164
TPR:  0.8530066815144766
precision:  0.9433497536945813
accuracy:  0.8977011494252873
MCC:  0.7997404455598408
1677
Training on 26000 samples...
Train epoch: 1678 [0/26000 (0%)]	Loss: 0.026509
Train epoch: 1678 [262020/26000 (38%)]	Loss: 0.030557
Train epoch: 1678 [515400/26000 (77%)]	Loss: 0.024522
Make prediction for 870 samples...
epoch: 1678
AUC: 0.94549249057023
TPR:  0.8396436525612472
precision:  0.9448621553884712
accuracy:  0.8919540229885058
MCC:  0.7896881546892152
1678
Training on 26000 samples...
Train epoch: 1679 [0/26000 (0%)]	Loss: 0.015213
Train epoch: 1679 [253320/26000 (38%)]	Loss: 0.016753
Train epoch: 1679 [513800/26000 (77%)]	Loss: 0.018279
Make prediction for 870 samples...
epoch: 1679
AUC: 0.9491400790354919
TPR:  0.8396436525612472
precision:  0.9378109452736318
accuracy:  0.8885057471264368
MCC:  0.782110818392438
1679
Training on 26000 samples...
Train epoch: 1680 [0/26000 (0%)]	Loss: 0.011432
Train epoch: 1680 [268580/26000 (38%)]	Loss: 0.023292
Train epoch: 1680 [508760/26000 (77%)]	Loss: 0.034433
Make prediction for 870 samples...
epoch: 1680
AUC: 0.9494680710367193
TPR:  0.8641425389755011
precision:  0.9304556354916067
accuracy:  0.896551724137931
MCC:  0.7955283180585025
1680
Training on 26000 samples...
Train epoch: 1681 [0/26000 (0%)]	Loss: 0.035821
Train epoch: 1681 [263200/26000 (38%)]	Loss: 0.012214
Train epoch: 1681 [513920/26000 (77%)]	Loss: 0.024262
Make prediction for 870 samples...
epoch: 1681
AUC: 0.9481190716768326
TPR:  0.8351893095768375
precision:  0.9493670886075949
accuracy:  0.8919540229885058
MCC:  0.7906250003247357
1681
Training on 26000 samples...
Train epoch: 1682 [0/26000 (0%)]	Loss: 0.020561
Train epoch: 1682 [257340/26000 (38%)]	Loss: 0.039365
Train epoch: 1682 [514280/26000 (77%)]	Loss: 0.008531
Make prediction for 870 samples...
epoch: 1682
AUC: 0.946653688058446
TPR:  0.8285077951002228
precision:  0.9441624365482234
accuracy:  0.8862068965517241
MCC:  0.7793184372412177
1682
Training on 26000 samples...
Train epoch: 1683 [0/26000 (0%)]	Loss: 0.018514
Train epoch: 1683 [259540/26000 (38%)]	Loss: 0.012795
Train epoch: 1683 [521960/26000 (77%)]	Loss: 0.024896
Make prediction for 870 samples...
epoch: 1683
AUC: 0.9474657327711622
TPR:  0.844097995545657
precision:  0.9475
accuracy:  0.8954022988505748
MCC:  0.7963873290423805
1683
Training on 26000 samples...
Train epoch: 1684 [0/26000 (0%)]	Loss: 0.014872
Train epoch: 1684 [272480/26000 (38%)]	Loss: 0.025277
Train epoch: 1684 [526520/26000 (77%)]	Loss: 0.026098
Make prediction for 870 samples...
epoch: 1684
AUC: 0.9454290082474117
TPR:  0.8530066815144766
precision:  0.9296116504854369
accuracy:  0.8908045977011494
MCC:  0.7848146540454661
1684
Training on 26000 samples...
Train epoch: 1685 [0/26000 (0%)]	Loss: 0.024160
Train epoch: 1685 [268180/26000 (38%)]	Loss: 0.019848
Train epoch: 1685 [515880/26000 (77%)]	Loss: 0.015379
Make prediction for 870 samples...
epoch: 1685
AUC: 0.9481137814832645
TPR:  0.8574610244988864
precision:  0.9367396593673966
accuracy:  0.896551724137931
MCC:  0.7965043033120358
1685
Training on 26000 samples...
Train epoch: 1686 [0/26000 (0%)]	Loss: 0.033581
Train epoch: 1686 [257780/26000 (38%)]	Loss: 0.022769
Train epoch: 1686 [505760/26000 (77%)]	Loss: 0.023187
Make prediction for 870 samples...
epoch: 1686
AUC: 0.9497854826508103
TPR:  0.8463251670378619
precision:  0.945273631840796
accuracy:  0.8954022988505748
MCC:  0.7959509536947206
1686
Training on 26000 samples...
Train epoch: 1687 [0/26000 (0%)]	Loss: 0.018819
Train epoch: 1687 [266840/26000 (38%)]	Loss: 0.028593
Train epoch: 1687 [521720/26000 (77%)]	Loss: 0.014348
Make prediction for 870 samples...
epoch: 1687
AUC: 0.949198271164742
TPR:  0.8552338530066815
precision:  0.9411764705882353
accuracy:  0.8977011494252873
MCC:  0.7993544818456937
1687
Training on 26000 samples...
Train epoch: 1688 [0/26000 (0%)]	Loss: 0.019175
Train epoch: 1688 [262020/26000 (38%)]	Loss: 0.017502
Train epoch: 1688 [515000/26000 (77%)]	Loss: 0.025711
Make prediction for 870 samples...
epoch: 1688
AUC: 0.946796523284787
TPR:  0.8507795100222717
precision:  0.9432098765432099
accuracy:  0.896551724137931
MCC:  0.7976343799354643
1688
Training on 26000 samples...
Train epoch: 1689 [0/26000 (0%)]	Loss: 0.023878
Train epoch: 1689 [253460/26000 (38%)]	Loss: 0.018043
Train epoch: 1689 [509920/26000 (77%)]	Loss: 0.014774
Make prediction for 870 samples...
epoch: 1689
AUC: 0.9496849689730147
TPR:  0.8530066815144766
precision:  0.945679012345679
accuracy:  0.8988505747126436
MCC:  0.802245442831533
1689
Training on 26000 samples...
Train epoch: 1690 [0/26000 (0%)]	Loss: 0.022839
Train epoch: 1690 [252340/26000 (38%)]	Loss: 0.021996
Train epoch: 1690 [519680/26000 (77%)]	Loss: 0.051842
Make prediction for 870 samples...
epoch: 1690
AUC: 0.9470821937374689
TPR:  0.8552338530066815
precision:  0.9411764705882353
accuracy:  0.8977011494252873
MCC:  0.7993544818456937
1690
Training on 26000 samples...
Train epoch: 1691 [0/26000 (0%)]	Loss: 0.022399
Train epoch: 1691 [260080/26000 (38%)]	Loss: 0.013457
Train epoch: 1691 [524200/26000 (77%)]	Loss: 0.018993
Make prediction for 870 samples...
epoch: 1691
AUC: 0.9497193552312079
TPR:  0.8485523385300668
precision:  0.9454094292803971
accuracy:  0.896551724137931
MCC:  0.7980455562691899
1691
Training on 26000 samples...
Train epoch: 1692 [0/26000 (0%)]	Loss: 0.014510
Train epoch: 1692 [253820/26000 (38%)]	Loss: 0.021112
Train epoch: 1692 [522240/26000 (77%)]	Loss: 0.015612
Make prediction for 870 samples...
epoch: 1692
AUC: 0.9494389749720943
TPR:  0.8552338530066815
precision:  0.9552238805970149
accuracy:  0.9045977011494253
MCC:  0.8144044674310974
1692
Training on 26000 samples...
Train epoch: 1693 [0/26000 (0%)]	Loss: 0.021089
Train epoch: 1693 [251760/26000 (38%)]	Loss: 0.013616
Train epoch: 1693 [525520/26000 (77%)]	Loss: 0.014418
Make prediction for 870 samples...
epoch: 1693
AUC: 0.9482486814192531
TPR:  0.8552338530066815
precision:  0.9481481481481482
accuracy:  0.9011494252873563
MCC:  0.8068565057276016
1693
Training on 26000 samples...
Train epoch: 1694 [0/26000 (0%)]	Loss: 0.027688
Train epoch: 1694 [268800/26000 (38%)]	Loss: 0.014108
Train epoch: 1694 [520200/26000 (77%)]	Loss: 0.007728
Make prediction for 870 samples...
epoch: 1694
AUC: 0.9512931878177422
TPR:  0.8530066815144766
precision:  0.945679012345679
accuracy:  0.8988505747126436
MCC:  0.802245442831533
1694
Training on 26000 samples...
Train epoch: 1695 [0/26000 (0%)]	Loss: 0.026299
Train epoch: 1695 [262920/26000 (38%)]	Loss: 0.023456
Train epoch: 1695 [515280/26000 (77%)]	Loss: 0.022110
Make prediction for 870 samples...
epoch: 1695
AUC: 0.9495447788434579
TPR:  0.8574610244988864
precision:  0.9367396593673966
accuracy:  0.896551724137931
MCC:  0.7965043033120358
1695
Training on 26000 samples...
Train epoch: 1696 [0/26000 (0%)]	Loss: 0.025888
Train epoch: 1696 [262420/26000 (38%)]	Loss: 0.017906
Train epoch: 1696 [526240/26000 (77%)]	Loss: 0.009924
Make prediction for 870 samples...
epoch: 1696
AUC: 0.94885440858281
TPR:  0.8663697104677061
precision:  0.9328537170263789
accuracy:  0.8988505747126436
MCC:  0.8001323455233684
1696
Training on 26000 samples...
Train epoch: 1697 [0/26000 (0%)]	Loss: 0.013823
Train epoch: 1697 [259940/26000 (38%)]	Loss: 0.013333
Train epoch: 1697 [534000/26000 (77%)]	Loss: 0.015775
Make prediction for 870 samples...
epoch: 1697
AUC: 0.9489258261959806
TPR:  0.844097995545657
precision:  0.9381188118811881
accuracy:  0.8908045977011494
MCC:  0.7863082798463951
1697
Training on 26000 samples...
Train epoch: 1698 [0/26000 (0%)]	Loss: 0.030786
Train epoch: 1698 [264320/26000 (38%)]	Loss: 0.016701
Train epoch: 1698 [517560/26000 (77%)]	Loss: 0.010352
Make prediction for 870 samples...
epoch: 1698
AUC: 0.9475688915457416
TPR:  0.8485523385300668
precision:  0.9384236453201971
accuracy:  0.8931034482758621
MCC:  0.7905197640199503
1698
Training on 26000 samples...
Train epoch: 1699 [0/26000 (0%)]	Loss: 0.018926
Train epoch: 1699 [257020/26000 (38%)]	Loss: 0.024481
Train epoch: 1699 [522520/26000 (77%)]	Loss: 0.011123
Make prediction for 870 samples...
epoch: 1699
AUC: 0.9460188648302642
TPR:  0.8329621380846325
precision:  0.9468354430379747
accuracy:  0.8896551724137931
MCC:  0.7860053438535143
1699
Training on 26000 samples...
Train epoch: 1700 [0/26000 (0%)]	Loss: 0.025283
Train epoch: 1700 [262740/26000 (38%)]	Loss: 0.028911
Train epoch: 1700 [509120/26000 (77%)]	Loss: 0.008280
Make prediction for 870 samples...
epoch: 1700
AUC: 0.9479206894180258
TPR:  0.8507795100222717
precision:  0.9408866995073891
accuracy:  0.8954022988505748
MCC:  0.7951301047898955
1700
Training on 26000 samples...
Train epoch: 1701 [0/26000 (0%)]	Loss: 0.026505
Train epoch: 1701 [261500/26000 (38%)]	Loss: 0.020013
Train epoch: 1701 [505200/26000 (77%)]	Loss: 0.024846
Make prediction for 870 samples...
epoch: 1701
AUC: 0.9452650122467982
TPR:  0.8351893095768375
precision:  0.9493670886075949
accuracy:  0.8919540229885058
MCC:  0.7906250003247357
1701
Training on 26000 samples...
Train epoch: 1702 [0/26000 (0%)]	Loss: 0.044181
Train epoch: 1702 [259140/26000 (38%)]	Loss: 0.025969
Train epoch: 1702 [502880/26000 (77%)]	Loss: 0.019777
Make prediction for 870 samples...
epoch: 1702
AUC: 0.9461405392823324
TPR:  0.8507795100222717
precision:  0.9408866995073891
accuracy:  0.8954022988505748
MCC:  0.7951301047898955
1702
Training on 26000 samples...
Train epoch: 1703 [0/26000 (0%)]	Loss: 0.013276
Train epoch: 1703 [261180/26000 (38%)]	Loss: 0.027764
Train epoch: 1703 [518720/26000 (77%)]	Loss: 0.028276
Make prediction for 870 samples...
epoch: 1703
AUC: 0.9488914399377872
TPR:  0.8619153674832962
precision:  0.937046004842615
accuracy:  0.8988505747126436
MCC:  0.8007678955692091
1703
Training on 26000 samples...
Train epoch: 1704 [0/26000 (0%)]	Loss: 0.027239
Train epoch: 1704 [260920/26000 (38%)]	Loss: 0.016355
Train epoch: 1704 [530440/26000 (77%)]	Loss: 0.029743
Make prediction for 870 samples...
epoch: 1704
AUC: 0.9482671970967418
TPR:  0.8307349665924276
precision:  0.9564102564102565
accuracy:  0.8931034482758621
MCC:  0.7942065360869651
1704
Training on 26000 samples...
Train epoch: 1705 [0/26000 (0%)]	Loss: 0.030456
Train epoch: 1705 [261400/26000 (38%)]	Loss: 0.020753
Train epoch: 1705 [498040/26000 (77%)]	Loss: 0.023402
Make prediction for 870 samples...
epoch: 1705
AUC: 0.9466748488327189
TPR:  0.8574610244988864
precision:  0.9344660194174758
accuracy:  0.8954022988505748
MCC:  0.7940277094491114
1705
Training on 26000 samples...
Train epoch: 1706 [0/26000 (0%)]	Loss: 0.015852
Train epoch: 1706 [263760/26000 (38%)]	Loss: 0.016147
Train epoch: 1706 [519880/26000 (77%)]	Loss: 0.025838
Make prediction for 870 samples...
epoch: 1706
AUC: 0.9459659628945823
TPR:  0.8552338530066815
precision:  0.9411764705882353
accuracy:  0.8977011494252873
MCC:  0.7993544818456937
1706
Training on 26000 samples...
Train epoch: 1707 [0/26000 (0%)]	Loss: 0.029293
Train epoch: 1707 [252860/26000 (38%)]	Loss: 0.024200
Train epoch: 1707 [511240/26000 (77%)]	Loss: 0.025039
Make prediction for 870 samples...
epoch: 1707
AUC: 0.9471721270281279
TPR:  0.8574610244988864
precision:  0.9436274509803921
accuracy:  0.9
MCC:  0.8039634527327473
1707
Training on 26000 samples...
Train epoch: 1708 [0/26000 (0%)]	Loss: 0.014757
Train epoch: 1708 [255280/26000 (38%)]	Loss: 0.016133
Train epoch: 1708 [514560/26000 (77%)]	Loss: 0.019381
Make prediction for 870 samples...
epoch: 1708
AUC: 0.9488623438731623
TPR:  0.8685968819599109
precision:  0.9263657957244655
accuracy:  0.896551724137931
MCC:  0.7949626776843765
1708
Training on 26000 samples...
Train epoch: 1709 [0/26000 (0%)]	Loss: 0.012230
Train epoch: 1709 [249480/26000 (38%)]	Loss: 0.024886
Train epoch: 1709 [507920/26000 (77%)]	Loss: 0.012303
Make prediction for 870 samples...
epoch: 1709
AUC: 0.9494839416174239
TPR:  0.8641425389755011
precision:  0.9326923076923077
accuracy:  0.8977011494252873
MCC:  0.7979825737576791
1709
Training on 26000 samples...
Train epoch: 1710 [0/26000 (0%)]	Loss: 0.011060
Train epoch: 1710 [259060/26000 (38%)]	Loss: 0.025864
Train epoch: 1710 [521400/26000 (77%)]	Loss: 0.014587
Make prediction for 870 samples...
epoch: 1710
AUC: 0.9472276740605939
TPR:  0.8574610244988864
precision:  0.9322033898305084
accuracy:  0.8942528735632184
MCC:  0.7915559385284204
1710
Training on 26000 samples...
Train epoch: 1711 [0/26000 (0%)]	Loss: 0.020927
Train epoch: 1711 [251580/26000 (38%)]	Loss: 0.026374
Train epoch: 1711 [500720/26000 (77%)]	Loss: 0.018065
Make prediction for 870 samples...
epoch: 1711
AUC: 0.9471721270281281
TPR:  0.8641425389755011
precision:  0.9304556354916067
accuracy:  0.896551724137931
MCC:  0.7955283180585025
1711
Training on 26000 samples...
Train epoch: 1712 [0/26000 (0%)]	Loss: 0.019255
Train epoch: 1712 [262240/26000 (38%)]	Loss: 0.023039
Train epoch: 1712 [514280/26000 (77%)]	Loss: 0.029300
Make prediction for 870 samples...
epoch: 1712
AUC: 0.9442016833395934
TPR:  0.8463251670378619
precision:  0.945273631840796
accuracy:  0.8954022988505748
MCC:  0.7959509536947206
1712
Training on 26000 samples...
Train epoch: 1713 [0/26000 (0%)]	Loss: 0.013823
Train epoch: 1713 [258620/26000 (38%)]	Loss: 0.026433
Train epoch: 1713 [522480/26000 (77%)]	Loss: 0.025088
Make prediction for 870 samples...
epoch: 1713
AUC: 0.9440562030164683
TPR:  0.8596881959910914
precision:  0.9278846153846154
accuracy:  0.8931034482758621
MCC:  0.7887736169055385
1713
Training on 26000 samples...
Train epoch: 1714 [0/26000 (0%)]	Loss: 0.022202
Train epoch: 1714 [255300/26000 (38%)]	Loss: 0.020313
Train epoch: 1714 [504200/26000 (77%)]	Loss: 0.017709
Make prediction for 870 samples...
epoch: 1714
AUC: 0.9440297520486274
TPR:  0.8485523385300668
precision:  0.943069306930693
accuracy:  0.8954022988505748
MCC:  0.7955318995622573
1714
Training on 26000 samples...
Train epoch: 1715 [0/26000 (0%)]	Loss: 0.017090
Train epoch: 1715 [260640/26000 (38%)]	Loss: 0.021689
Train epoch: 1715 [538200/26000 (77%)]	Loss: 0.017248
Make prediction for 870 samples...
epoch: 1715
AUC: 0.944939665342355
TPR:  0.8530066815144766
precision:  0.9364303178484108
accuracy:  0.8942528735632184
MCC:  0.7922554855400586
1715
Training on 26000 samples...
Train epoch: 1716 [0/26000 (0%)]	Loss: 0.022231
Train epoch: 1716 [255840/26000 (38%)]	Loss: 0.015801
Train epoch: 1716 [509560/26000 (77%)]	Loss: 0.022453
Make prediction for 870 samples...
epoch: 1716
AUC: 0.9464685312835597
TPR:  0.8530066815144766
precision:  0.9433497536945813
accuracy:  0.8977011494252873
MCC:  0.7997404455598408
1716
Training on 26000 samples...
Train epoch: 1717 [0/26000 (0%)]	Loss: 0.021975
Train epoch: 1717 [258100/26000 (38%)]	Loss: 0.022102
Train epoch: 1717 [525440/26000 (77%)]	Loss: 0.020789
Make prediction for 870 samples...
epoch: 1717
AUC: 0.9485528675494237
TPR:  0.844097995545657
precision:  0.9546599496221663
accuracy:  0.8988505747126436
MCC:  0.8040011189486779
1717
Training on 26000 samples...
Train epoch: 1718 [0/26000 (0%)]	Loss: 0.019892
Train epoch: 1718 [257160/26000 (38%)]	Loss: 0.013124
Train epoch: 1718 [522240/26000 (77%)]	Loss: 0.033830
Make prediction for 870 samples...
epoch: 1718
AUC: 0.9467409762523212
TPR:  0.8485523385300668
precision:  0.943069306930693
accuracy:  0.8954022988505748
MCC:  0.7955318995622573
1718
Training on 26000 samples...
Train epoch: 1719 [0/26000 (0%)]	Loss: 0.011604
Train epoch: 1719 [254120/26000 (38%)]	Loss: 0.033484
Train epoch: 1719 [504640/26000 (77%)]	Loss: 0.010310
Make prediction for 870 samples...
epoch: 1719
AUC: 0.9462860196054572
TPR:  0.8619153674832962
precision:  0.9393203883495146
accuracy:  0.9
MCC:  0.8032407648527566
1719
Training on 26000 samples...
Train epoch: 1720 [0/26000 (0%)]	Loss: 0.010996
Train epoch: 1720 [256080/26000 (38%)]	Loss: 0.018707
Train epoch: 1720 [527400/26000 (77%)]	Loss: 0.028835
Make prediction for 870 samples...
epoch: 1720
AUC: 0.9441778774685367
TPR:  0.844097995545657
precision:  0.9451371571072319
accuracy:  0.8942528735632184
MCC:  0.7938598721535957
1720
Training on 26000 samples...
Train epoch: 1721 [0/26000 (0%)]	Loss: 0.020958
Train epoch: 1721 [262500/26000 (38%)]	Loss: 0.015232
Train epoch: 1721 [497720/26000 (77%)]	Loss: 0.029794
Make prediction for 870 samples...
epoch: 1721
AUC: 0.9455295219252072
TPR:  0.8663697104677061
precision:  0.9261904761904762
accuracy:  0.8954022988505748
MCC:  0.7927963221918578
1721
Training on 26000 samples...
Train epoch: 1722 [0/26000 (0%)]	Loss: 0.017283
Train epoch: 1722 [264780/26000 (38%)]	Loss: 0.016634
Train epoch: 1722 [510960/26000 (77%)]	Loss: 0.019598
Make prediction for 870 samples...
epoch: 1722
AUC: 0.9461193785080597
TPR:  0.8507795100222717
precision:  0.9432098765432099
accuracy:  0.896551724137931
MCC:  0.7976343799354643
1722
Training on 26000 samples...
Train epoch: 1723 [0/26000 (0%)]	Loss: 0.010629
Train epoch: 1723 [269300/26000 (38%)]	Loss: 0.012777
Train epoch: 1723 [536400/26000 (77%)]	Loss: 0.018503
Make prediction for 870 samples...
epoch: 1723
AUC: 0.9453946219892186
TPR:  0.8507795100222717
precision:  0.9294403892944039
accuracy:  0.8896551724137931
MCC:  0.7826829988087454
1723
Training on 26000 samples...
Train epoch: 1724 [0/26000 (0%)]	Loss: 0.024413
Train epoch: 1724 [259840/26000 (38%)]	Loss: 0.022327
Train epoch: 1724 [503280/26000 (77%)]	Loss: 0.014422
Make prediction for 870 samples...
epoch: 1724
AUC: 0.9468414899301165
TPR:  0.8418708240534521
precision:  0.9264705882352942
accuracy:  0.8839080459770114
MCC:  0.7717006565233716
1724
Training on 26000 samples...
Train epoch: 1725 [0/26000 (0%)]	Loss: 0.022788
Train epoch: 1725 [256920/26000 (38%)]	Loss: 0.029149
Train epoch: 1725 [499760/26000 (77%)]	Loss: 0.007047
Make prediction for 870 samples...
epoch: 1725
AUC: 0.9477170169656508
TPR:  0.8418708240534521
precision:  0.945
accuracy:  0.8931034482758621
MCC:  0.7917722822411625
1725
Training on 26000 samples...
Train epoch: 1726 [0/26000 (0%)]	Loss: 0.030981
Train epoch: 1726 [256580/26000 (38%)]	Loss: 0.022099
Train epoch: 1726 [542920/26000 (77%)]	Loss: 0.023420
Make prediction for 870 samples...
epoch: 1726
AUC: 0.9438445952737411
TPR:  0.8262806236080178
precision:  0.9416243654822335
accuracy:  0.8839080459770114
MCC:  0.7746977832659983
1726
Training on 26000 samples...
Train epoch: 1727 [0/26000 (0%)]	Loss: 0.020892
Train epoch: 1727 [263700/26000 (38%)]	Loss: 0.020966
Train epoch: 1727 [506800/26000 (77%)]	Loss: 0.008986
Make prediction for 870 samples...
epoch: 1727
AUC: 0.9420803157187521
TPR:  0.8463251670378619
precision:  0.9359605911330049
accuracy:  0.8908045977011494
MCC:  0.785909423250005
1727
Training on 26000 samples...
Train epoch: 1728 [0/26000 (0%)]	Loss: 0.014462
Train epoch: 1728 [271100/26000 (38%)]	Loss: 0.021432
Train epoch: 1728 [520600/26000 (77%)]	Loss: 0.009779
Make prediction for 870 samples...
epoch: 1728
AUC: 0.9447201223092753
TPR:  0.8240534521158129
precision:  0.9414758269720102
accuracy:  0.8827586206896552
MCC:  0.7726327998222994
1728
Training on 26000 samples...
Train epoch: 1729 [0/26000 (0%)]	Loss: 0.016804
Train epoch: 1729 [261080/26000 (38%)]	Loss: 0.018139
Train epoch: 1729 [530640/26000 (77%)]	Loss: 0.022336
Make prediction for 870 samples...
epoch: 1729
AUC: 0.944013881467923
TPR:  0.8262806236080178
precision:  0.9512820512820512
accuracy:  0.8885057471264368
MCC:  0.784956741088362
1729
Training on 26000 samples...
Train epoch: 1730 [0/26000 (0%)]	Loss: 0.016030
Train epoch: 1730 [255960/26000 (38%)]	Loss: 0.035952
Train epoch: 1730 [523880/26000 (77%)]	Loss: 0.018135
Make prediction for 870 samples...
epoch: 1730
AUC: 0.9438869168222865
TPR:  0.8507795100222717
precision:  0.9249394673123487
accuracy:  0.8873563218390804
MCC:  0.7777380029672373
1730
Training on 26000 samples...
Train epoch: 1731 [0/26000 (0%)]	Loss: 0.017013
Train epoch: 1731 [254620/26000 (38%)]	Loss: 0.016220
Train epoch: 1731 [508840/26000 (77%)]	Loss: 0.014129
Make prediction for 870 samples...
epoch: 1731
AUC: 0.9455559728930482
TPR:  0.8418708240534521
precision:  0.9356435643564357
accuracy:  0.8885057471264368
MCC:  0.7816964699884639
1731
Training on 26000 samples...
Train epoch: 1732 [0/26000 (0%)]	Loss: 0.010816
Train epoch: 1732 [256940/26000 (38%)]	Loss: 0.022095
Train epoch: 1732 [519080/26000 (77%)]	Loss: 0.014066
Make prediction for 870 samples...
epoch: 1732
AUC: 0.946151119669469
TPR:  0.8307349665924276
precision:  0.951530612244898
accuracy:  0.8908045977011494
MCC:  0.7890619518958736
1732
Training on 26000 samples...
Train epoch: 1733 [0/26000 (0%)]	Loss: 0.013468
Train epoch: 1733 [258060/26000 (38%)]	Loss: 0.022031
Train epoch: 1733 [521680/26000 (77%)]	Loss: 0.039581
Make prediction for 870 samples...
epoch: 1733
AUC: 0.943812854112332
TPR:  0.8285077951002228
precision:  0.9417721518987342
accuracy:  0.8850574712643678
MCC:  0.7767660309110713
1733
Training on 26000 samples...
Train epoch: 1734 [0/26000 (0%)]	Loss: 0.017727
Train epoch: 1734 [268240/26000 (38%)]	Loss: 0.016392
Train epoch: 1734 [537040/26000 (77%)]	Loss: 0.017834
Make prediction for 870 samples...
epoch: 1734
AUC: 0.9408344751334452
TPR:  0.8195991091314031
precision:  0.9460154241645244
accuracy:  0.8827586206896552
MCC:  0.7736569854642765
1734
Training on 26000 samples...
Train epoch: 1735 [0/26000 (0%)]	Loss: 0.027565
Train epoch: 1735 [260560/26000 (38%)]	Loss: 0.021496
Train epoch: 1735 [522920/26000 (77%)]	Loss: 0.009551
Make prediction for 870 samples...
epoch: 1735
AUC: 0.9456459061837071
TPR:  0.8396436525612472
precision:  0.9496221662468514
accuracy:  0.8942528735632184
MCC:  0.7947656446062318
1735
Training on 26000 samples...
Train epoch: 1736 [0/26000 (0%)]	Loss: 0.017121
Train epoch: 1736 [259560/26000 (38%)]	Loss: 0.017604
Train epoch: 1736 [519880/26000 (77%)]	Loss: 0.015219
Make prediction for 870 samples...
epoch: 1736
AUC: 0.9456802924419005
TPR:  0.8351893095768375
precision:  0.9541984732824428
accuracy:  0.8942528735632184
MCC:  0.795741183719957
1736
Training on 26000 samples...
Train epoch: 1737 [0/26000 (0%)]	Loss: 0.016988
Train epoch: 1737 [262240/26000 (38%)]	Loss: 0.063029
Train epoch: 1737 [513440/26000 (77%)]	Loss: 0.023189
Make prediction for 870 samples...
epoch: 1737
AUC: 0.9470213565114348
TPR:  0.844097995545657
precision:  0.9427860696517413
accuracy:  0.8931034482758621
MCC:  0.7913375752606264
1737
Training on 26000 samples...
Train epoch: 1738 [0/26000 (0%)]	Loss: 0.011937
Train epoch: 1738 [258320/26000 (38%)]	Loss: 0.020010
Train epoch: 1738 [506040/26000 (77%)]	Loss: 0.021463
Make prediction for 870 samples...
epoch: 1738
AUC: 0.9468071036719232
TPR:  0.844097995545657
precision:  0.9451371571072319
accuracy:  0.8942528735632184
MCC:  0.7938598721535957
1738
Training on 26000 samples...
Train epoch: 1739 [0/26000 (0%)]	Loss: 0.022511
Train epoch: 1739 [257640/26000 (38%)]	Loss: 0.021397
Train epoch: 1739 [507240/26000 (77%)]	Loss: 0.021999
Make prediction for 870 samples...
epoch: 1739
AUC: 0.9443789048241275
TPR:  0.844097995545657
precision:  0.9358024691358025
accuracy:  0.8896551724137931
MCC:  0.7838011912472583
1739
Training on 26000 samples...
Train epoch: 1740 [0/26000 (0%)]	Loss: 0.013561
Train epoch: 1740 [266840/26000 (38%)]	Loss: 0.018127
Train epoch: 1740 [520360/26000 (77%)]	Loss: 0.012586
Make prediction for 870 samples...
epoch: 1740
AUC: 0.9446169635346957
TPR:  0.844097995545657
precision:  0.9451371571072319
accuracy:  0.8942528735632184
MCC:  0.7938598721535957
1740
Training on 26000 samples...
Train epoch: 1741 [0/26000 (0%)]	Loss: 0.032314
Train epoch: 1741 [264340/26000 (38%)]	Loss: 0.021188
Train epoch: 1741 [514400/26000 (77%)]	Loss: 0.021072
Make prediction for 870 samples...
epoch: 1741
AUC: 0.945032243729798
TPR:  0.8418708240534521
precision:  0.9473684210526315
accuracy:  0.8942528735632184
MCC:  0.7943040731956524
1741
Training on 26000 samples...
Train epoch: 1742 [0/26000 (0%)]	Loss: 0.037416
Train epoch: 1742 [253640/26000 (38%)]	Loss: 0.009569
Train epoch: 1742 [516320/26000 (77%)]	Loss: 0.020551
Make prediction for 870 samples...
epoch: 1742
AUC: 0.946534658703162
TPR:  0.8396436525612472
precision:  0.9448621553884712
accuracy:  0.8919540229885058
MCC:  0.7896881546892152
1742
Training on 26000 samples...
Train epoch: 1743 [0/26000 (0%)]	Loss: 0.025135
Train epoch: 1743 [261480/26000 (38%)]	Loss: 0.019198
Train epoch: 1743 [544760/26000 (77%)]	Loss: 0.045135
Make prediction for 870 samples...
epoch: 1743
AUC: 0.9464553057996392
TPR:  0.844097995545657
precision:  0.9381188118811881
accuracy:  0.8908045977011494
MCC:  0.7863082798463951
1743
Training on 26000 samples...
Train epoch: 1744 [0/26000 (0%)]	Loss: 0.029149
Train epoch: 1744 [263520/26000 (38%)]	Loss: 0.014847
Train epoch: 1744 [514440/26000 (77%)]	Loss: 0.008490
Make prediction for 870 samples...
epoch: 1744
AUC: 0.9448682477291845
TPR:  0.8374164810690423
precision:  0.9567430025445293
accuracy:  0.896551724137931
MCC:  0.8003628604994885
1744
Training on 26000 samples...
Train epoch: 1745 [0/26000 (0%)]	Loss: 0.015843
Train epoch: 1745 [250680/26000 (38%)]	Loss: 0.012479
Train epoch: 1745 [527080/26000 (77%)]	Loss: 0.032954
Make prediction for 870 samples...
epoch: 1745
AUC: 0.9466642684455825
TPR:  0.8374164810690423
precision:  0.9447236180904522
accuracy:  0.8908045977011494
MCC:  0.7876074603639254
1745
Training on 26000 samples...
Train epoch: 1746 [0/26000 (0%)]	Loss: 0.020895
Train epoch: 1746 [252920/26000 (38%)]	Loss: 0.030991
Train epoch: 1746 [500400/26000 (77%)]	Loss: 0.023593
Make prediction for 870 samples...
epoch: 1746
AUC: 0.9429082310121728
TPR:  0.8418708240534521
precision:  0.9333333333333333
accuracy:  0.8873563218390804
MCC:  0.7791901283511896
1746
Training on 26000 samples...
Train epoch: 1747 [0/26000 (0%)]	Loss: 0.020225
Train epoch: 1747 [264140/26000 (38%)]	Loss: 0.018040
Train epoch: 1747 [517320/26000 (77%)]	Loss: 0.020617
Make prediction for 870 samples...
epoch: 1747
AUC: 0.9449899221812526
TPR:  0.8552338530066815
precision:  0.9253012048192771
accuracy:  0.8896551724137931
MCC:  0.7820217413738418
1747
Training on 26000 samples...
Train epoch: 1748 [0/26000 (0%)]	Loss: 0.013048
Train epoch: 1748 [253440/26000 (38%)]	Loss: 0.011163
Train epoch: 1748 [504720/26000 (77%)]	Loss: 0.012842
Make prediction for 870 samples...
epoch: 1748
AUC: 0.9422866332679113
TPR:  0.8374164810690423
precision:  0.94
accuracy:  0.8885057471264368
MCC:  0.7825421886387263
1748
Training on 26000 samples...
Train epoch: 1749 [0/26000 (0%)]	Loss: 0.022445
Train epoch: 1749 [269700/26000 (38%)]	Loss: 0.026390
Train epoch: 1749 [531200/26000 (77%)]	Loss: 0.022517
Make prediction for 870 samples...
epoch: 1749
AUC: 0.9433102857233546
TPR:  0.8351893095768375
precision:  0.9328358208955224
accuracy:  0.8839080459770114
MCC:  0.7728840615242496
1749
Training on 26000 samples...
Train epoch: 1750 [0/26000 (0%)]	Loss: 0.020476
Train epoch: 1750 [256800/26000 (38%)]	Loss: 0.015511
Train epoch: 1750 [535160/26000 (77%)]	Loss: 0.022694
Make prediction for 870 samples...
epoch: 1750
AUC: 0.9430246152706727
TPR:  0.8418708240534521
precision:  0.945
accuracy:  0.8931034482758621
MCC:  0.7917722822411625
1750
Training on 26000 samples...
Train epoch: 1751 [0/26000 (0%)]	Loss: 0.030030
Train epoch: 1751 [263220/26000 (38%)]	Loss: 0.017660
Train epoch: 1751 [526400/26000 (77%)]	Loss: 0.020689
Make prediction for 870 samples...
epoch: 1751
AUC: 0.9453364298599686
TPR:  0.8418708240534521
precision:  0.9379652605459057
accuracy:  0.8896551724137931
MCC:  0.7842078111945994
1751
Training on 26000 samples...
Train epoch: 1752 [0/26000 (0%)]	Loss: 0.018030
Train epoch: 1752 [264720/26000 (38%)]	Loss: 0.021559
Train epoch: 1752 [512160/26000 (77%)]	Loss: 0.033092
Make prediction for 870 samples...
epoch: 1752
AUC: 0.9460955726370028
TPR:  0.8530066815144766
precision:  0.9364303178484108
accuracy:  0.8942528735632184
MCC:  0.7922554855400586
1752
Training on 26000 samples...
Train epoch: 1753 [0/26000 (0%)]	Loss: 0.015898
Train epoch: 1753 [257280/26000 (38%)]	Loss: 0.008294
Train epoch: 1753 [513400/26000 (77%)]	Loss: 0.026018
Make prediction for 870 samples...
epoch: 1753
AUC: 0.9448021203095822
TPR:  0.8307349665924276
precision:  0.951530612244898
accuracy:  0.8908045977011494
MCC:  0.7890619518958736
1753
Training on 26000 samples...
Train epoch: 1754 [0/26000 (0%)]	Loss: 0.024807
Train epoch: 1754 [251180/26000 (38%)]	Loss: 0.019130
Train epoch: 1754 [510560/26000 (77%)]	Loss: 0.013741
Make prediction for 870 samples...
epoch: 1754
AUC: 0.9444582577276504
TPR:  0.8485523385300668
precision:  0.9407407407407408
accuracy:  0.8942528735632184
MCC:  0.7930233170393957
1754
Training on 26000 samples...
Train epoch: 1755 [0/26000 (0%)]	Loss: 0.023367
Train epoch: 1755 [264080/26000 (38%)]	Loss: 0.019906
Train epoch: 1755 [531320/26000 (77%)]	Loss: 0.016910
Make prediction for 870 samples...
epoch: 1755
AUC: 0.943580085595332
TPR:  0.8374164810690423
precision:  0.9376558603491272
accuracy:  0.8873563218390804
MCC:  0.7800172717813314
1755
Training on 26000 samples...
Train epoch: 1756 [0/26000 (0%)]	Loss: 0.019352
Train epoch: 1756 [259380/26000 (38%)]	Loss: 0.016244
Train epoch: 1756 [510240/26000 (77%)]	Loss: 0.022692
Make prediction for 870 samples...
epoch: 1756
AUC: 0.9452226906982526
TPR:  0.8374164810690423
precision:  0.9447236180904522
accuracy:  0.8908045977011494
MCC:  0.7876074603639254
1756
Training on 26000 samples...
Train epoch: 1757 [0/26000 (0%)]	Loss: 0.017964
Train epoch: 1757 [250100/26000 (38%)]	Loss: 0.020815
Train epoch: 1757 [502840/26000 (77%)]	Loss: 0.023045
Make prediction for 870 samples...
epoch: 1757
AUC: 0.9458786747007073
TPR:  0.844097995545657
precision:  0.9475
accuracy:  0.8954022988505748
MCC:  0.7963873290423805
1757
Training on 26000 samples...
Train epoch: 1758 [0/26000 (0%)]	Loss: 0.017336
Train epoch: 1758 [252720/26000 (38%)]	Loss: 0.016988
Train epoch: 1758 [523040/26000 (77%)]	Loss: 0.009790
Make prediction for 870 samples...
epoch: 1758
AUC: 0.9459368668299573
TPR:  0.8329621380846325
precision:  0.949238578680203
accuracy:  0.8908045977011494
MCC:  0.7885597451916568
1758
Training on 26000 samples...
Train epoch: 1759 [0/26000 (0%)]	Loss: 0.015685
Train epoch: 1759 [249060/26000 (38%)]	Loss: 0.024205
Train epoch: 1759 [537840/26000 (77%)]	Loss: 0.018560
Make prediction for 870 samples...
epoch: 1759
AUC: 0.9480661697411508
TPR:  0.8418708240534521
precision:  0.9473684210526315
accuracy:  0.8942528735632184
MCC:  0.7943040731956524
1759
Training on 26000 samples...
Train epoch: 1760 [0/26000 (0%)]	Loss: 0.021161
Train epoch: 1760 [261040/26000 (38%)]	Loss: 0.016435
Train epoch: 1760 [520680/26000 (77%)]	Loss: 0.014849
Make prediction for 870 samples...
epoch: 1760
AUC: 0.9487750556792873
TPR:  0.8507795100222717
precision:  0.955
accuracy:  0.9022988505747126
MCC:  0.8102324694460348
1760
Training on 26000 samples...
Train epoch: 1761 [0/26000 (0%)]	Loss: 0.018538
Train epoch: 1761 [261920/26000 (38%)]	Loss: 0.022518
Train epoch: 1761 [527640/26000 (77%)]	Loss: 0.020116
Make prediction for 870 samples...
epoch: 1761
AUC: 0.9483809362584577
TPR:  0.8507795100222717
precision:  0.9526184538653366
accuracy:  0.9011494252873563
MCC:  0.8077024725258599
1761
Training on 26000 samples...
Train epoch: 1762 [0/26000 (0%)]	Loss: 0.024053
Train epoch: 1762 [257240/26000 (38%)]	Loss: 0.017686
Train epoch: 1762 [532880/26000 (77%)]	Loss: 0.020448
Make prediction for 870 samples...
epoch: 1762
AUC: 0.9468361997365485
TPR:  0.844097995545657
precision:  0.9475
accuracy:  0.8954022988505748
MCC:  0.7963873290423805
1762
Training on 26000 samples...
Train epoch: 1763 [0/26000 (0%)]	Loss: 0.022513
Train epoch: 1763 [268460/26000 (38%)]	Loss: 0.019991
Train epoch: 1763 [512640/26000 (77%)]	Loss: 0.009059
Make prediction for 870 samples...
epoch: 1763
AUC: 0.9470610329631961
TPR:  0.8485523385300668
precision:  0.9292682926829269
accuracy:  0.8885057471264368
MCC:  0.7805549632189699
1763
Training on 26000 samples...
Train epoch: 1764 [0/26000 (0%)]	Loss: 0.017695
Train epoch: 1764 [267280/26000 (38%)]	Loss: 0.013648
Train epoch: 1764 [522080/26000 (77%)]	Loss: 0.017009
Make prediction for 870 samples...
epoch: 1764
AUC: 0.9456247454094344
TPR:  0.8463251670378619
precision:  0.9405940594059405
accuracy:  0.8931034482758621
MCC:  0.7909200897043261
1764
Training on 26000 samples...
Train epoch: 1765 [0/26000 (0%)]	Loss: 0.013095
Train epoch: 1765 [258000/26000 (38%)]	Loss: 0.017579
Train epoch: 1765 [496840/26000 (77%)]	Loss: 0.018835
Make prediction for 870 samples...
epoch: 1765
AUC: 0.9435747954017638
TPR:  0.8418708240534521
precision:  0.942643391521197
accuracy:  0.8919540229885058
MCC:  0.7892456720295076
1765
Training on 26000 samples...
Train epoch: 1766 [0/26000 (0%)]	Loss: 0.017955
Train epoch: 1766 [260480/26000 (38%)]	Loss: 0.015056
Train epoch: 1766 [548840/26000 (77%)]	Loss: 0.010370
Make prediction for 870 samples...
epoch: 1766
AUC: 0.9416518100397293
TPR:  0.8396436525612472
precision:  0.952020202020202
accuracy:  0.8954022988505748
MCC:  0.7973123081745095
1766
Training on 26000 samples...
Train epoch: 1767 [0/26000 (0%)]	Loss: 0.015362
Train epoch: 1767 [258800/26000 (38%)]	Loss: 0.024924
Train epoch: 1767 [511360/26000 (77%)]	Loss: 0.019365
Make prediction for 870 samples...
epoch: 1767
AUC: 0.9452147554079005
TPR:  0.8374164810690423
precision:  0.947103274559194
accuracy:  0.8919540229885058
MCC:  0.7901479074350087
1767
Training on 26000 samples...
Train epoch: 1768 [0/26000 (0%)]	Loss: 0.018768
Train epoch: 1768 [257580/26000 (38%)]	Loss: 0.022833
Train epoch: 1768 [505040/26000 (77%)]	Loss: 0.022442
Make prediction for 870 samples...
epoch: 1768
AUC: 0.9451459828915141
TPR:  0.8530066815144766
precision:  0.941031941031941
accuracy:  0.896551724137931
MCC:  0.7972404829968077
1768
Training on 26000 samples...
Train epoch: 1769 [0/26000 (0%)]	Loss: 0.020880
Train epoch: 1769 [272140/26000 (38%)]	Loss: 0.027972
Train epoch: 1769 [533120/26000 (77%)]	Loss: 0.015648
Make prediction for 870 samples...
epoch: 1769
AUC: 0.9449264398584345
TPR:  0.8574610244988864
precision:  0.9367396593673966
accuracy:  0.896551724137931
MCC:  0.7965043033120358
1769
Training on 26000 samples...
Train epoch: 1770 [0/26000 (0%)]	Loss: 0.025700
Train epoch: 1770 [248740/26000 (38%)]	Loss: 0.022668
Train epoch: 1770 [511040/26000 (77%)]	Loss: 0.013403
Make prediction for 870 samples...
epoch: 1770
AUC: 0.9517375640774697
TPR:  0.8507795100222717
precision:  0.9455445544554455
accuracy:  0.8977011494252873
MCC:  0.8001437094201885
1770
Training on 26000 samples...
Train epoch: 1771 [0/26000 (0%)]	Loss: 0.019303
Train epoch: 1771 [260480/26000 (38%)]	Loss: 0.017303
Train epoch: 1771 [518200/26000 (77%)]	Loss: 0.012146
Make prediction for 870 samples...
epoch: 1771
AUC: 0.9486322204529464
TPR:  0.8485523385300668
precision:  0.9454094292803971
accuracy:  0.896551724137931
MCC:  0.7980455562691899
1771
Training on 26000 samples...
Train epoch: 1772 [0/26000 (0%)]	Loss: 0.019015
Train epoch: 1772 [257800/26000 (38%)]	Loss: 0.021274
Train epoch: 1772 [518200/26000 (77%)]	Loss: 0.015957
Make prediction for 870 samples...
epoch: 1772
AUC: 0.9467832978008665
TPR:  0.8418708240534521
precision:  0.949748743718593
accuracy:  0.8954022988505748
MCC:  0.7968410909278275
1772
Training on 26000 samples...
Train epoch: 1773 [0/26000 (0%)]	Loss: 0.019969
Train epoch: 1773 [251380/26000 (38%)]	Loss: 0.020719
Train epoch: 1773 [528960/26000 (77%)]	Loss: 0.026560
Make prediction for 870 samples...
epoch: 1773
AUC: 0.9492114966486624
TPR:  0.8463251670378619
precision:  0.95
accuracy:  0.8977011494252873
MCC:  0.8010023758435986
1773
Training on 26000 samples...
Train epoch: 1774 [0/26000 (0%)]	Loss: 0.019995
Train epoch: 1774 [259520/26000 (38%)]	Loss: 0.014638
Train epoch: 1774 [506960/26000 (77%)]	Loss: 0.016836
Make prediction for 870 samples...
epoch: 1774
AUC: 0.950417660782208
TPR:  0.8530066815144766
precision:  0.9387254901960784
accuracy:  0.8954022988505748
MCC:  0.79474551095864
1774
Training on 26000 samples...
Train epoch: 1775 [0/26000 (0%)]	Loss: 0.011642
Train epoch: 1775 [257560/26000 (38%)]	Loss: 0.023205
Train epoch: 1775 [530960/26000 (77%)]	Loss: 0.031168
Make prediction for 870 samples...
epoch: 1775
AUC: 0.9495606494241624
TPR:  0.8619153674832962
precision:  0.9347826086956522
accuracy:  0.8977011494252873
MCC:  0.7982998557882043
1775
Training on 26000 samples...
Train epoch: 1776 [0/26000 (0%)]	Loss: 0.020888
Train epoch: 1776 [262860/26000 (38%)]	Loss: 0.018928
Train epoch: 1776 [517840/26000 (77%)]	Loss: 0.027627
Make prediction for 870 samples...
epoch: 1776
AUC: 0.9480873305154235
TPR:  0.8463251670378619
precision:  0.9382716049382716
accuracy:  0.8919540229885058
MCC:  0.7884122541433269
1776
Training on 26000 samples...
Train epoch: 1777 [0/26000 (0%)]	Loss: 0.015578
Train epoch: 1777 [253240/26000 (38%)]	Loss: 0.019646
Train epoch: 1777 [519240/26000 (77%)]	Loss: 0.025009
Make prediction for 870 samples...
epoch: 1777
AUC: 0.9487300890339578
TPR:  0.8463251670378619
precision:  0.945273631840796
accuracy:  0.8954022988505748
MCC:  0.7959509536947206
1777
Training on 26000 samples...
Train epoch: 1778 [0/26000 (0%)]	Loss: 0.027704
Train epoch: 1778 [256040/26000 (38%)]	Loss: 0.017445
Train epoch: 1778 [514240/26000 (77%)]	Loss: 0.016673
Make prediction for 870 samples...
epoch: 1778
AUC: 0.9502245687169694
TPR:  0.8530066815144766
precision:  0.9387254901960784
accuracy:  0.8954022988505748
MCC:  0.79474551095864
1778
Training on 26000 samples...
Train epoch: 1779 [0/26000 (0%)]	Loss: 0.015667
Train epoch: 1779 [259980/26000 (38%)]	Loss: 0.032805
Train epoch: 1779 [507960/26000 (77%)]	Loss: 0.010209
Make prediction for 870 samples...
epoch: 1779
AUC: 0.9449687614069798
TPR:  0.8619153674832962
precision:  0.9325301204819277
accuracy:  0.896551724137931
MCC:  0.7958366030949541
1779
Training on 26000 samples...
Train epoch: 1780 [0/26000 (0%)]	Loss: 0.022282
Train epoch: 1780 [255600/26000 (38%)]	Loss: 0.032484
Train epoch: 1780 [519080/26000 (77%)]	Loss: 0.028756
Make prediction for 870 samples...
epoch: 1780
AUC: 0.9475794719328781
TPR:  0.8418708240534521
precision:  0.9402985074626866
accuracy:  0.8908045977011494
MCC:  0.7867241968265323
1780
Training on 26000 samples...
Train epoch: 1781 [0/26000 (0%)]	Loss: 0.014937
Train epoch: 1781 [257620/26000 (38%)]	Loss: 0.008188
Train epoch: 1781 [525720/26000 (77%)]	Loss: 0.024929
Make prediction for 870 samples...
epoch: 1781
AUC: 0.9478254659337984
TPR:  0.8552338530066815
precision:  0.9411764705882353
accuracy:  0.8977011494252873
MCC:  0.7993544818456937
1781
Training on 26000 samples...
Train epoch: 1782 [0/26000 (0%)]	Loss: 0.026309
Train epoch: 1782 [259120/26000 (38%)]	Loss: 0.022202
Train epoch: 1782 [509360/26000 (77%)]	Loss: 0.029764
Make prediction for 870 samples...
epoch: 1782
AUC: 0.9496373572309011
TPR:  0.844097995545657
precision:  0.9475
accuracy:  0.8954022988505748
MCC:  0.7963873290423805
1782
Training on 26000 samples...
Train epoch: 1783 [0/26000 (0%)]	Loss: 0.027601
Train epoch: 1783 [272540/26000 (38%)]	Loss: 0.025517
Train epoch: 1783 [513560/26000 (77%)]	Loss: 0.018596
Make prediction for 870 samples...
epoch: 1783
AUC: 0.9453575906342414
TPR:  0.8507795100222717
precision:  0.9317073170731708
accuracy:  0.8908045977011494
MCC:  0.7851626631646919
1783
Training on 26000 samples...
Train epoch: 1784 [0/26000 (0%)]	Loss: 0.017772
Train epoch: 1784 [249820/26000 (38%)]	Loss: 0.040931
Train epoch: 1784 [512720/26000 (77%)]	Loss: 0.019098
Make prediction for 870 samples...
epoch: 1784
AUC: 0.9462225372826392
TPR:  0.8641425389755011
precision:  0.9304556354916067
accuracy:  0.896551724137931
MCC:  0.7955283180585025
1784
Training on 26000 samples...
Train epoch: 1785 [0/26000 (0%)]	Loss: 0.036870
Train epoch: 1785 [279260/26000 (38%)]	Loss: 0.018502
Train epoch: 1785 [514480/26000 (77%)]	Loss: 0.026072
Make prediction for 870 samples...
epoch: 1785
AUC: 0.9465187881224575
TPR:  0.8463251670378619
precision:  0.9382716049382716
accuracy:  0.8919540229885058
MCC:  0.7884122541433269
1785
Training on 26000 samples...
Train epoch: 1786 [0/26000 (0%)]	Loss: 0.016828
Train epoch: 1786 [260000/26000 (38%)]	Loss: 0.017516
Train epoch: 1786 [517800/26000 (77%)]	Loss: 0.014718
Make prediction for 870 samples...
epoch: 1786
AUC: 0.9474525072872415
TPR:  0.8596881959910914
precision:  0.9437652811735942
accuracy:  0.9011494252873563
MCC:  0.8060804547332708
1786
Training on 26000 samples...
Train epoch: 1787 [0/26000 (0%)]	Loss: 0.035467
Train epoch: 1787 [264420/26000 (38%)]	Loss: 0.034486
Train epoch: 1787 [521200/26000 (77%)]	Loss: 0.027582
Make prediction for 870 samples...
epoch: 1787
AUC: 0.9489496320670373
TPR:  0.8396436525612472
precision:  0.9472361809045227
accuracy:  0.8931034482758621
MCC:  0.7922242756458764
1787
Training on 26000 samples...
Train epoch: 1788 [0/26000 (0%)]	Loss: 0.021092
Train epoch: 1788 [254080/26000 (38%)]	Loss: 0.021428
Train epoch: 1788 [507560/26000 (77%)]	Loss: 0.028395
Make prediction for 870 samples...
epoch: 1788
AUC: 0.9490131143898555
TPR:  0.8418708240534521
precision:  0.9402985074626866
accuracy:  0.8908045977011494
MCC:  0.7867241968265323
1788
Training on 26000 samples...
Train epoch: 1789 [0/26000 (0%)]	Loss: 0.006906
Train epoch: 1789 [269160/26000 (38%)]	Loss: 0.048148
Train epoch: 1789 [536440/26000 (77%)]	Loss: 0.012875
Make prediction for 870 samples...
epoch: 1789
AUC: 0.9452967534082072
TPR:  0.8552338530066815
precision:  0.9458128078817734
accuracy:  0.9
MCC:  0.8043507863297861
1789
Training on 26000 samples...
Train epoch: 1790 [0/26000 (0%)]	Loss: 0.021311
Train epoch: 1790 [264180/26000 (38%)]	Loss: 0.031160
Train epoch: 1790 [528840/26000 (77%)]	Loss: 0.018117
Make prediction for 870 samples...
epoch: 1790
AUC: 0.9450428241169344
TPR:  0.8485523385300668
precision:  0.9454094292803971
accuracy:  0.896551724137931
MCC:  0.7980455562691899
1790
Training on 26000 samples...
Train epoch: 1791 [0/26000 (0%)]	Loss: 0.020487
Train epoch: 1791 [258120/26000 (38%)]	Loss: 0.018128
Train epoch: 1791 [507280/26000 (77%)]	Loss: 0.007826
Make prediction for 870 samples...
epoch: 1791
AUC: 0.9451830142464914
TPR:  0.8596881959910914
precision:  0.9437652811735942
accuracy:  0.9011494252873563
MCC:  0.8060804547332708
1791
Training on 26000 samples...
Train epoch: 1792 [0/26000 (0%)]	Loss: 0.009781
Train epoch: 1792 [249320/26000 (38%)]	Loss: 0.021001
Train epoch: 1792 [518320/26000 (77%)]	Loss: 0.024331
Make prediction for 870 samples...
epoch: 1792
AUC: 0.9461352490887642
TPR:  0.8507795100222717
precision:  0.9432098765432099
accuracy:  0.896551724137931
MCC:  0.7976343799354643
1792
Training on 26000 samples...
Train epoch: 1793 [0/26000 (0%)]	Loss: 0.015230
Train epoch: 1793 [259900/26000 (38%)]	Loss: 0.019158
Train epoch: 1793 [499160/26000 (77%)]	Loss: 0.021634
Make prediction for 870 samples...
epoch: 1793
AUC: 0.9460320903141846
TPR:  0.8507795100222717
precision:  0.9455445544554455
accuracy:  0.8977011494252873
MCC:  0.8001437094201885
1793
Training on 26000 samples...
Train epoch: 1794 [0/26000 (0%)]	Loss: 0.013442
Train epoch: 1794 [258520/26000 (38%)]	Loss: 0.017245
Train epoch: 1794 [545840/26000 (77%)]	Loss: 0.016669
Make prediction for 870 samples...
epoch: 1794
AUC: 0.9469816800596734
TPR:  0.8418708240534521
precision:  0.9473684210526315
accuracy:  0.8942528735632184
MCC:  0.7943040731956524
1794
Training on 26000 samples...
Train epoch: 1795 [0/26000 (0%)]	Loss: 0.018682
Train epoch: 1795 [268760/26000 (38%)]	Loss: 0.013339
Train epoch: 1795 [502840/26000 (77%)]	Loss: 0.031799
Make prediction for 870 samples...
epoch: 1795
AUC: 0.943839305080173
TPR:  0.8507795100222717
precision:  0.9478908188585607
accuracy:  0.8988505747126436
MCC:  0.80265813796072
1795
Training on 26000 samples...
Train epoch: 1796 [0/26000 (0%)]	Loss: 0.015069
Train epoch: 1796 [258480/26000 (38%)]	Loss: 0.022827
Train epoch: 1796 [527840/26000 (77%)]	Loss: 0.038754
Make prediction for 870 samples...
epoch: 1796
AUC: 0.9456855826354686
TPR:  0.8663697104677061
precision:  0.930622009569378
accuracy:  0.8977011494252873
MCC:  0.7976823492299846
1796
Training on 26000 samples...
Train epoch: 1797 [0/26000 (0%)]	Loss: 0.029840
Train epoch: 1797 [269200/26000 (38%)]	Loss: 0.031747
Train epoch: 1797 [511280/26000 (77%)]	Loss: 0.034828
Make prediction for 870 samples...
epoch: 1797
AUC: 0.9500076707806739
TPR:  0.8708240534521158
precision:  0.9376498800959233
accuracy:  0.903448275862069
MCC:  0.8093404004531002
1797
Training on 26000 samples...
Train epoch: 1798 [0/26000 (0%)]	Loss: 0.010173
Train epoch: 1798 [257480/26000 (38%)]	Loss: 0.023288
Train epoch: 1798 [522800/26000 (77%)]	Loss: 0.016651
Make prediction for 870 samples...
epoch: 1798
AUC: 0.9466325272841731
TPR:  0.8619153674832962
precision:  0.9485294117647058
accuracy:  0.9045977011494253
MCC:  0.8131813945068547
1798
Training on 26000 samples...
Train epoch: 1799 [0/26000 (0%)]	Loss: 0.027389
Train epoch: 1799 [258660/26000 (38%)]	Loss: 0.023114
Train epoch: 1799 [514520/26000 (77%)]	Loss: 0.016445
Make prediction for 870 samples...
epoch: 1799
AUC: 0.9437493717895136
TPR:  0.8596881959910914
precision:  0.9368932038834952
accuracy:  0.8977011494252873
MCC:  0.7986342371509341
1799
Training on 26000 samples...
Train epoch: 1800 [0/26000 (0%)]	Loss: 0.013273
Train epoch: 1800 [258920/26000 (38%)]	Loss: 0.010544
Train epoch: 1800 [522520/26000 (77%)]	Loss: 0.021626
Make prediction for 870 samples...
epoch: 1800
AUC: 0.9471059996085256
TPR:  0.8507795100222717
precision:  0.9526184538653366
accuracy:  0.9011494252873563
MCC:  0.8077024725258599
1800
Training on 26000 samples...
Train epoch: 1801 [0/26000 (0%)]	Loss: 0.015373
Train epoch: 1801 [255840/26000 (38%)]	Loss: 0.016036
Train epoch: 1801 [537840/26000 (77%)]	Loss: 0.016424
Make prediction for 870 samples...
epoch: 1801
AUC: 0.9489945987123669
TPR:  0.8574610244988864
precision:  0.9459459459459459
accuracy:  0.9011494252873563
MCC:  0.8064597698863878
1801
Training on 26000 samples...
Train epoch: 1802 [0/26000 (0%)]	Loss: 0.021601
Train epoch: 1802 [269640/26000 (38%)]	Loss: 0.018629
Train epoch: 1802 [502240/26000 (77%)]	Loss: 0.009336
Make prediction for 870 samples...
epoch: 1802
AUC: 0.9498225140057875
TPR:  0.8641425389755011
precision:  0.9440389294403893
accuracy:  0.903448275862069
MCC:  0.8103256078153263
1802
Training on 26000 samples...
Train epoch: 1803 [0/26000 (0%)]	Loss: 0.022328
Train epoch: 1803 [257120/26000 (38%)]	Loss: 0.027787
Train epoch: 1803 [523800/26000 (77%)]	Loss: 0.024882
Make prediction for 870 samples...
epoch: 1803
AUC: 0.9510974506557194
TPR:  0.8708240534521158
precision:  0.9467312348668281
accuracy:  0.9080459770114943
MCC:  0.8191918096507868
1803
Training on 26000 samples...
Train epoch: 1804 [0/26000 (0%)]	Loss: 0.016673
Train epoch: 1804 [269500/26000 (38%)]	Loss: 0.010313
Train epoch: 1804 [485560/26000 (77%)]	Loss: 0.019500
Make prediction for 870 samples...
epoch: 1804
AUC: 0.9490395653576964
TPR:  0.8619153674832962
precision:  0.9508599508599509
accuracy:  0.9057471264367816
MCC:  0.8156790567759679
1804
Training on 26000 samples...
Train epoch: 1805 [0/26000 (0%)]	Loss: 0.012389
Train epoch: 1805 [258040/26000 (38%)]	Loss: 0.016139
Train epoch: 1805 [539680/26000 (77%)]	Loss: 0.024489
Make prediction for 870 samples...
epoch: 1805
AUC: 0.9478360463209349
TPR:  0.8663697104677061
precision:  0.9373493975903614
accuracy:  0.9011494252873563
MCC:  0.8050465109090289
1805
Training on 26000 samples...
Train epoch: 1806 [0/26000 (0%)]	Loss: 0.012921
Train epoch: 1806 [261220/26000 (38%)]	Loss: 0.028833
Train epoch: 1806 [518760/26000 (77%)]	Loss: 0.013666
Make prediction for 870 samples...
epoch: 1806
AUC: 0.9471694819313439
TPR:  0.8552338530066815
precision:  0.9434889434889435
accuracy:  0.8988505747126436
MCC:  0.8018501264415977
1806
Training on 26000 samples...
Train epoch: 1807 [0/26000 (0%)]	Loss: 0.015098
Train epoch: 1807 [255900/26000 (38%)]	Loss: 0.019845
Train epoch: 1807 [513960/26000 (77%)]	Loss: 0.016769
Make prediction for 870 samples...
epoch: 1807
AUC: 0.9435747954017638
TPR:  0.8641425389755011
precision:  0.91725768321513
accuracy:  0.8896551724137931
MCC:  0.780899745556179
1807
Training on 26000 samples...
Train epoch: 1808 [0/26000 (0%)]	Loss: 0.017598
Train epoch: 1808 [256980/26000 (38%)]	Loss: 0.014445
Train epoch: 1808 [529080/26000 (77%)]	Loss: 0.017236
Make prediction for 870 samples...
epoch: 1808
AUC: 0.947084838834253
TPR:  0.8485523385300668
precision:  0.9384236453201971
accuracy:  0.8931034482758621
MCC:  0.7905197640199503
1808
Training on 26000 samples...
Train epoch: 1809 [0/26000 (0%)]	Loss: 0.019828
Train epoch: 1809 [253640/26000 (38%)]	Loss: 0.019203
Train epoch: 1809 [513360/26000 (77%)]	Loss: 0.020800
Make prediction for 870 samples...
epoch: 1809
AUC: 0.9482063598707077
TPR:  0.8530066815144766
precision:  0.9318734793187348
accuracy:  0.8919540229885058
MCC:  0.7872901003098421
1809
Training on 26000 samples...
Train epoch: 1810 [0/26000 (0%)]	Loss: 0.012895
Train epoch: 1810 [259160/26000 (38%)]	Loss: 0.011793
Train epoch: 1810 [527160/26000 (77%)]	Loss: 0.013150
Make prediction for 870 samples...
epoch: 1810
AUC: 0.9473652190933666
TPR:  0.8507795100222717
precision:  0.9432098765432099
accuracy:  0.896551724137931
MCC:  0.7976343799354643
1810
Training on 26000 samples...
Train epoch: 1811 [0/26000 (0%)]	Loss: 0.014116
Train epoch: 1811 [262280/26000 (38%)]	Loss: 0.012785
Train epoch: 1811 [545400/26000 (77%)]	Loss: 0.021140
Make prediction for 870 samples...
epoch: 1811
AUC: 0.9466272370906051
TPR:  0.8507795100222717
precision:  0.9432098765432099
accuracy:  0.896551724137931
MCC:  0.7976343799354643
1811
Training on 26000 samples...
Train epoch: 1812 [0/26000 (0%)]	Loss: 0.012666
Train epoch: 1812 [263480/26000 (38%)]	Loss: 0.020240
Train epoch: 1812 [520680/26000 (77%)]	Loss: 0.018904
Make prediction for 870 samples...
epoch: 1812
AUC: 0.945870739410355
TPR:  0.8396436525612472
precision:  0.9448621553884712
accuracy:  0.8919540229885058
MCC:  0.7896881546892152
1812
Training on 26000 samples...
Train epoch: 1813 [0/26000 (0%)]	Loss: 0.013766
Train epoch: 1813 [265260/26000 (38%)]	Loss: 0.009716
Train epoch: 1813 [512160/26000 (77%)]	Loss: 0.020944
Make prediction for 870 samples...
epoch: 1813
AUC: 0.9489126007120601
TPR:  0.8485523385300668
precision:  0.943069306930693
accuracy:  0.8954022988505748
MCC:  0.7955318995622573
1813
Training on 26000 samples...
Train epoch: 1814 [0/26000 (0%)]	Loss: 0.011550
Train epoch: 1814 [261460/26000 (38%)]	Loss: 0.024868
Train epoch: 1814 [524320/26000 (77%)]	Loss: 0.023667
Make prediction for 870 samples...
epoch: 1814
AUC: 0.9470292918017871
TPR:  0.8574610244988864
precision:  0.941320293398533
accuracy:  0.8988505747126436
MCC:  0.8014721316688668
1814
Training on 26000 samples...
Train epoch: 1815 [0/26000 (0%)]	Loss: 0.021777
Train epoch: 1815 [250580/26000 (38%)]	Loss: 0.013522
Train epoch: 1815 [510120/26000 (77%)]	Loss: 0.015535
Make prediction for 870 samples...
epoch: 1815
AUC: 0.9466589782520143
TPR:  0.8463251670378619
precision:  0.95
accuracy:  0.8977011494252873
MCC:  0.8010023758435986
1815
Training on 26000 samples...
Train epoch: 1816 [0/26000 (0%)]	Loss: 0.030055
Train epoch: 1816 [260260/26000 (38%)]	Loss: 0.011198
Train epoch: 1816 [504800/26000 (77%)]	Loss: 0.024667
Make prediction for 870 samples...
epoch: 1816
AUC: 0.9462622137344007
TPR:  0.8530066815144766
precision:  0.9433497536945813
accuracy:  0.8977011494252873
MCC:  0.7997404455598408
1816
Training on 26000 samples...
Train epoch: 1817 [0/26000 (0%)]	Loss: 0.018153
Train epoch: 1817 [262520/26000 (38%)]	Loss: 0.024690
Train epoch: 1817 [526280/26000 (77%)]	Loss: 0.012744
Make prediction for 870 samples...
epoch: 1817
AUC: 0.9463256960572188
TPR:  0.8619153674832962
precision:  0.9214285714285714
accuracy:  0.8908045977011494
MCC:  0.7835906792114519
1817
Training on 26000 samples...
Train epoch: 1818 [0/26000 (0%)]	Loss: 0.006535
Train epoch: 1818 [268220/26000 (38%)]	Loss: 0.019730
Train epoch: 1818 [518280/26000 (77%)]	Loss: 0.019133
Make prediction for 870 samples...
epoch: 1818
AUC: 0.9501452158134467
TPR:  0.8663697104677061
precision:  0.9418886198547215
accuracy:  0.903448275862069
MCC:  0.8099798526099979
1818
Training on 26000 samples...
Train epoch: 1819 [0/26000 (0%)]	Loss: 0.020794
Train epoch: 1819 [260460/26000 (38%)]	Loss: 0.019259
Train epoch: 1819 [533000/26000 (77%)]	Loss: 0.021278
Make prediction for 870 samples...
epoch: 1819
AUC: 0.9478413365145031
TPR:  0.8485523385300668
precision:  0.9501246882793017
accuracy:  0.8988505747126436
MCC:  0.8030882724017718
1819
Training on 26000 samples...
Train epoch: 1820 [0/26000 (0%)]	Loss: 0.028476
Train epoch: 1820 [264240/26000 (38%)]	Loss: 0.018696
Train epoch: 1820 [514600/26000 (77%)]	Loss: 0.019603
Make prediction for 870 samples...
epoch: 1820
AUC: 0.9477884345788213
TPR:  0.8507795100222717
precision:  0.9455445544554455
accuracy:  0.8977011494252873
MCC:  0.8001437094201885
1820
Training on 26000 samples...
Train epoch: 1821 [0/26000 (0%)]	Loss: 0.014329
Train epoch: 1821 [255820/26000 (38%)]	Loss: 0.035283
Train epoch: 1821 [535160/26000 (77%)]	Loss: 0.016592
Make prediction for 870 samples...
epoch: 1821
AUC: 0.9484417734844918
TPR:  0.8396436525612472
precision:  0.9425
accuracy:  0.8908045977011494
MCC:  0.7871572354399443
1821
Training on 26000 samples...
Train epoch: 1822 [0/26000 (0%)]	Loss: 0.011261
Train epoch: 1822 [251700/26000 (38%)]	Loss: 0.015133
Train epoch: 1822 [526640/26000 (77%)]	Loss: 0.035259
Make prediction for 870 samples...
epoch: 1822
AUC: 0.9457940316036164
TPR:  0.8663697104677061
precision:  0.9328537170263789
accuracy:  0.8988505747126436
MCC:  0.8001323455233684
1822
Training on 26000 samples...
Train epoch: 1823 [0/26000 (0%)]	Loss: 0.028302
Train epoch: 1823 [268700/26000 (38%)]	Loss: 0.026694
Train epoch: 1823 [546320/26000 (77%)]	Loss: 0.011603
Make prediction for 870 samples...
epoch: 1823
AUC: 0.94879621645356
TPR:  0.8596881959910914
precision:  0.9391727493917275
accuracy:  0.8988505747126436
MCC:  0.8011114048131326
1823
Training on 26000 samples...
Train epoch: 1824 [0/26000 (0%)]	Loss: 0.023562
Train epoch: 1824 [260780/26000 (38%)]	Loss: 0.027594
Train epoch: 1824 [525320/26000 (77%)]	Loss: 0.016538
Make prediction for 870 samples...
epoch: 1824
AUC: 0.9458733845071392
TPR:  0.8641425389755011
precision:  0.941747572815534
accuracy:  0.9022988505747126
MCC:  0.8078472925545793
1824
Training on 26000 samples...
Train epoch: 1825 [0/26000 (0%)]	Loss: 0.027603
Train epoch: 1825 [260420/26000 (38%)]	Loss: 0.013592
Train epoch: 1825 [529160/26000 (77%)]	Loss: 0.046240
Make prediction for 870 samples...
epoch: 1825
AUC: 0.9429584878510704
TPR:  0.844097995545657
precision:  0.9334975369458128
accuracy:  0.8885057471264368
MCC:  0.7812990824800597
1825
Training on 26000 samples...
Train epoch: 1826 [0/26000 (0%)]	Loss: 0.014330
Train epoch: 1826 [251540/26000 (38%)]	Loss: 0.013771
Train epoch: 1826 [513680/26000 (77%)]	Loss: 0.014662
Make prediction for 870 samples...
epoch: 1826
AUC: 0.9427971369472409
TPR:  0.8574610244988864
precision:  0.941320293398533
accuracy:  0.8988505747126436
MCC:  0.8014721316688668
1826
Training on 26000 samples...
Train epoch: 1827 [0/26000 (0%)]	Loss: 0.013797
Train epoch: 1827 [257180/26000 (38%)]	Loss: 0.013256
Train epoch: 1827 [487160/26000 (77%)]	Loss: 0.023559
Make prediction for 870 samples...
epoch: 1827
AUC: 0.9488676340667304
TPR:  0.8418708240534521
precision:  0.949748743718593
accuracy:  0.8954022988505748
MCC:  0.7968410909278275
1827
Training on 26000 samples...
Train epoch: 1828 [0/26000 (0%)]	Loss: 0.022238
Train epoch: 1828 [261860/26000 (38%)]	Loss: 0.036328
Train epoch: 1828 [505600/26000 (77%)]	Loss: 0.014318
Make prediction for 870 samples...
epoch: 1828
AUC: 0.9452226906982527
TPR:  0.8507795100222717
precision:  0.9455445544554455
accuracy:  0.8977011494252873
MCC:  0.8001437094201885
1828
Training on 26000 samples...
Train epoch: 1829 [0/26000 (0%)]	Loss: 0.021657
Train epoch: 1829 [258540/26000 (38%)]	Loss: 0.021210
Train epoch: 1829 [528720/26000 (77%)]	Loss: 0.027421
Make prediction for 870 samples...
epoch: 1829
AUC: 0.9436012463696045
TPR:  0.8463251670378619
precision:  0.9405940594059405
accuracy:  0.8931034482758621
MCC:  0.7909200897043261
1829
Training on 26000 samples...
Train epoch: 1830 [0/26000 (0%)]	Loss: 0.029092
Train epoch: 1830 [256140/26000 (38%)]	Loss: 0.022825
Train epoch: 1830 [522560/26000 (77%)]	Loss: 0.021060
Make prediction for 870 samples...
epoch: 1830
AUC: 0.9432600288844569
TPR:  0.8574610244988864
precision:  0.941320293398533
accuracy:  0.8988505747126436
MCC:  0.8014721316688668
1830
Training on 26000 samples...
Train epoch: 1831 [0/26000 (0%)]	Loss: 0.027299
Train epoch: 1831 [258860/26000 (38%)]	Loss: 0.012543
Train epoch: 1831 [538520/26000 (77%)]	Loss: 0.010373
Make prediction for 870 samples...
epoch: 1831
AUC: 0.9457675806357755
TPR:  0.8574610244988864
precision:  0.9506172839506173
accuracy:  0.903448275862069
MCC:  0.8114675686236703
1831
Training on 26000 samples...
Train epoch: 1832 [0/26000 (0%)]	Loss: 0.033704
Train epoch: 1832 [262880/26000 (38%)]	Loss: 0.011496
Train epoch: 1832 [509920/26000 (77%)]	Loss: 0.009196
Make prediction for 870 samples...
epoch: 1832
AUC: 0.9448232810838549
TPR:  0.8574610244988864
precision:  0.9436274509803921
accuracy:  0.9
MCC:  0.8039634527327473
1832
Training on 26000 samples...
Train epoch: 1833 [0/26000 (0%)]	Loss: 0.017464
Train epoch: 1833 [256480/26000 (38%)]	Loss: 0.028595
Train epoch: 1833 [508040/26000 (77%)]	Loss: 0.035034
Make prediction for 870 samples...
epoch: 1833
AUC: 0.9430775172063545
TPR:  0.8663697104677061
precision:  0.9396135265700483
accuracy:  0.9022988505747126
MCC:  0.8075107636492124
1833
Training on 26000 samples...
Train epoch: 1834 [0/26000 (0%)]	Loss: 0.016966
Train epoch: 1834 [259880/26000 (38%)]	Loss: 0.019490
Train epoch: 1834 [522560/26000 (77%)]	Loss: 0.017430
Make prediction for 870 samples...
epoch: 1834
AUC: 0.9435430542403547
TPR:  0.8507795100222717
precision:  0.9385749385749386
accuracy:  0.8942528735632184
MCC:  0.7926308395520176
1834
Training on 26000 samples...
Train epoch: 1835 [0/26000 (0%)]	Loss: 0.028612
Train epoch: 1835 [252060/26000 (38%)]	Loss: 0.008386
Train epoch: 1835 [497040/26000 (77%)]	Loss: 0.020549
Make prediction for 870 samples...
epoch: 1835
AUC: 0.9446910262446503
TPR:  0.8329621380846325
precision:  0.9444444444444444
accuracy:  0.8885057471264368
MCC:  0.7834562555175677
1835
Training on 26000 samples...
Train epoch: 1836 [0/26000 (0%)]	Loss: 0.011959
Train epoch: 1836 [260320/26000 (38%)]	Loss: 0.023074
Train epoch: 1836 [533600/26000 (77%)]	Loss: 0.019426
Make prediction for 870 samples...
epoch: 1836
AUC: 0.9456564865708436
TPR:  0.8507795100222717
precision:  0.9432098765432099
accuracy:  0.896551724137931
MCC:  0.7976343799354643
1836
Training on 26000 samples...
Train epoch: 1837 [0/26000 (0%)]	Loss: 0.021744
Train epoch: 1837 [257440/26000 (38%)]	Loss: 0.018384
Train epoch: 1837 [528320/26000 (77%)]	Loss: 0.015650
Make prediction for 870 samples...
epoch: 1837
AUC: 0.9454924905702298
TPR:  0.8641425389755011
precision:  0.9238095238095239
accuracy:  0.8931034482758621
MCC:  0.7881935007016548
1837
Training on 26000 samples...
Train epoch: 1838 [0/26000 (0%)]	Loss: 0.009917
Train epoch: 1838 [270620/26000 (38%)]	Loss: 0.025639
Train epoch: 1838 [505280/26000 (77%)]	Loss: 0.019206
Make prediction for 870 samples...
epoch: 1838
AUC: 0.9470954192213893
TPR:  0.8574610244988864
precision:  0.9459459459459459
accuracy:  0.9011494252873563
MCC:  0.8064597698863878
1838
Training on 26000 samples...
Train epoch: 1839 [0/26000 (0%)]	Loss: 0.026674
Train epoch: 1839 [262380/26000 (38%)]	Loss: 0.011257
Train epoch: 1839 [528760/26000 (77%)]	Loss: 0.018415
Make prediction for 870 samples...
epoch: 1839
AUC: 0.9464738214771279
TPR:  0.8552338530066815
precision:  0.9434889434889435
accuracy:  0.8988505747126436
MCC:  0.8018501264415977
1839
Training on 26000 samples...
Train epoch: 1840 [0/26000 (0%)]	Loss: 0.014722
Train epoch: 1840 [258040/26000 (38%)]	Loss: 0.015948
Train epoch: 1840 [502520/26000 (77%)]	Loss: 0.012995
Make prediction for 870 samples...
epoch: 1840
AUC: 0.9452755926339345
TPR:  0.8418708240534521
precision:  0.9521410579345088
accuracy:  0.896551724137931
MCC:  0.7993833817774548
1840
Training on 26000 samples...
Train epoch: 1841 [0/26000 (0%)]	Loss: 0.024350
Train epoch: 1841 [257240/26000 (38%)]	Loss: 0.021701
Train epoch: 1841 [530120/26000 (77%)]	Loss: 0.012177
Make prediction for 870 samples...
epoch: 1841
AUC: 0.9472514799316507
TPR:  0.8685968819599109
precision:  0.948905109489051
accuracy:  0.9080459770114943
MCC:  0.8195398108175198
1841
Training on 26000 samples...
Train epoch: 1842 [0/26000 (0%)]	Loss: 0.018497
Train epoch: 1842 [264720/26000 (38%)]	Loss: 0.018230
Train epoch: 1842 [505760/26000 (77%)]	Loss: 0.015854
Make prediction for 870 samples...
epoch: 1842
AUC: 0.9445323204376048
TPR:  0.8574610244988864
precision:  0.9482758620689655
accuracy:  0.9022988505747126
MCC:  0.8089611270997313
1842
Training on 26000 samples...
Train epoch: 1843 [0/26000 (0%)]	Loss: 0.015448
Train epoch: 1843 [256060/26000 (38%)]	Loss: 0.018219
Train epoch: 1843 [506040/26000 (77%)]	Loss: 0.016209
Make prediction for 870 samples...
epoch: 1843
AUC: 0.9453443651503209
TPR:  0.8530066815144766
precision:  0.9387254901960784
accuracy:  0.8954022988505748
MCC:  0.79474551095864
1843
Training on 26000 samples...
Train epoch: 1844 [0/26000 (0%)]	Loss: 0.017540
Train epoch: 1844 [261620/26000 (38%)]	Loss: 0.008505
Train epoch: 1844 [517760/26000 (77%)]	Loss: 0.017350
Make prediction for 870 samples...
epoch: 1844
AUC: 0.9427336546244227
TPR:  0.8485523385300668
precision:  0.9477611940298507
accuracy:  0.8977011494252873
MCC:  0.8005643321288148
1844
Training on 26000 samples...
Train epoch: 1845 [0/26000 (0%)]	Loss: 0.012360
Train epoch: 1845 [264080/26000 (38%)]	Loss: 0.016004
Train epoch: 1845 [525560/26000 (77%)]	Loss: 0.029032
Make prediction for 870 samples...
epoch: 1845
AUC: 0.9436435679181503
TPR:  0.8507795100222717
precision:  0.9339853300733496
accuracy:  0.8919540229885058
MCC:  0.7876471624756546
1845
Training on 26000 samples...
Train epoch: 1846 [0/26000 (0%)]	Loss: 0.023919
Train epoch: 1846 [263460/26000 (38%)]	Loss: 0.030320
Train epoch: 1846 [516280/26000 (77%)]	Loss: 0.029482
Make prediction for 870 samples...
epoch: 1846
AUC: 0.9425881743012976
TPR:  0.844097995545657
precision:  0.9451371571072319
accuracy:  0.8942528735632184
MCC:  0.7938598721535957
1846
Training on 26000 samples...
Train epoch: 1847 [0/26000 (0%)]	Loss: 0.018442
Train epoch: 1847 [267740/26000 (38%)]	Loss: 0.019414
Train epoch: 1847 [497600/26000 (77%)]	Loss: 0.019429
Make prediction for 870 samples...
epoch: 1847
AUC: 0.9418766432663772
TPR:  0.8374164810690423
precision:  0.9423558897243107
accuracy:  0.8896551724137931
MCC:  0.7850722361827779
1847
Training on 26000 samples...
Train epoch: 1848 [0/26000 (0%)]	Loss: 0.019066
Train epoch: 1848 [267160/26000 (38%)]	Loss: 0.025032
Train epoch: 1848 [504880/26000 (77%)]	Loss: 0.021467
Make prediction for 870 samples...
epoch: 1848
AUC: 0.9455401023123436
TPR:  0.8596881959910914
precision:  0.9323671497584541
accuracy:  0.8954022988505748
MCC:  0.7936944018577001
1848
Training on 26000 samples...
Train epoch: 1849 [0/26000 (0%)]	Loss: 0.011806
Train epoch: 1849 [262820/26000 (38%)]	Loss: 0.019039
Train epoch: 1849 [513080/26000 (77%)]	Loss: 0.021653
Make prediction for 870 samples...
epoch: 1849
AUC: 0.9443577440498548
TPR:  0.8418708240534521
precision:  0.9333333333333333
accuracy:  0.8873563218390804
MCC:  0.7791901283511896
1849
Training on 26000 samples...
Train epoch: 1850 [0/26000 (0%)]	Loss: 0.017430
Train epoch: 1850 [267220/26000 (38%)]	Loss: 0.020752
Train epoch: 1850 [515240/26000 (77%)]	Loss: 0.013490
Make prediction for 870 samples...
epoch: 1850
AUC: 0.9423633410746499
TPR:  0.8329621380846325
precision:  0.9396984924623115
accuracy:  0.8862068965517241
MCC:  0.7783738298000232
1850
Training on 26000 samples...
Train epoch: 1851 [0/26000 (0%)]	Loss: 0.018668
Train epoch: 1851 [266360/26000 (38%)]	Loss: 0.007279
Train epoch: 1851 [501560/26000 (77%)]	Loss: 0.020191
Make prediction for 870 samples...
epoch: 1851
AUC: 0.9432997053362182
TPR:  0.8641425389755011
precision:  0.9394673123486683
accuracy:  0.9011494252873563
MCC:  0.8053738740896036
1851
Training on 26000 samples...
Train epoch: 1852 [0/26000 (0%)]	Loss: 0.020003
Train epoch: 1852 [267220/26000 (38%)]	Loss: 0.019458
Train epoch: 1852 [521720/26000 (77%)]	Loss: 0.029118
Make prediction for 870 samples...
epoch: 1852
AUC: 0.9481851990964351
TPR:  0.8507795100222717
precision:  0.9339853300733496
accuracy:  0.8919540229885058
MCC:  0.7876471624756546
1852
Training on 26000 samples...
Train epoch: 1853 [0/26000 (0%)]	Loss: 0.026899
Train epoch: 1853 [267020/26000 (38%)]	Loss: 0.019634
Train epoch: 1853 [496480/26000 (77%)]	Loss: 0.011462
Make prediction for 870 samples...
epoch: 1853
AUC: 0.947087483931037
TPR:  0.8619153674832962
precision:  0.9393203883495146
accuracy:  0.9
MCC:  0.8032407648527566
1853
Training on 26000 samples...
Train epoch: 1854 [0/26000 (0%)]	Loss: 0.021291
Train epoch: 1854 [263460/26000 (38%)]	Loss: 0.004646
Train epoch: 1854 [528160/26000 (77%)]	Loss: 0.033430
Make prediction for 870 samples...
epoch: 1854
AUC: 0.9452412063757413
TPR:  0.8485523385300668
precision:  0.9407407407407408
accuracy:  0.8942528735632184
MCC:  0.7930233170393957
1854
Training on 26000 samples...
Train epoch: 1855 [0/26000 (0%)]	Loss: 0.223321
Train epoch: 1855 [265260/26000 (38%)]	Loss: 0.029643
Train epoch: 1855 [532320/26000 (77%)]	Loss: 0.028851
Make prediction for 870 samples...
epoch: 1855
AUC: 0.945555972893048
TPR:  0.8396436525612472
precision:  0.9285714285714286
accuracy:  0.8839080459770114
MCC:  0.7720784009401691
1855
Training on 26000 samples...
Train epoch: 1856 [0/26000 (0%)]	Loss: 0.013511
Train epoch: 1856 [254540/26000 (38%)]	Loss: 0.014988
Train epoch: 1856 [536720/26000 (77%)]	Loss: 0.018625
Make prediction for 870 samples...
epoch: 1856
AUC: 0.9478915933534008
TPR:  0.8374164810690423
precision:  0.947103274559194
accuracy:  0.8919540229885058
MCC:  0.7901479074350087
1856
Training on 26000 samples...
Train epoch: 1857 [0/26000 (0%)]	Loss: 0.019646
Train epoch: 1857 [249240/26000 (38%)]	Loss: 0.014585
Train epoch: 1857 [524880/26000 (77%)]	Loss: 0.013420
Make prediction for 870 samples...
epoch: 1857
AUC: 0.948359775484185
TPR:  0.8530066815144766
precision:  0.9387254901960784
accuracy:  0.8954022988505748
MCC:  0.79474551095864
1857
Training on 26000 samples...
Train epoch: 1858 [0/26000 (0%)]	Loss: 0.031479
Train epoch: 1858 [271980/26000 (38%)]	Loss: 0.022546
Train epoch: 1858 [505000/26000 (77%)]	Loss: 0.018940
Make prediction for 870 samples...
epoch: 1858
AUC: 0.9472197387702415
TPR:  0.8507795100222717
precision:  0.9339853300733496
accuracy:  0.8919540229885058
MCC:  0.7876471624756546
1858
Training on 26000 samples...
Train epoch: 1859 [0/26000 (0%)]	Loss: 0.012793
Train epoch: 1859 [270500/26000 (38%)]	Loss: 0.048030
Train epoch: 1859 [533600/26000 (77%)]	Loss: 0.015818
Make prediction for 870 samples...
epoch: 1859
AUC: 0.9474868935454347
TPR:  0.821826280623608
precision:  0.9413265306122449
accuracy:  0.8816091954022989
MCC:  0.770571052159859
1859
Training on 26000 samples...
Train epoch: 1860 [0/26000 (0%)]	Loss: 0.016568
Train epoch: 1860 [261620/26000 (38%)]	Loss: 0.021924
Train epoch: 1860 [506840/26000 (77%)]	Loss: 0.009126
Make prediction for 870 samples...
epoch: 1860
AUC: 0.9463177607668665
TPR:  0.8485523385300668
precision:  0.943069306930693
accuracy:  0.8954022988505748
MCC:  0.7955318995622573
1860
Training on 26000 samples...
Train epoch: 1861 [0/26000 (0%)]	Loss: 0.014760
Train epoch: 1861 [256640/26000 (38%)]	Loss: 0.025066
Train epoch: 1861 [538960/26000 (77%)]	Loss: 0.010461
Make prediction for 870 samples...
epoch: 1861
AUC: 0.945489845473446
TPR:  0.8418708240534521
precision:  0.9473684210526315
accuracy:  0.8942528735632184
MCC:  0.7943040731956524
1861
Training on 26000 samples...
Train epoch: 1862 [0/26000 (0%)]	Loss: 0.024319
Train epoch: 1862 [253820/26000 (38%)]	Loss: 0.022094
Train epoch: 1862 [529600/26000 (77%)]	Loss: 0.019342
Make prediction for 870 samples...
epoch: 1862
AUC: 0.9493305260039464
TPR:  0.8463251670378619
precision:  0.9405940594059405
accuracy:  0.8931034482758621
MCC:  0.7909200897043261
1862
Training on 26000 samples...
Train epoch: 1863 [0/26000 (0%)]	Loss: 0.013784
Train epoch: 1863 [251540/26000 (38%)]	Loss: 0.008822
Train epoch: 1863 [516640/26000 (77%)]	Loss: 0.028029
Make prediction for 870 samples...
epoch: 1863
AUC: 0.9452808828275027
TPR:  0.8351893095768375
precision:  0.9445843828715366
accuracy:  0.8896551724137931
MCC:  0.7855301702637858
1863
Training on 26000 samples...
Train epoch: 1864 [0/26000 (0%)]	Loss: 0.011727
Train epoch: 1864 [260960/26000 (38%)]	Loss: 0.018988
Train epoch: 1864 [523120/26000 (77%)]	Loss: 0.019513
Make prediction for 870 samples...
epoch: 1864
AUC: 0.9470504525760598
TPR:  0.844097995545657
precision:  0.9475
accuracy:  0.8954022988505748
MCC:  0.7963873290423805
1864
Training on 26000 samples...
Train epoch: 1865 [0/26000 (0%)]	Loss: 0.015956
Train epoch: 1865 [275680/26000 (38%)]	Loss: 0.027709
Train epoch: 1865 [516200/26000 (77%)]	Loss: 0.014667
Make prediction for 870 samples...
epoch: 1865
AUC: 0.9476561797396166
TPR:  0.844097995545657
precision:  0.9427860696517413
accuracy:  0.8931034482758621
MCC:  0.7913375752606264
1865
Training on 26000 samples...
Train epoch: 1866 [0/26000 (0%)]	Loss: 0.017640
Train epoch: 1866 [266640/26000 (38%)]	Loss: 0.020663
Train epoch: 1866 [510080/26000 (77%)]	Loss: 0.021952
Make prediction for 870 samples...
epoch: 1866
AUC: 0.9452068201175481
TPR:  0.844097995545657
precision:  0.9358024691358025
accuracy:  0.8896551724137931
MCC:  0.7838011912472583
1866
Training on 26000 samples...
Train epoch: 1867 [0/26000 (0%)]	Loss: 0.011781
Train epoch: 1867 [260600/26000 (38%)]	Loss: 0.018929
Train epoch: 1867 [515480/26000 (77%)]	Loss: 0.020088
Make prediction for 870 samples...
epoch: 1867
AUC: 0.9457860963132642
TPR:  0.8418708240534521
precision:  0.942643391521197
accuracy:  0.8919540229885058
MCC:  0.7892456720295076
1867
Training on 26000 samples...
Train epoch: 1868 [0/26000 (0%)]	Loss: 0.024314
Train epoch: 1868 [248700/26000 (38%)]	Loss: 0.013779
Train epoch: 1868 [546000/26000 (77%)]	Loss: 0.014408
Make prediction for 870 samples...
epoch: 1868
AUC: 0.9467224605748326
TPR:  0.844097995545657
precision:  0.9570707070707071
accuracy:  0.9
MCC:  0.8065496766124708
1868
Training on 26000 samples...
Train epoch: 1869 [0/26000 (0%)]	Loss: 0.025113
Train epoch: 1869 [254960/26000 (38%)]	Loss: 0.022650
Train epoch: 1869 [525400/26000 (77%)]	Loss: 0.018078
Make prediction for 870 samples...
epoch: 1869
AUC: 0.9490527908416169
TPR:  0.8329621380846325
precision:  0.9396984924623115
accuracy:  0.8862068965517241
MCC:  0.7783738298000232
1869
Training on 26000 samples...
Train epoch: 1870 [0/26000 (0%)]	Loss: 0.018697
Train epoch: 1870 [261160/26000 (38%)]	Loss: 0.033378
Train epoch: 1870 [533800/26000 (77%)]	Loss: 0.019812
Make prediction for 870 samples...
epoch: 1870
AUC: 0.9483253892259919
TPR:  0.8530066815144766
precision:  0.9387254901960784
accuracy:  0.8954022988505748
MCC:  0.79474551095864
1870
Training on 26000 samples...
Train epoch: 1871 [0/26000 (0%)]	Loss: 0.023603
Train epoch: 1871 [264100/26000 (38%)]	Loss: 0.024179
Train epoch: 1871 [517640/26000 (77%)]	Loss: 0.020421
Make prediction for 870 samples...
epoch: 1871
AUC: 0.9472938014801962
TPR:  0.8463251670378619
precision:  0.9476309226932669
accuracy:  0.896551724137931
MCC:  0.7984740722776837
1871
Training on 26000 samples...
Train epoch: 1872 [0/26000 (0%)]	Loss: 0.017016
Train epoch: 1872 [262360/26000 (38%)]	Loss: 0.024301
Train epoch: 1872 [511440/26000 (77%)]	Loss: 0.019686
Make prediction for 870 samples...
epoch: 1872
AUC: 0.947116579995662
TPR:  0.844097995545657
precision:  0.949874686716792
accuracy:  0.896551724137931
MCC:  0.7989199917020897
1872
Training on 26000 samples...
Train epoch: 1873 [0/26000 (0%)]	Loss: 0.011074
Train epoch: 1873 [263640/26000 (38%)]	Loss: 0.013924
Train epoch: 1873 [526840/26000 (77%)]	Loss: 0.020765
Make prediction for 870 samples...
epoch: 1873
AUC: 0.947899528643753
TPR:  0.8329621380846325
precision:  0.949238578680203
accuracy:  0.8908045977011494
MCC:  0.7885597451916568
1873
Training on 26000 samples...
Train epoch: 1874 [0/26000 (0%)]	Loss: 0.020077
Train epoch: 1874 [259980/26000 (38%)]	Loss: 0.024493
Train epoch: 1874 [520440/26000 (77%)]	Loss: 0.014354
Make prediction for 870 samples...
epoch: 1874
AUC: 0.9468652958011734
TPR:  0.8485523385300668
precision:  0.9361179361179361
accuracy:  0.8919540229885058
MCC:  0.7880211961072277
1874
Training on 26000 samples...
Train epoch: 1875 [0/26000 (0%)]	Loss: 0.020138
Train epoch: 1875 [265280/26000 (38%)]	Loss: 0.019545
Train epoch: 1875 [515320/26000 (77%)]	Loss: 0.039188
Make prediction for 870 samples...
epoch: 1875
AUC: 0.9470557427696279
TPR:  0.8307349665924276
precision:  0.9419191919191919
accuracy:  0.8862068965517241
MCC:  0.778837571298587
1875
Training on 26000 samples...
Train epoch: 1876 [0/26000 (0%)]	Loss: 0.043066
Train epoch: 1876 [258960/26000 (38%)]	Loss: 0.033128
Train epoch: 1876 [523800/26000 (77%)]	Loss: 0.008217
Make prediction for 870 samples...
epoch: 1876
AUC: 0.9462357627665596
TPR:  0.8418708240534521
precision:  0.9402985074626866
accuracy:  0.8908045977011494
MCC:  0.7867241968265323
1876
Training on 26000 samples...
Train epoch: 1877 [0/26000 (0%)]	Loss: 0.018978
Train epoch: 1877 [258840/26000 (38%)]	Loss: 0.016600
Train epoch: 1877 [522360/26000 (77%)]	Loss: 0.024649
Make prediction for 870 samples...
epoch: 1877
AUC: 0.9472488348348667
TPR:  0.8285077951002228
precision:  0.9465648854961832
accuracy:  0.8873563218390804
MCC:  0.7818761533813624
1877
Training on 26000 samples...
Train epoch: 1878 [0/26000 (0%)]	Loss: 0.043725
Train epoch: 1878 [265380/26000 (38%)]	Loss: 0.027021
Train epoch: 1878 [529400/26000 (77%)]	Loss: 0.017595
Make prediction for 870 samples...
epoch: 1878
AUC: 0.9477514032238439
TPR:  0.8418708240534521
precision:  0.9402985074626866
accuracy:  0.8908045977011494
MCC:  0.7867241968265323
1878
Training on 26000 samples...
Train epoch: 1879 [0/26000 (0%)]	Loss: 0.003909
Train epoch: 1879 [257880/26000 (38%)]	Loss: 0.033629
Train epoch: 1879 [519080/26000 (77%)]	Loss: 0.016105
Make prediction for 870 samples...
epoch: 1879
AUC: 0.949285559358617
TPR:  0.844097995545657
precision:  0.9451371571072319
accuracy:  0.8942528735632184
MCC:  0.7938598721535957
1879
Training on 26000 samples...
Train epoch: 1880 [0/26000 (0%)]	Loss: 0.015877
Train epoch: 1880 [262640/26000 (38%)]	Loss: 0.031781
Train epoch: 1880 [508080/26000 (77%)]	Loss: 0.022161
Make prediction for 870 samples...
epoch: 1880
AUC: 0.9480370736765258
TPR:  0.8663697104677061
precision:  0.9464720194647201
accuracy:  0.9057471264367816
MCC:  0.814932709316423
1880
Training on 26000 samples...
Train epoch: 1881 [0/26000 (0%)]	Loss: 0.016299
Train epoch: 1881 [249520/26000 (38%)]	Loss: 0.015368
Train epoch: 1881 [527080/26000 (77%)]	Loss: 0.037954
Make prediction for 870 samples...
epoch: 1881
AUC: 0.9463230509604347
TPR:  0.8351893095768375
precision:  0.9445843828715366
accuracy:  0.8896551724137931
MCC:  0.7855301702637858
1881
Training on 26000 samples...
Train epoch: 1882 [0/26000 (0%)]	Loss: 0.026852
Train epoch: 1882 [262440/26000 (38%)]	Loss: 0.031025
Train epoch: 1882 [518080/26000 (77%)]	Loss: 0.021370
Make prediction for 870 samples...
epoch: 1882
AUC: 0.9432256426262637
TPR:  0.8641425389755011
precision:  0.9238095238095239
accuracy:  0.8931034482758621
MCC:  0.7881935007016548
1882
Training on 26000 samples...
Train epoch: 1883 [0/26000 (0%)]	Loss: 0.015242
Train epoch: 1883 [250420/26000 (38%)]	Loss: 0.020160
Train epoch: 1883 [525760/26000 (77%)]	Loss: 0.018538
Make prediction for 870 samples...
epoch: 1883
AUC: 0.9435721503049797
TPR:  0.8240534521158129
precision:  0.9511568123393316
accuracy:  0.8873563218390804
MCC:  0.7829090294969354
1883
Training on 26000 samples...
Train epoch: 1884 [0/26000 (0%)]	Loss: 0.026295
Train epoch: 1884 [264740/26000 (38%)]	Loss: 0.023250
Train epoch: 1884 [526240/26000 (77%)]	Loss: 0.030040
Make prediction for 870 samples...
epoch: 1884
AUC: 0.9441963931460253
TPR:  0.844097995545657
precision:  0.9358024691358025
accuracy:  0.8896551724137931
MCC:  0.7838011912472583
1884
Training on 26000 samples...
Train epoch: 1885 [0/26000 (0%)]	Loss: 0.013261
Train epoch: 1885 [253080/26000 (38%)]	Loss: 0.012489
Train epoch: 1885 [525640/26000 (77%)]	Loss: 0.017995
Make prediction for 870 samples...
epoch: 1885
AUC: 0.9440323971454115
TPR:  0.8329621380846325
precision:  0.9420654911838791
accuracy:  0.8873563218390804
MCC:  0.7809124330925628
1885
Training on 26000 samples...
Train epoch: 1886 [0/26000 (0%)]	Loss: 0.015240
Train epoch: 1886 [267680/26000 (38%)]	Loss: 0.014825
Train epoch: 1886 [507000/26000 (77%)]	Loss: 0.024447
Make prediction for 870 samples...
epoch: 1886
AUC: 0.9469420036079119
TPR:  0.8463251670378619
precision:  0.9336609336609336
accuracy:  0.8896551724137931
MCC:  0.7834115526624376
1886
Training on 26000 samples...
Train epoch: 1887 [0/26000 (0%)]	Loss: 0.019007
Train epoch: 1887 [254620/26000 (38%)]	Loss: 0.009218
Train epoch: 1887 [503600/26000 (77%)]	Loss: 0.022491
Make prediction for 870 samples...
epoch: 1887
AUC: 0.9434187346915023
TPR:  0.8374164810690423
precision:  0.9423558897243107
accuracy:  0.8896551724137931
MCC:  0.7850722361827779
1887
Training on 26000 samples...
Train epoch: 1888 [0/26000 (0%)]	Loss: 0.032681
Train epoch: 1888 [265340/26000 (38%)]	Loss: 0.018603
Train epoch: 1888 [501400/26000 (77%)]	Loss: 0.020172
Make prediction for 870 samples...
epoch: 1888
AUC: 0.9438207894026842
TPR:  0.8485523385300668
precision:  0.9407407407407408
accuracy:  0.8942528735632184
MCC:  0.7930233170393957
1888
Training on 26000 samples...
Train epoch: 1889 [0/26000 (0%)]	Loss: 0.043337
Train epoch: 1889 [262580/26000 (38%)]	Loss: 0.023787
Train epoch: 1889 [505520/26000 (77%)]	Loss: 0.015651
Make prediction for 870 samples...
epoch: 1889
AUC: 0.9439398187579683
TPR:  0.8485523385300668
precision:  0.9361179361179361
accuracy:  0.8919540229885058
MCC:  0.7880211961072277
1889
Training on 26000 samples...
Train epoch: 1890 [0/26000 (0%)]	Loss: 0.010606
Train epoch: 1890 [276680/26000 (38%)]	Loss: 0.012740
Train epoch: 1890 [531200/26000 (77%)]	Loss: 0.035197
Make prediction for 870 samples...
epoch: 1890
AUC: 0.9431727406905819
TPR:  0.8530066815144766
precision:  0.9296116504854369
accuracy:  0.8908045977011494
MCC:  0.7848146540454661
1890
Training on 26000 samples...
Train epoch: 1891 [0/26000 (0%)]	Loss: 0.018735
Train epoch: 1891 [257480/26000 (38%)]	Loss: 0.018276
Train epoch: 1891 [513360/26000 (77%)]	Loss: 0.028413
Make prediction for 870 samples...
epoch: 1891
AUC: 0.9467171703812644
TPR:  0.8485523385300668
precision:  0.943069306930693
accuracy:  0.8954022988505748
MCC:  0.7955318995622573
1891
Training on 26000 samples...
Train epoch: 1892 [0/26000 (0%)]	Loss: 0.023321
Train epoch: 1892 [260840/26000 (38%)]	Loss: 0.012314
Train epoch: 1892 [516200/26000 (77%)]	Loss: 0.025346
Make prediction for 870 samples...
epoch: 1892
AUC: 0.9472858661898439
TPR:  0.8574610244988864
precision:  0.927710843373494
accuracy:  0.8919540229885058
MCC:  0.7866266952808793
1892
Training on 26000 samples...
Train epoch: 1893 [0/26000 (0%)]	Loss: 0.019069
Train epoch: 1893 [258840/26000 (38%)]	Loss: 0.013052
Train epoch: 1893 [517840/26000 (77%)]	Loss: 0.017086
Make prediction for 870 samples...
epoch: 1893
AUC: 0.9473599288997985
TPR:  0.8530066815144766
precision:  0.9387254901960784
accuracy:  0.8954022988505748
MCC:  0.79474551095864
1893
Training on 26000 samples...
Train epoch: 1894 [0/26000 (0%)]	Loss: 0.022915
Train epoch: 1894 [263300/26000 (38%)]	Loss: 0.016135
Train epoch: 1894 [517720/26000 (77%)]	Loss: 0.018236
Make prediction for 870 samples...
epoch: 1894
AUC: 0.9462040216051506
TPR:  0.8596881959910914
precision:  0.9391727493917275
accuracy:  0.8988505747126436
MCC:  0.8011114048131326
1894
Training on 26000 samples...
Train epoch: 1895 [0/26000 (0%)]	Loss: 0.030480
Train epoch: 1895 [293240/26000 (38%)]	Loss: 0.010079
Train epoch: 1895 [534480/26000 (77%)]	Loss: 0.013430
Make prediction for 870 samples...
epoch: 1895
AUC: 0.9423633410746498
TPR:  0.8530066815144766
precision:  0.9433497536945813
accuracy:  0.8977011494252873
MCC:  0.7997404455598408
1895
Training on 26000 samples...
Train epoch: 1896 [0/26000 (0%)]	Loss: 0.023496
Train epoch: 1896 [248880/26000 (38%)]	Loss: 0.024461
Train epoch: 1896 [527320/26000 (77%)]	Loss: 0.028032
Make prediction for 870 samples...
epoch: 1896
AUC: 0.9466669135423665
TPR:  0.8685968819599109
precision:  0.9285714285714286
accuracy:  0.8977011494252873
MCC:  0.7973991436820608
1896
Training on 26000 samples...
Train epoch: 1897 [0/26000 (0%)]	Loss: 0.016208
Train epoch: 1897 [267640/26000 (38%)]	Loss: 0.020216
Train epoch: 1897 [519640/26000 (77%)]	Loss: 0.022753
Make prediction for 870 samples...
epoch: 1897
AUC: 0.9488491183892419
TPR:  0.8619153674832962
precision:  0.9393203883495146
accuracy:  0.9
MCC:  0.8032407648527566
1897
Training on 26000 samples...
Train epoch: 1898 [0/26000 (0%)]	Loss: 0.024341
Train epoch: 1898 [258360/26000 (38%)]	Loss: 0.015314
Train epoch: 1898 [544680/26000 (77%)]	Loss: 0.015508
Make prediction for 870 samples...
epoch: 1898
AUC: 0.9481164265800485
TPR:  0.8596881959910914
precision:  0.9414634146341463
accuracy:  0.9
MCC:  0.8035934629475797
1898
Training on 26000 samples...
Train epoch: 1899 [0/26000 (0%)]	Loss: 0.024032
Train epoch: 1899 [257700/26000 (38%)]	Loss: 0.021645
Train epoch: 1899 [507400/26000 (77%)]	Loss: 0.024055
Make prediction for 870 samples...
epoch: 1899
AUC: 0.9475926974167984
TPR:  0.8708240534521158
precision:  0.9243498817966903
accuracy:  0.896551724137931
MCC:  0.7947052520208694
1899
Training on 26000 samples...
Train epoch: 1900 [0/26000 (0%)]	Loss: 0.013025
Train epoch: 1900 [269880/26000 (38%)]	Loss: 0.034099
Train epoch: 1900 [529000/26000 (77%)]	Loss: 0.017995
Make prediction for 870 samples...
epoch: 1900
AUC: 0.9479921070311963
TPR:  0.8619153674832962
precision:  0.9416058394160584
accuracy:  0.9011494252873563
MCC:  0.8057185063142294
1900
Training on 26000 samples...
Train epoch: 1901 [0/26000 (0%)]	Loss: 0.022869
Train epoch: 1901 [267940/26000 (38%)]	Loss: 0.027120
Train epoch: 1901 [508440/26000 (77%)]	Loss: 0.014955
Make prediction for 870 samples...
epoch: 1901
AUC: 0.948793571356776
TPR:  0.8463251670378619
precision:  0.95
accuracy:  0.8977011494252873
MCC:  0.8010023758435986
1901
Training on 26000 samples...
Train epoch: 1902 [0/26000 (0%)]	Loss: 0.014319
Train epoch: 1902 [259640/26000 (38%)]	Loss: 0.049739
Train epoch: 1902 [529800/26000 (77%)]	Loss: 0.034957
Make prediction for 870 samples...
epoch: 1902
AUC: 0.9471641917377758
TPR:  0.8708240534521158
precision:  0.930952380952381
accuracy:  0.9
MCC:  0.8020019651722637
1902
Training on 26000 samples...
Train epoch: 1903 [0/26000 (0%)]	Loss: 0.018507
Train epoch: 1903 [255800/26000 (38%)]	Loss: 0.021399
Train epoch: 1903 [530520/26000 (77%)]	Loss: 0.012695
Make prediction for 870 samples...
epoch: 1903
AUC: 0.9479153992244576
TPR:  0.8485523385300668
precision:  0.9407407407407408
accuracy:  0.8942528735632184
MCC:  0.7930233170393957
1903
Training on 26000 samples...
Train epoch: 1904 [0/26000 (0%)]	Loss: 0.022723
Train epoch: 1904 [251020/26000 (38%)]	Loss: 0.017471
Train epoch: 1904 [515040/26000 (77%)]	Loss: 0.025565
Make prediction for 870 samples...
epoch: 1904
AUC: 0.9467753625105142
TPR:  0.8574610244988864
precision:  0.9436274509803921
accuracy:  0.9
MCC:  0.8039634527327473
1904
Training on 26000 samples...
Train epoch: 1905 [0/26000 (0%)]	Loss: 0.016211
Train epoch: 1905 [265240/26000 (38%)]	Loss: 0.018455
Train epoch: 1905 [537920/26000 (77%)]	Loss: 0.016367
Make prediction for 870 samples...
epoch: 1905
AUC: 0.947198577995969
TPR:  0.8507795100222717
precision:  0.9385749385749386
accuracy:  0.8942528735632184
MCC:  0.7926308395520176
1905
Training on 26000 samples...
Train epoch: 1906 [0/26000 (0%)]	Loss: 0.026875
Train epoch: 1906 [252820/26000 (38%)]	Loss: 0.015800
Train epoch: 1906 [525960/26000 (77%)]	Loss: 0.019390
Make prediction for 870 samples...
epoch: 1906
AUC: 0.9451036613429685
TPR:  0.8574610244988864
precision:  0.9482758620689655
accuracy:  0.9022988505747126
MCC:  0.8089611270997313
1906
Training on 26000 samples...
Train epoch: 1907 [0/26000 (0%)]	Loss: 0.029290
Train epoch: 1907 [269700/26000 (38%)]	Loss: 0.014534
Train epoch: 1907 [516880/26000 (77%)]	Loss: 0.024439
Make prediction for 870 samples...
epoch: 1907
AUC: 0.9482883578710145
TPR:  0.8285077951002228
precision:  0.9465648854961832
accuracy:  0.8873563218390804
MCC:  0.7818761533813624
1907
Training on 26000 samples...
Train epoch: 1908 [0/26000 (0%)]	Loss: 0.011770
Train epoch: 1908 [263580/26000 (38%)]	Loss: 0.015834
Train epoch: 1908 [531040/26000 (77%)]	Loss: 0.023868
Make prediction for 870 samples...
epoch: 1908
AUC: 0.9477487581270598
TPR:  0.8463251670378619
precision:  0.9405940594059405
accuracy:  0.8931034482758621
MCC:  0.7909200897043261
1908
Training on 26000 samples...
Train epoch: 1909 [0/26000 (0%)]	Loss: 0.015257
Train epoch: 1909 [258180/26000 (38%)]	Loss: 0.016499
Train epoch: 1909 [540920/26000 (77%)]	Loss: 0.009942
Make prediction for 870 samples...
epoch: 1909
AUC: 0.9454448788281163
TPR:  0.8552338530066815
precision:  0.9343065693430657
accuracy:  0.8942528735632184
MCC:  0.791897201810939
1909
Training on 26000 samples...
Train epoch: 1910 [0/26000 (0%)]	Loss: 0.015272
Train epoch: 1910 [242760/26000 (38%)]	Loss: 0.026594
Train epoch: 1910 [512240/26000 (77%)]	Loss: 0.015031
Make prediction for 870 samples...
epoch: 1910
AUC: 0.9440667834036047
TPR:  0.8418708240534521
precision:  0.9356435643564357
accuracy:  0.8885057471264368
MCC:  0.7816964699884639
1910
Training on 26000 samples...
Train epoch: 1911 [0/26000 (0%)]	Loss: 0.011166
Train epoch: 1911 [254180/26000 (38%)]	Loss: 0.018279
Train epoch: 1911 [517920/26000 (77%)]	Loss: 0.016714
Make prediction for 870 samples...
epoch: 1911
AUC: 0.9459236413460368
TPR:  0.8463251670378619
precision:  0.9336609336609336
accuracy:  0.8896551724137931
MCC:  0.7834115526624376
1911
Training on 26000 samples...
Train epoch: 1912 [0/26000 (0%)]	Loss: 0.024807
Train epoch: 1912 [255740/26000 (38%)]	Loss: 0.023138
Train epoch: 1912 [516280/26000 (77%)]	Loss: 0.009717
Make prediction for 870 samples...
epoch: 1912
AUC: 0.9475874072232302
TPR:  0.8619153674832962
precision:  0.9325301204819277
accuracy:  0.896551724137931
MCC:  0.7958366030949541
1912
Training on 26000 samples...
Train epoch: 1913 [0/26000 (0%)]	Loss: 0.026353
Train epoch: 1913 [262780/26000 (38%)]	Loss: 0.012273
Train epoch: 1913 [534000/26000 (77%)]	Loss: 0.013854
Make prediction for 870 samples...
epoch: 1913
AUC: 0.9479815266440599
TPR:  0.8396436525612472
precision:  0.9496221662468514
accuracy:  0.8942528735632184
MCC:  0.7947656446062318
1913
Training on 26000 samples...
Train epoch: 1914 [0/26000 (0%)]	Loss: 0.026514
Train epoch: 1914 [259280/26000 (38%)]	Loss: 0.019405
Train epoch: 1914 [502360/26000 (77%)]	Loss: 0.013917
Make prediction for 870 samples...
epoch: 1914
AUC: 0.9458628041200028
TPR:  0.8307349665924276
precision:  0.9491094147582697
accuracy:  0.8896551724137931
MCC:  0.7864978301608939
1914
Training on 26000 samples...
Train epoch: 1915 [0/26000 (0%)]	Loss: 0.012382
Train epoch: 1915 [256820/26000 (38%)]	Loss: 0.015816
Train epoch: 1915 [526840/26000 (77%)]	Loss: 0.021121
Make prediction for 870 samples...
epoch: 1915
AUC: 0.94838887154881
TPR:  0.8463251670378619
precision:  0.9571788413098237
accuracy:  0.9011494252873563
MCC:  0.8086188561199008
1915
Training on 26000 samples...
Train epoch: 1916 [0/26000 (0%)]	Loss: 0.014475
Train epoch: 1916 [254600/26000 (38%)]	Loss: 0.012904
Train epoch: 1916 [533040/26000 (77%)]	Loss: 0.023773
Make prediction for 870 samples...
epoch: 1916
AUC: 0.9498992218125262
TPR:  0.8485523385300668
precision:  0.943069306930693
accuracy:  0.8954022988505748
MCC:  0.7955318995622573
1916
Training on 26000 samples...
Train epoch: 1917 [0/26000 (0%)]	Loss: 0.023333
Train epoch: 1917 [270160/26000 (38%)]	Loss: 0.023769
Train epoch: 1917 [507960/26000 (77%)]	Loss: 0.032358
Make prediction for 870 samples...
epoch: 1917
AUC: 0.9477328875463554
TPR:  0.8374164810690423
precision:  0.9494949494949495
accuracy:  0.8931034482758621
MCC:  0.7926936239555289
1917
Training on 26000 samples...
Train epoch: 1918 [0/26000 (0%)]	Loss: 0.019836
Train epoch: 1918 [262700/26000 (38%)]	Loss: 0.016393
Train epoch: 1918 [537520/26000 (77%)]	Loss: 0.014905
Make prediction for 870 samples...
epoch: 1918
AUC: 0.9448656026324003
TPR:  0.8596881959910914
precision:  0.9323671497584541
accuracy:  0.8954022988505748
MCC:  0.7936944018577001
1918
Training on 26000 samples...
Train epoch: 1919 [0/26000 (0%)]	Loss: 0.016383
Train epoch: 1919 [254820/26000 (38%)]	Loss: 0.025063
Train epoch: 1919 [531600/26000 (77%)]	Loss: 0.010154
Make prediction for 870 samples...
epoch: 1919
AUC: 0.9466880743166393
TPR:  0.8285077951002228
precision:  0.9514066496163683
accuracy:  0.8896551724137931
MCC:  0.7870077059366427
1919
Training on 26000 samples...
Train epoch: 1920 [0/26000 (0%)]	Loss: 0.037484
Train epoch: 1920 [257880/26000 (38%)]	Loss: 0.024632
Train epoch: 1920 [511760/26000 (77%)]	Loss: 0.026319
Make prediction for 870 samples...
epoch: 1920
AUC: 0.9463653725089801
TPR:  0.8552338530066815
precision:  0.9481481481481482
accuracy:  0.9011494252873563
MCC:  0.8068565057276016
1920
Training on 26000 samples...
Train epoch: 1921 [0/26000 (0%)]	Loss: 0.030129
Train epoch: 1921 [274560/26000 (38%)]	Loss: 0.011181
Train epoch: 1921 [532960/26000 (77%)]	Loss: 0.013947
Make prediction for 870 samples...
epoch: 1921
AUC: 0.9454792650863095
TPR:  0.8596881959910914
precision:  0.9437652811735942
accuracy:  0.9011494252873563
MCC:  0.8060804547332708
1921
Training on 26000 samples...
Train epoch: 1922 [0/26000 (0%)]	Loss: 0.013853
Train epoch: 1922 [262380/26000 (38%)]	Loss: 0.009881
Train epoch: 1922 [514000/26000 (77%)]	Loss: 0.028038
Make prediction for 870 samples...
epoch: 1922
AUC: 0.9462965999925936
TPR:  0.8530066815144766
precision:  0.9503722084367245
accuracy:  0.9011494252873563
MCC:  0.8072707196522503
1922
Training on 26000 samples...
Train epoch: 1923 [0/26000 (0%)]	Loss: 0.012746
Train epoch: 1923 [263380/26000 (38%)]	Loss: 0.026967
Train epoch: 1923 [542480/26000 (77%)]	Loss: 0.026794
Make prediction for 870 samples...
epoch: 1923
AUC: 0.9446301890186163
TPR:  0.8574610244988864
precision:  0.927710843373494
accuracy:  0.8919540229885058
MCC:  0.7866266952808793
1923
Training on 26000 samples...
Train epoch: 1924 [0/26000 (0%)]	Loss: 0.009560
Train epoch: 1924 [268020/26000 (38%)]	Loss: 0.030265
Train epoch: 1924 [519120/26000 (77%)]	Loss: 0.014238
Make prediction for 870 samples...
epoch: 1924
AUC: 0.9478783678694803
TPR:  0.8329621380846325
precision:  0.949238578680203
accuracy:  0.8908045977011494
MCC:  0.7885597451916568
1924
Training on 26000 samples...
Train epoch: 1925 [0/26000 (0%)]	Loss: 0.025588
Train epoch: 1925 [260260/26000 (38%)]	Loss: 0.018971
Train epoch: 1925 [534360/26000 (77%)]	Loss: 0.023934
Make prediction for 870 samples...
epoch: 1925
AUC: 0.9447016066317867
TPR:  0.8574610244988864
precision:  0.9390243902439024
accuracy:  0.8977011494252873
MCC:  0.7989857630018578
1925
Training on 26000 samples...
Train epoch: 1926 [0/26000 (0%)]	Loss: 0.014137
Train epoch: 1926 [261240/26000 (38%)]	Loss: 0.011530
Train epoch: 1926 [533560/26000 (77%)]	Loss: 0.024589
Make prediction for 870 samples...
epoch: 1926
AUC: 0.9479021737405371
TPR:  0.8463251670378619
precision:  0.9571788413098237
accuracy:  0.9011494252873563
MCC:  0.8086188561199008
1926
Training on 26000 samples...
Train epoch: 1927 [0/26000 (0%)]	Loss: 0.025694
Train epoch: 1927 [252900/26000 (38%)]	Loss: 0.012959
Train epoch: 1927 [533680/26000 (77%)]	Loss: 0.016068
Make prediction for 870 samples...
epoch: 1927
AUC: 0.9483888715488099
TPR:  0.8507795100222717
precision:  0.9478908188585607
accuracy:  0.8988505747126436
MCC:  0.80265813796072
1927
Training on 26000 samples...
Train epoch: 1928 [0/26000 (0%)]	Loss: 0.024365
Train epoch: 1928 [267160/26000 (38%)]	Loss: 0.024389
Train epoch: 1928 [526840/26000 (77%)]	Loss: 0.012543
Make prediction for 870 samples...
epoch: 1928
AUC: 0.9461035079273551
TPR:  0.8351893095768375
precision:  0.946969696969697
accuracy:  0.8908045977011494
MCC:  0.7880749397365483
1928
Training on 26000 samples...
Train epoch: 1929 [0/26000 (0%)]	Loss: 0.018599
Train epoch: 1929 [265600/26000 (38%)]	Loss: 0.022561
Train epoch: 1929 [529200/26000 (77%)]	Loss: 0.019342
Make prediction for 870 samples...
epoch: 1929
AUC: 0.9466510429616621
TPR:  0.8530066815144766
precision:  0.9503722084367245
accuracy:  0.9011494252873563
MCC:  0.8072707196522503
1929
Training on 26000 samples...
Train epoch: 1930 [0/26000 (0%)]	Loss: 0.024115
Train epoch: 1930 [256900/26000 (38%)]	Loss: 0.012810
Train epoch: 1930 [514640/26000 (77%)]	Loss: 0.021366
Make prediction for 870 samples...
epoch: 1930
AUC: 0.9493622671653555
TPR:  0.8596881959910914
precision:  0.9323671497584541
accuracy:  0.8954022988505748
MCC:  0.7936944018577001
1930
Training on 26000 samples...
Train epoch: 1931 [0/26000 (0%)]	Loss: 0.021589
Train epoch: 1931 [246960/26000 (38%)]	Loss: 0.018412
Train epoch: 1931 [514680/26000 (77%)]	Loss: 0.012551
Make prediction for 870 samples...
epoch: 1931
AUC: 0.9479894619344121
TPR:  0.8596881959910914
precision:  0.9391727493917275
accuracy:  0.8988505747126436
MCC:  0.8011114048131326
1931
Training on 26000 samples...
Train epoch: 1932 [0/26000 (0%)]	Loss: 0.015369
Train epoch: 1932 [260180/26000 (38%)]	Loss: 0.010501
Train epoch: 1932 [522520/26000 (77%)]	Loss: 0.016879
Make prediction for 870 samples...
epoch: 1932
AUC: 0.9463151156700824
TPR:  0.8485523385300668
precision:  0.9477611940298507
accuracy:  0.8977011494252873
MCC:  0.8005643321288148
1932
Training on 26000 samples...
Train epoch: 1933 [0/26000 (0%)]	Loss: 0.010388
Train epoch: 1933 [257340/26000 (38%)]	Loss: 0.025707
Train epoch: 1933 [508240/26000 (77%)]	Loss: 0.015899
Make prediction for 870 samples...
epoch: 1933
AUC: 0.9482698421935258
TPR:  0.8552338530066815
precision:  0.9504950495049505
accuracy:  0.9022988505747126
MCC:  0.8093673291360509
1933
Training on 26000 samples...
Train epoch: 1934 [0/26000 (0%)]	Loss: 0.024616
Train epoch: 1934 [253000/26000 (38%)]	Loss: 0.016062
Train epoch: 1934 [537400/26000 (77%)]	Loss: 0.018687
Make prediction for 870 samples...
epoch: 1934
AUC: 0.9503912098143672
TPR:  0.8418708240534521
precision:  0.949748743718593
accuracy:  0.8954022988505748
MCC:  0.7968410909278275
1934
Training on 26000 samples...
Train epoch: 1935 [0/26000 (0%)]	Loss: 0.026536
Train epoch: 1935 [268280/26000 (38%)]	Loss: 0.014327
Train epoch: 1935 [509040/26000 (77%)]	Loss: 0.011186
Make prediction for 870 samples...
epoch: 1935
AUC: 0.9502086981362647
TPR:  0.8396436525612472
precision:  0.9544303797468354
accuracy:  0.896551724137931
MCC:  0.7998643132671787
1935
Training on 26000 samples...
Train epoch: 1936 [0/26000 (0%)]	Loss: 0.014312
Train epoch: 1936 [258140/26000 (38%)]	Loss: 0.022626
Train epoch: 1936 [510800/26000 (77%)]	Loss: 0.018599
Make prediction for 870 samples...
epoch: 1936
AUC: 0.9492458829068555
TPR:  0.8485523385300668
precision:  0.957286432160804
accuracy:  0.9022988505747126
MCC:  0.8106915367736808
1936
Training on 26000 samples...
Train epoch: 1937 [0/26000 (0%)]	Loss: 0.011136
Train epoch: 1937 [260780/26000 (38%)]	Loss: 0.027879
Train epoch: 1937 [494720/26000 (77%)]	Loss: 0.032420
Make prediction for 870 samples...
epoch: 1937
AUC: 0.947148321157071
TPR:  0.8507795100222717
precision:  0.9249394673123487
accuracy:  0.8873563218390804
MCC:  0.7777380029672373
1937
Training on 26000 samples...
Train epoch: 1938 [0/26000 (0%)]	Loss: 0.011516
Train epoch: 1938 [254680/26000 (38%)]	Loss: 0.007434
Train epoch: 1938 [531560/26000 (77%)]	Loss: 0.022459
Make prediction for 870 samples...
epoch: 1938
AUC: 0.9462489882504801
TPR:  0.8396436525612472
precision:  0.9496221662468514
accuracy:  0.8942528735632184
MCC:  0.7947656446062318
1938
Training on 26000 samples...
Train epoch: 1939 [0/26000 (0%)]	Loss: 0.019282
Train epoch: 1939 [255380/26000 (38%)]	Loss: 0.014061
Train epoch: 1939 [536280/26000 (77%)]	Loss: 0.013120
Make prediction for 870 samples...
epoch: 1939
AUC: 0.9496188415534124
TPR:  0.8329621380846325
precision:  0.9540816326530612
accuracy:  0.8931034482758621
MCC:  0.7936846768298772
1939
Training on 26000 samples...
Train epoch: 1940 [0/26000 (0%)]	Loss: 0.014810
Train epoch: 1940 [266820/26000 (38%)]	Loss: 0.016439
Train epoch: 1940 [518840/26000 (77%)]	Loss: 0.031618
Make prediction for 870 samples...
epoch: 1940
AUC: 0.9478466267080712
TPR:  0.8463251670378619
precision:  0.95
accuracy:  0.8977011494252873
MCC:  0.8010023758435986
1940
Training on 26000 samples...
Train epoch: 1941 [0/26000 (0%)]	Loss: 0.022305
Train epoch: 1941 [258880/26000 (38%)]	Loss: 0.030587
Train epoch: 1941 [525680/26000 (77%)]	Loss: 0.017247
Make prediction for 870 samples...
epoch: 1941
AUC: 0.9470160663178666
TPR:  0.8463251670378619
precision:  0.945273631840796
accuracy:  0.8954022988505748
MCC:  0.7959509536947206
1941
Training on 26000 samples...
Train epoch: 1942 [0/26000 (0%)]	Loss: 0.014042
Train epoch: 1942 [256580/26000 (38%)]	Loss: 0.006966
Train epoch: 1942 [538520/26000 (77%)]	Loss: 0.016929
Make prediction for 870 samples...
epoch: 1942
AUC: 0.9453417200535368
TPR:  0.8552338530066815
precision:  0.9481481481481482
accuracy:  0.9011494252873563
MCC:  0.8068565057276016
1942
Training on 26000 samples...
Train epoch: 1943 [0/26000 (0%)]	Loss: 0.018499
Train epoch: 1943 [275580/26000 (38%)]	Loss: 0.008378
Train epoch: 1943 [548200/26000 (77%)]	Loss: 0.020779
Make prediction for 870 samples...
epoch: 1943
AUC: 0.9475636013521735
TPR:  0.8530066815144766
precision:  0.948019801980198
accuracy:  0.9
MCC:  0.8047555192781197
1943
Training on 26000 samples...
Train epoch: 1944 [0/26000 (0%)]	Loss: 0.023480
Train epoch: 1944 [261980/26000 (38%)]	Loss: 0.020996
Train epoch: 1944 [523920/26000 (77%)]	Loss: 0.034391
Make prediction for 870 samples...
epoch: 1944
AUC: 0.9462701490247528
TPR:  0.8418708240534521
precision:  0.9545454545454546
accuracy:  0.8977011494252873
MCC:  0.8019309923934902
1944
Training on 26000 samples...
Train epoch: 1945 [0/26000 (0%)]	Loss: 0.031897
Train epoch: 1945 [258280/26000 (38%)]	Loss: 0.020231
Train epoch: 1945 [512760/26000 (77%)]	Loss: 0.019017
Make prediction for 870 samples...
epoch: 1945
AUC: 0.9455110062477187
TPR:  0.8307349665924276
precision:  0.9539641943734015
accuracy:  0.8919540229885058
MCC:  0.7916315044264212
1945
Training on 26000 samples...
Train epoch: 1946 [0/26000 (0%)]	Loss: 0.024145
Train epoch: 1946 [264920/26000 (38%)]	Loss: 0.014456
Train epoch: 1946 [519240/26000 (77%)]	Loss: 0.012323
Make prediction for 870 samples...
epoch: 1946
AUC: 0.949171820196901
TPR:  0.8530066815144766
precision:  0.945679012345679
accuracy:  0.8988505747126436
MCC:  0.802245442831533
1946
Training on 26000 samples...
Train epoch: 1947 [0/26000 (0%)]	Loss: 0.019173
Train epoch: 1947 [257660/26000 (38%)]	Loss: 0.022612
Train epoch: 1947 [523360/26000 (77%)]	Loss: 0.023654
Make prediction for 870 samples...
epoch: 1947
AUC: 0.9446778007607299
TPR:  0.8351893095768375
precision:  0.9445843828715366
accuracy:  0.8896551724137931
MCC:  0.7855301702637858
1947
Training on 26000 samples...
Train epoch: 1948 [0/26000 (0%)]	Loss: 0.016664
Train epoch: 1948 [255960/26000 (38%)]	Loss: 0.014990
Train epoch: 1948 [520520/26000 (77%)]	Loss: 0.011813
Make prediction for 870 samples...
epoch: 1948
AUC: 0.9473308328351735
TPR:  0.8596881959910914
precision:  0.9234449760765551
accuracy:  0.8908045977011494
MCC:  0.7838715462243709
1948
Training on 26000 samples...
Train epoch: 1949 [0/26000 (0%)]	Loss: 0.013460
Train epoch: 1949 [258160/26000 (38%)]	Loss: 0.026054
Train epoch: 1949 [496320/26000 (77%)]	Loss: 0.016207
Make prediction for 870 samples...
epoch: 1949
AUC: 0.9478545619984236
TPR:  0.8530066815144766
precision:  0.9318734793187348
accuracy:  0.8919540229885058
MCC:  0.7872901003098421
1949
Training on 26000 samples...
Train epoch: 1950 [0/26000 (0%)]	Loss: 0.011640
Train epoch: 1950 [264040/26000 (38%)]	Loss: 0.018489
Train epoch: 1950 [506200/26000 (77%)]	Loss: 0.016103
Make prediction for 870 samples...
epoch: 1950
AUC: 0.9491876907776055
TPR:  0.8351893095768375
precision:  0.9398496240601504
accuracy:  0.8873563218390804
MCC:  0.7804563176763406
1950
Training on 26000 samples...
Train epoch: 1951 [0/26000 (0%)]	Loss: 0.025518
Train epoch: 1951 [265240/26000 (38%)]	Loss: 0.019430
Train epoch: 1951 [548960/26000 (77%)]	Loss: 0.009270
Make prediction for 870 samples...
epoch: 1951
AUC: 0.9492511731004235
TPR:  0.844097995545657
precision:  0.9381188118811881
accuracy:  0.8908045977011494
MCC:  0.7863082798463951
1951
Training on 26000 samples...
Train epoch: 1952 [0/26000 (0%)]	Loss: 0.022870
Train epoch: 1952 [245580/26000 (38%)]	Loss: 0.013901
Train epoch: 1952 [528800/26000 (77%)]	Loss: 0.008805
Make prediction for 870 samples...
epoch: 1952
AUC: 0.9474948288357871
TPR:  0.8262806236080178
precision:  0.9392405063291139
accuracy:  0.8827586206896552
MCC:  0.7721463744398498
1952
Training on 26000 samples...
Train epoch: 1953 [0/26000 (0%)]	Loss: 0.022396
Train epoch: 1953 [260020/26000 (38%)]	Loss: 0.025529
Train epoch: 1953 [535280/26000 (77%)]	Loss: 0.017128
Make prediction for 870 samples...
epoch: 1953
AUC: 0.9474472170936734
TPR:  0.8396436525612472
precision:  0.9472361809045227
accuracy:  0.8931034482758621
MCC:  0.7922242756458764
1953
Training on 26000 samples...
Train epoch: 1954 [0/26000 (0%)]	Loss: 0.018951
Train epoch: 1954 [253700/26000 (38%)]	Loss: 0.010326
Train epoch: 1954 [527880/26000 (77%)]	Loss: 0.014660
Make prediction for 870 samples...
epoch: 1954
AUC: 0.9468626507043892
TPR:  0.8507795100222717
precision:  0.955
accuracy:  0.9022988505747126
MCC:  0.8102324694460348
1954
Training on 26000 samples...
Train epoch: 1955 [0/26000 (0%)]	Loss: 0.019150
Train epoch: 1955 [265700/26000 (38%)]	Loss: 0.027496
Train epoch: 1955 [526720/26000 (77%)]	Loss: 0.022123
Make prediction for 870 samples...
epoch: 1955
AUC: 0.9468679408979574
TPR:  0.8530066815144766
precision:  0.9387254901960784
accuracy:  0.8954022988505748
MCC:  0.79474551095864
1955
Training on 26000 samples...
Train epoch: 1956 [0/26000 (0%)]	Loss: 0.023215
Train epoch: 1956 [261440/26000 (38%)]	Loss: 0.016738
Train epoch: 1956 [518880/26000 (77%)]	Loss: 0.031947
Make prediction for 870 samples...
epoch: 1956
AUC: 0.9480238481926055
TPR:  0.8530066815144766
precision:  0.945679012345679
accuracy:  0.8988505747126436
MCC:  0.802245442831533
1956
Training on 26000 samples...
Train epoch: 1957 [0/26000 (0%)]	Loss: 0.016600
Train epoch: 1957 [254780/26000 (38%)]	Loss: 0.010865
Train epoch: 1957 [512680/26000 (77%)]	Loss: 0.020331
Make prediction for 870 samples...
epoch: 1957
AUC: 0.9495606494241624
TPR:  0.8530066815144766
precision:  0.9433497536945813
accuracy:  0.8977011494252873
MCC:  0.7997404455598408
1957
Training on 26000 samples...
Train epoch: 1958 [0/26000 (0%)]	Loss: 0.019327
Train epoch: 1958 [257540/26000 (38%)]	Loss: 0.028864
Train epoch: 1958 [526240/26000 (77%)]	Loss: 0.031369
Make prediction for 870 samples...
epoch: 1958
AUC: 0.9502616000719466
TPR:  0.844097995545657
precision:  0.9522613065326633
accuracy:  0.8977011494252873
MCC:  0.8014579062097786
1958
Training on 26000 samples...
Train epoch: 1959 [0/26000 (0%)]	Loss: 0.033376
Train epoch: 1959 [257700/26000 (38%)]	Loss: 0.021379
Train epoch: 1959 [528720/26000 (77%)]	Loss: 0.008881
Make prediction for 870 samples...
epoch: 1959
AUC: 0.9497140650376398
TPR:  0.8619153674832962
precision:  0.9532019704433498
accuracy:  0.906896551724138
MCC:  0.818181808639622
1959
Training on 26000 samples...
Train epoch: 1960 [0/26000 (0%)]	Loss: 0.008807
Train epoch: 1960 [259560/26000 (38%)]	Loss: 0.016645
Train epoch: 1960 [537280/26000 (77%)]	Loss: 0.016601
Make prediction for 870 samples...
epoch: 1960
AUC: 0.9503039216204923
TPR:  0.8530066815144766
precision:  0.948019801980198
accuracy:  0.9
MCC:  0.8047555192781197
1960
Training on 26000 samples...
Train epoch: 1961 [0/26000 (0%)]	Loss: 0.024271
Train epoch: 1961 [260420/26000 (38%)]	Loss: 0.009873
Train epoch: 1961 [522880/26000 (77%)]	Loss: 0.006830
Make prediction for 870 samples...
epoch: 1961
AUC: 0.9522798089182083
TPR:  0.8374164810690423
precision:  0.9518987341772152
accuracy:  0.8942528735632184
MCC:  0.7952446567959571
1961
Training on 26000 samples...
Train epoch: 1962 [0/26000 (0%)]	Loss: 0.021586
Train epoch: 1962 [267620/26000 (38%)]	Loss: 0.058761
Train epoch: 1962 [534160/26000 (77%)]	Loss: 0.021006
Make prediction for 870 samples...
epoch: 1962
AUC: 0.9476006327071508
TPR:  0.8663697104677061
precision:  0.9152941176470588
accuracy:  0.8896551724137931
MCC:  0.7806608141464897
1962
Training on 26000 samples...
Train epoch: 1963 [0/26000 (0%)]	Loss: 0.023998
Train epoch: 1963 [261920/26000 (38%)]	Loss: 0.023881
Train epoch: 1963 [516880/26000 (77%)]	Loss: 0.021123
Make prediction for 870 samples...
epoch: 1963
AUC: 0.9497510963926169
TPR:  0.8596881959910914
precision:  0.9323671497584541
accuracy:  0.8954022988505748
MCC:  0.7936944018577001
1963
Training on 26000 samples...
Train epoch: 1964 [0/26000 (0%)]	Loss: 0.014806
Train epoch: 1964 [268160/26000 (38%)]	Loss: 0.008968
Train epoch: 1964 [539200/26000 (77%)]	Loss: 0.028186
Make prediction for 870 samples...
epoch: 1964
AUC: 0.95157621317364
TPR:  0.8485523385300668
precision:  0.9315403422982885
accuracy:  0.8896551724137931
MCC:  0.7830388394112505
1964
Training on 26000 samples...
Train epoch: 1965 [0/26000 (0%)]	Loss: 0.020557
Train epoch: 1965 [259480/26000 (38%)]	Loss: 0.015617
Train epoch: 1965 [517280/26000 (77%)]	Loss: 0.022362
Make prediction for 870 samples...
epoch: 1965
AUC: 0.9490210496802078
TPR:  0.8552338530066815
precision:  0.9297820823244553
accuracy:  0.8919540229885058
MCC:  0.786949960008026
1965
Training on 26000 samples...
Train epoch: 1966 [0/26000 (0%)]	Loss: 0.022939
Train epoch: 1966 [259420/26000 (38%)]	Loss: 0.013266
Train epoch: 1966 [532600/26000 (77%)]	Loss: 0.008957
Make prediction for 870 samples...
epoch: 1966
AUC: 0.9472223838670257
TPR:  0.8463251670378619
precision:  0.9359605911330049
accuracy:  0.8908045977011494
MCC:  0.785909423250005
1966
Training on 26000 samples...
Train epoch: 1967 [0/26000 (0%)]	Loss: 0.027614
Train epoch: 1967 [255540/26000 (38%)]	Loss: 0.011690
Train epoch: 1967 [504520/26000 (77%)]	Loss: 0.012373
Make prediction for 870 samples...
epoch: 1967
AUC: 0.9487829909696396
TPR:  0.8596881959910914
precision:  0.9234449760765551
accuracy:  0.8908045977011494
MCC:  0.7838715462243709
1967
Training on 26000 samples...
Train epoch: 1968 [0/26000 (0%)]	Loss: 0.020628
Train epoch: 1968 [270820/26000 (38%)]	Loss: 0.019175
Train epoch: 1968 [504640/26000 (77%)]	Loss: 0.022291
Make prediction for 870 samples...
epoch: 1968
AUC: 0.9487327341307419
TPR:  0.8507795100222717
precision:  0.9432098765432099
accuracy:  0.896551724137931
MCC:  0.7976343799354643
1968
Training on 26000 samples...
Train epoch: 1969 [0/26000 (0%)]	Loss: 0.022277
Train epoch: 1969 [258580/26000 (38%)]	Loss: 0.021037
Train epoch: 1969 [534600/26000 (77%)]	Loss: 0.030358
Make prediction for 870 samples...
epoch: 1969
AUC: 0.9516793719482196
TPR:  0.8530066815144766
precision:  0.9503722084367245
accuracy:  0.9011494252873563
MCC:  0.8072707196522503
1969
Training on 26000 samples...
Train epoch: 1970 [0/26000 (0%)]	Loss: 0.018956
Train epoch: 1970 [262140/26000 (38%)]	Loss: 0.020731
Train epoch: 1970 [523160/26000 (77%)]	Loss: 0.010889
Make prediction for 870 samples...
epoch: 1970
AUC: 0.9494680710367192
TPR:  0.844097995545657
precision:  0.9451371571072319
accuracy:  0.8942528735632184
MCC:  0.7938598721535957
1970
Training on 26000 samples...
Train epoch: 1971 [0/26000 (0%)]	Loss: 0.025793
Train epoch: 1971 [265480/26000 (38%)]	Loss: 0.010690
Train epoch: 1971 [540960/26000 (77%)]	Loss: 0.030250
Make prediction for 870 samples...
epoch: 1971
AUC: 0.9492088515518784
TPR:  0.8329621380846325
precision:  0.9468354430379747
accuracy:  0.8896551724137931
MCC:  0.7860053438535143
1971
Training on 26000 samples...
Train epoch: 1972 [0/26000 (0%)]	Loss: 0.014647
Train epoch: 1972 [256540/26000 (38%)]	Loss: 0.224232
Train epoch: 1972 [506600/26000 (77%)]	Loss: 0.026038
Make prediction for 870 samples...
epoch: 1972
AUC: 0.9480264932893894
TPR:  0.8507795100222717
precision:  0.9478908188585607
accuracy:  0.8988505747126436
MCC:  0.80265813796072
1972
Training on 26000 samples...
Train epoch: 1973 [0/26000 (0%)]	Loss: 0.022181
Train epoch: 1973 [261180/26000 (38%)]	Loss: 0.008881
Train epoch: 1973 [515520/26000 (77%)]	Loss: 0.026684
Make prediction for 870 samples...
epoch: 1973
AUC: 0.9510868702685832
TPR:  0.8596881959910914
precision:  0.9368932038834952
accuracy:  0.8977011494252873
MCC:  0.7986342371509341
1973
Training on 26000 samples...
Train epoch: 1974 [0/26000 (0%)]	Loss: 0.022006
Train epoch: 1974 [268260/26000 (38%)]	Loss: 0.019346
Train epoch: 1974 [491560/26000 (77%)]	Loss: 0.011872
Make prediction for 870 samples...
epoch: 1974
AUC: 0.949751096392617
TPR:  0.8507795100222717
precision:  0.9432098765432099
accuracy:  0.896551724137931
MCC:  0.7976343799354643
1974
Training on 26000 samples...
Train epoch: 1975 [0/26000 (0%)]	Loss: 0.019791
Train epoch: 1975 [261220/26000 (38%)]	Loss: 0.007830
Train epoch: 1975 [498200/26000 (77%)]	Loss: 0.019865
Make prediction for 870 samples...
epoch: 1975
AUC: 0.9499018669093102
TPR:  0.8619153674832962
precision:  0.9439024390243902
accuracy:  0.9022988505747126
MCC:  0.8082011628933017
1975
Training on 26000 samples...
Train epoch: 1976 [0/26000 (0%)]	Loss: 0.022446
Train epoch: 1976 [262440/26000 (38%)]	Loss: 0.012621
Train epoch: 1976 [524480/26000 (77%)]	Loss: 0.018682
Make prediction for 870 samples...
epoch: 1976
AUC: 0.9496161964566283
TPR:  0.8552338530066815
precision:  0.9434889434889435
accuracy:  0.8988505747126436
MCC:  0.8018501264415977
1976
Training on 26000 samples...
Train epoch: 1977 [0/26000 (0%)]	Loss: 0.016915
Train epoch: 1977 [260280/26000 (38%)]	Loss: 0.022232
Train epoch: 1977 [518080/26000 (77%)]	Loss: 0.011891
Make prediction for 870 samples...
epoch: 1977
AUC: 0.9493120103264578
TPR:  0.8530066815144766
precision:  0.9433497536945813
accuracy:  0.8977011494252873
MCC:  0.7997404455598408
1977
Training on 26000 samples...
Train epoch: 1978 [0/26000 (0%)]	Loss: 0.005242
Train epoch: 1978 [253160/26000 (38%)]	Loss: 0.022264
Train epoch: 1978 [506600/26000 (77%)]	Loss: 0.021741
Make prediction for 870 samples...
epoch: 1978
AUC: 0.9494865867142079
TPR:  0.8507795100222717
precision:  0.9362745098039216
accuracy:  0.8931034482758621
MCC:  0.7901365400715863
1978
Training on 26000 samples...
Train epoch: 1979 [0/26000 (0%)]	Loss: 0.016710
Train epoch: 1979 [250640/26000 (38%)]	Loss: 0.024093
/data/zhanghp/anaconda3/envs/RTMscore_n/lib/python3.8/site-packages/torch_geometric/deprecation.py:13: UserWarning: 'data.DataLoader' is deprecated, use 'loader.DataLoader' instead
  warnings.warn(out)
Train epoch: 1979 [511600/26000 (77%)]	Loss: 0.037610
Make prediction for 870 samples...
epoch: 1979
AUC: 0.9455982944415935
TPR:  0.844097995545657
precision:  0.9334975369458128
accuracy:  0.8885057471264368
MCC:  0.7812990824800597
1979
Training on 26000 samples...
Train epoch: 1980 [0/26000 (0%)]	Loss: 0.020886
Train epoch: 1980 [267620/26000 (38%)]	Loss: 0.027210
Train epoch: 1980 [528200/26000 (77%)]	Loss: 0.015533
Make prediction for 870 samples...
epoch: 1980
AUC: 0.9448656026324004
TPR:  0.8485523385300668
precision:  0.943069306930693
accuracy:  0.8954022988505748
MCC:  0.7955318995622573
1980
Training on 26000 samples...
Train epoch: 1981 [0/26000 (0%)]	Loss: 0.016698
Train epoch: 1981 [256540/26000 (38%)]	Loss: 0.027920
Train epoch: 1981 [515120/26000 (77%)]	Loss: 0.024525
Make prediction for 870 samples...
epoch: 1981
AUC: 0.9458284178618095
TPR:  0.8507795100222717
precision:  0.9317073170731708
accuracy:  0.8908045977011494
MCC:  0.7851626631646919
1981
Training on 26000 samples...
Train epoch: 1982 [0/26000 (0%)]	Loss: 0.022092
Train epoch: 1982 [271400/26000 (38%)]	Loss: 0.019106
Train epoch: 1982 [522040/26000 (77%)]	Loss: 0.020256
Make prediction for 870 samples...
epoch: 1982
AUC: 0.9469763898661052
TPR:  0.8641425389755011
precision:  0.9349397590361446
accuracy:  0.8988505747126436
MCC:  0.8004415570019915
1982
Training on 26000 samples...
Train epoch: 1983 [0/26000 (0%)]	Loss: 0.032862
Train epoch: 1983 [266880/26000 (38%)]	Loss: 0.007911
Train epoch: 1983 [538600/26000 (77%)]	Loss: 0.013903
Make prediction for 870 samples...
epoch: 1983
AUC: 0.9475001190293553
TPR:  0.8485523385300668
precision:  0.9454094292803971
accuracy:  0.896551724137931
MCC:  0.7980455562691899
1983
Training on 26000 samples...
Train epoch: 1984 [0/26000 (0%)]	Loss: 0.009846
Train epoch: 1984 [257820/26000 (38%)]	Loss: 0.015304
Train epoch: 1984 [522920/26000 (77%)]	Loss: 0.031148
Make prediction for 870 samples...
epoch: 1984
AUC: 0.9480264932893895
TPR:  0.8374164810690423
precision:  0.9518987341772152
accuracy:  0.8942528735632184
MCC:  0.7952446567959571
1984
Training on 26000 samples...
Train epoch: 1985 [0/26000 (0%)]	Loss: 0.024907
Train epoch: 1985 [249900/26000 (38%)]	Loss: 0.024476
Train epoch: 1985 [518400/26000 (77%)]	Loss: 0.023967
Make prediction for 870 samples...
epoch: 1985
AUC: 0.949290849552185
TPR:  0.8574610244988864
precision:  0.9344660194174758
accuracy:  0.8954022988505748
MCC:  0.7940277094491114
1985
Training on 26000 samples...
Train epoch: 1986 [0/26000 (0%)]	Loss: 0.023535
Train epoch: 1986 [265720/26000 (38%)]	Loss: 0.012177
Train epoch: 1986 [517920/26000 (77%)]	Loss: 0.024385
Make prediction for 870 samples...
epoch: 1986
AUC: 0.9478572070952076
TPR:  0.8485523385300668
precision:  0.9361179361179361
accuracy:  0.8919540229885058
MCC:  0.7880211961072277
1986
Training on 26000 samples...
Train epoch: 1987 [0/26000 (0%)]	Loss: 0.021743
Train epoch: 1987 [258300/26000 (38%)]	Loss: 0.018262
Train epoch: 1987 [515920/26000 (77%)]	Loss: 0.024848
Make prediction for 870 samples...
epoch: 1987
AUC: 0.9426913330758774
TPR:  0.8730512249443207
precision:  0.9180327868852459
accuracy:  0.8942528735632184
MCC:  0.7896401760760022
1987
Training on 26000 samples...
Train epoch: 1988 [0/26000 (0%)]	Loss: 0.024611
Train epoch: 1988 [260460/26000 (38%)]	Loss: 0.023665
Train epoch: 1988 [527000/26000 (77%)]	Loss: 0.014180
Make prediction for 870 samples...
epoch: 1988
AUC: 0.946651042961662
TPR:  0.8641425389755011
precision:  0.9440389294403893
accuracy:  0.903448275862069
MCC:  0.8103256078153263
1988
Training on 26000 samples...
Train epoch: 1989 [0/26000 (0%)]	Loss: 0.020679
Train epoch: 1989 [257980/26000 (38%)]	Loss: 0.019397
Train epoch: 1989 [513120/26000 (77%)]	Loss: 0.017483
Make prediction for 870 samples...
epoch: 1989
AUC: 0.948105846192912
TPR:  0.8663697104677061
precision:  0.9350961538461539
accuracy:  0.9
MCC:  0.8025870521837495
1989
Training on 26000 samples...
Train epoch: 1990 [0/26000 (0%)]	Loss: 0.030978
Train epoch: 1990 [253880/26000 (38%)]	Loss: 0.018031
Train epoch: 1990 [521600/26000 (77%)]	Loss: 0.015533
Make prediction for 870 samples...
epoch: 1990
AUC: 0.9468150389622757
TPR:  0.8374164810690423
precision:  0.9494949494949495
accuracy:  0.8931034482758621
MCC:  0.7926936239555289
1990
Training on 26000 samples...
Train epoch: 1991 [0/26000 (0%)]	Loss: 0.018356
Train epoch: 1991 [261400/26000 (38%)]	Loss: 0.014608
Train epoch: 1991 [512560/26000 (77%)]	Loss: 0.021133
Make prediction for 870 samples...
epoch: 1991
AUC: 0.9472012230927531
TPR:  0.8530066815144766
precision:  0.9387254901960784
accuracy:  0.8954022988505748
MCC:  0.79474551095864
1991
Training on 26000 samples...
Train epoch: 1992 [0/26000 (0%)]	Loss: 0.009784
Train epoch: 1992 [261680/26000 (38%)]	Loss: 0.014688
Train epoch: 1992 [511520/26000 (77%)]	Loss: 0.007959
Make prediction for 870 samples...
epoch: 1992
AUC: 0.9496479376180375
TPR:  0.8619153674832962
precision:  0.9280575539568345
accuracy:  0.8942528735632184
MCC:  0.7909242905936366
1992
Training on 26000 samples...
Train epoch: 1993 [0/26000 (0%)]	Loss: 0.032739
Train epoch: 1993 [258420/26000 (38%)]	Loss: 0.017452
Train epoch: 1993 [504520/26000 (77%)]	Loss: 0.044034
Make prediction for 870 samples...
epoch: 1993
AUC: 0.9415618767490702
TPR:  0.8507795100222717
precision:  0.9432098765432099
accuracy:  0.896551724137931
MCC:  0.7976343799354643
1993
Training on 26000 samples...
Train epoch: 1994 [0/26000 (0%)]	Loss: 0.013288
Train epoch: 1994 [257480/26000 (38%)]	Loss: 0.016159
Train epoch: 1994 [505760/26000 (77%)]	Loss: 0.020066
Make prediction for 870 samples...
epoch: 1994
AUC: 0.9441514265006957
TPR:  0.8374164810690423
precision:  0.9423558897243107
accuracy:  0.8896551724137931
MCC:  0.7850722361827779
1994
Training on 26000 samples...
Train epoch: 1995 [0/26000 (0%)]	Loss: 0.026376
Train epoch: 1995 [258060/26000 (38%)]	Loss: 0.023055
Train epoch: 1995 [504040/26000 (77%)]	Loss: 0.020370
Make prediction for 870 samples...
epoch: 1995
AUC: 0.9455162964412867
TPR:  0.8485523385300668
precision:  0.943069306930693
accuracy:  0.8954022988505748
MCC:  0.7955318995622573
1995
Training on 26000 samples...
Train epoch: 1996 [0/26000 (0%)]	Loss: 0.021391
Train epoch: 1996 [265280/26000 (38%)]	Loss: 0.023357
Train epoch: 1996 [524520/26000 (77%)]	Loss: 0.010363
Make prediction for 870 samples...
epoch: 1996
AUC: 0.948129652063969
TPR:  0.8485523385300668
precision:  0.9407407407407408
accuracy:  0.8942528735632184
MCC:  0.7930233170393957
1996
Training on 26000 samples...
Train epoch: 1997 [0/26000 (0%)]	Loss: 0.018543
Train epoch: 1997 [259980/26000 (38%)]	Loss: 0.018023
Train epoch: 1997 [527600/26000 (77%)]	Loss: 0.012491
Make prediction for 870 samples...
epoch: 1997
AUC: 0.9468917467690142
TPR:  0.8418708240534521
precision:  0.949748743718593
accuracy:  0.8954022988505748
MCC:  0.7968410909278275
1997
Training on 26000 samples...
Train epoch: 1998 [0/26000 (0%)]	Loss: 0.023036
Train epoch: 1998 [266960/26000 (38%)]	Loss: 0.012003
Train epoch: 1998 [501960/26000 (77%)]	Loss: 0.012269
Make prediction for 870 samples...
epoch: 1998
AUC: 0.9475741817393099
TPR:  0.8307349665924276
precision:  0.9443037974683545
accuracy:  0.8873563218390804
MCC:  0.7813856873822927
1998
Training on 26000 samples...
Train epoch: 1999 [0/26000 (0%)]	Loss: 0.019770
Train epoch: 1999 [260300/26000 (38%)]	Loss: 0.015175
Train epoch: 1999 [531840/26000 (77%)]	Loss: 0.018624
Make prediction for 870 samples...
epoch: 1999
AUC: 0.947722307159219
TPR:  0.8374164810690423
precision:  0.9423558897243107
accuracy:  0.8896551724137931
MCC:  0.7850722361827779
1999
Training on 26000 samples...
Train epoch: 2000 [0/26000 (0%)]	Loss: 0.014191
Train epoch: 2000 [252000/26000 (38%)]	Loss: 0.036446
Train epoch: 2000 [512720/26000 (77%)]	Loss: 0.016148
Make prediction for 870 samples...
epoch: 2000
AUC: 0.9472779308994916
TPR:  0.8507795100222717
precision:  0.9432098765432099
accuracy:  0.896551724137931
MCC:  0.7976343799354643
